AcresBurned,Active,AdminUnit,AirTankers,ArchiveYear,CanonicalUrl,ControlStatement,County,CountyIds,CrewsInvolved,Dozers,Engines,Extinguished,Fatalities,Featured,Final,FuelType,Helicopters,Injuries,Latitude,Location,Longitude,MajorIncident,Name,PercentContained,PersonnelInvolved,Public,SearchDescription,Started,StructuresDamaged,StructuresDestroyed,StructuresEvacuated,StructuresThreatened,WaterTenders,resource_intensity,suppression_power,containment_efficiency
257314.0,False,Stanislaus National Forest/Yosemite National Park,2.0,0,/incidents/2013/8/17/rim-fire/,All road closures have been lifted.,55,55,6.0,2.0,11.0,2013-09-06T18:30:00Z,3.0,False,True,Grass,2.0,3.0,37.857,3 miles east of Groveland along Hwy 120,-120.086,False,Rim Fire,100.0,151.5,True,The Rim Fire was east of Groveland along Highway 20.,2013-08-17T15:25:00Z,6.0,7.0,0.0,45.0,4.0,12.625,4.0,0.6557377049180327
30274.0,False,USFS Angeles National Forest/Los Angeles County/CAL FIRE,2.0,0,/incidents/2013/5/30/powerhouse-fire/,All road closures have been lifted.,17,19,6.0,2.0,11.0,2013-06-08T18:30:00Z,3.0,False,True,Grass,2.0,3.0,34.585595,Angeles National Forest,-118.423176,False,Powerhouse Fire,100.0,151.5,True,The Powerhouse Fire burned in May and June 2013 on the Angeles National Forest in Los Angeles County. ,2013-05-30T15:28:00Z,6.0,7.0,0.0,45.0,4.0,12.625,4.0,0.6557377049180327
27531.0,False,CAL FIRE Riverside Unit / San Bernardino National Forest,2.0,0,/incidents/2013/7/15/mountain-fire/,All road closures have been lifted.,32,33,6.0,2.0,11.0,2013-07-30T18:00:00Z,3.0,False,True,Grass,2.0,3.0,33.7095,Hwy 243 & Hwy 74 near Mountain Center,-116.72885,False,Mountain Fire,100.0,151.5,True,The Mountain Fire burned in July 2013 off Highway 243 and Highway 74 near Mountain Center in Riverside County on the San Bernardino National Forest. ,2013-07-15T13:43:00Z,6.0,7.0,0.0,45.0,4.0,12.625,4.0,0.6557377049180327
27440.0,False,Tahoe National Forest,2.0,0,/incidents/2013/8/10/american-fire/,All road closures have been lifted.,30,31,6.0,2.0,11.0,2013-08-30T08:00:00Z,3.0,False,True,Grass,2.0,3.0,39.12,"Deadwood Ridge, northeast of Foresthill",-120.65,False,American Fire,100.0,151.5,True,"The American Fire burned in August 2013 off Deadwood Ridge, northeast of Foresthill on the Tahoe National Forest in Placer County. ",2013-08-10T16:30:00Z,6.0,7.0,0.0,45.0,4.0,12.625,4.0,0.6557377049180327
24251.0,False,Ventura County Fire/CAL FIRE,2.0,0,/incidents/2013/5/2/springs-fire/,All road closures have been lifted.,56,56,47.0,8.0,117.0,2013-05-11T06:30:00Z,3.0,False,True,Grass,11.0,10.0,0.0,"Southbound Highway 101 at Camarillo Springs Road, Camarillo",0.0,True,Springs Fire,100.0,2167.0,True,"The Springs Fire burned in May 2013, Southbound Highway 101 at Camarillo Springs Road, Camarillo, in Ventura County. ",2013-05-02T07:01:00Z,6.0,10.0,0.0,45.0,11.0,18.364406779661017,19.0,0.046125461254612546
22992.0,False,Sierra National Forest,2.0,0,/incidents/2013/7/22/aspen-fire/,All road closures have been lifted.,9,10,6.0,2.0,11.0,2013-09-24T20:15:00Z,3.0,False,True,Grass,2.0,3.0,37.279,Seven miles north of Big Creek,-119.318,False,Aspen Fire,100.0,151.5,True,The Aspen Fire burned in July 2013 seven miles north of Big Creek on the Sierra National Forest in Fresno County.,2013-07-22T22:15:00Z,6.0,7.0,0.0,45.0,4.0,12.625,4.0,0.6557377049180327
20292.0,False,CAL FIRE Riverside Unit / San Bernardino National Forest,2.0,0,/incidents/2013/8/7/silver-fire/,Hwy 243 remains closed between Twin Pines Road and Westley Street in Banning due to road damage.,32,33,63.0,20.0,201.0,2013-08-12T18:00:00Z,3.0,False,True,Grass,20.0,26.0,33.86157,"Poppet Flats Rd near Hwy 243, south of Banning",-116.90427,True,Silver Fire,100.0,2106.0,True,"The Silver Fire burned in August 2013 off Poppet Flats Rd near Hwy 243, south of Banning in Riverside County. ",2013-08-07T14:05:00Z,8.0,40.0,0.0,45.0,20.0,10.425742574257425,40.0,0.04746084480303749
14754.0,False,Klamath National Forest,2.0,0,/incidents/2013/7/31/salmon-river-complex/,All road closures have been lifted.,45,47,6.0,2.0,11.0,2013-08-31T06:45:00Z,3.0,False,True,Grass,2.0,3.0,41.32,"North Fork of the Salmon River, West of Sawyers Bar, Klamath National Forest",-123.176,False,Salmon River Complex,100.0,151.5,True,"The Salmon River Complex burned in July and August 2013 near North Fork of the Salmon River, West of Sawyers Bar, on Klamath National Forest in Siskiyou County. ",2013-07-31T22:00:00Z,6.0,7.0,0.0,45.0,4.0,12.625,4.0,0.6557377049180327
12503.0,False,Six Rivers National Forest,2.0,0,/incidents/2013/8/10/corral-complex/,All road closures have been lifted.,11,12,6.0,2.0,11.0,2013-08-12T12:00:00Z,3.0,False,True,Grass,2.0,3.0,41.035,Tish Tang Ridge east of Hoopa Valley Reservation,-123.488,False,Corral Complex,100.0,151.5,True,The Corral Complex burned in August 2013 off Tish Tang Ridge east of Hoopa Valley Reservation on the Six Rivers National Forest in Humboldt County. ,2013-08-10T11:40:00Z,6.0,7.0,0.0,45.0,4.0,12.625,4.0,0.6557377049180327
11429.0,False,CAL FIRE Tehama-Glenn Unit,2.0,0,/incidents/2013/8/23/deer-fire/,All road closures have been lifted.,52,52,30.0,3.0,36.0,2013-08-29T16:45:00Z,3.0,False,True,Grass,5.0,5.0,40.04263,"Near Deer Creek, 12 miles east of Los Molinos. ",-121.85397,True,Deer Fire,100.0,898.0,True,"The Deer Fire burned in August near Deer Creek, 12 miles east of Los Molinos in Tehama County. ",2013-08-23T14:15:00Z,6.0,7.0,0.0,45.0,8.0,24.27027027027027,8.0,0.11123470522803114
8073.0,False,CAL FIRE Shasta-Trinity Unit,2.0,0,/incidents/2013/9/9/clover-fire/,All road closures have been lifted.,43,45,12.0,3.0,30.0,2013-09-15T07:30:00Z,3.0,False,True,Grass,2.0,6.0,40.498332,"Community of Igo, 10 miles southwest of Redding",-122.535496,True,Clover Fire,100.0,342.0,True,"The Clover Fire burned September 2013 near the community of Igo, 10 miles southwest of Redding, in Shasta County.",2013-09-09T12:32:00Z,10.0,201.0,0.0,45.0,4.0,11.03225806451613,5.0,0.2915451895043732
7055.0,False,CAL FIRE San Diego Unit / Cleveland National Forest,2.0,0,/incidents/2013/7/6/chariot-fire/,All road closures have been lifted.,36,37,56.0,24.0,183.0,2013-07-15T06:15:00Z,3.0,False,True,Grass,9.0,12.0,32.95435,"off Sunrise Hwy, 9 miles southeast of Julian",-116.47381,True,Chariot Fire,100.0,2147.0,True,"Chariot Fire burned in July 2013 off Sunrise Hwy, 9 miles southeast of Julian in San Diego County. ",2013-07-06T12:55:00Z,9.0,149.0,0.0,45.0,24.0,11.668478260869565,33.0,0.04655493482309125
6965.0,False,CAL FIRE Butte Unit,2.0,0,/incidents/2013/5/1/panther-fire/,All road closures have been lifted.,52,52,53.0,22.0,131.0,2013-05-09T09:00:00Z,3.0,False,True,Grass,6.0,6.0,40.190062,"140K3 Line, 8 miles northwest of Butte Meadows",-121.595555,True,Panther Fire,100.0,1811.0,True,"The Panther Fire burned in May 2013, off the 140K3 Line, 8 miles northwest of Butte Meadows in Butte County. ",2013-05-01T09:12:00Z,6.0,7.0,0.0,45.0,40.0,13.719696969696969,28.0,0.05518763796909492
4346.0,False,CAL FIRE / USFS Los Padres National Forest,2.0,0,/incidents/2013/5/15/grand-fire/,All road closures have been lifted.,13,"15,56",29.0,1.0,34.0,2013-05-21T19:45:00Z,3.0,False,True,Grass,1.0,4.0,34.7861,"South of Frazier Mountain Park Rd, South of Frazier Park",-118.9411,True,Grand Fire,100.0,847.0,True,"The Grand Fire burned in May 2013, South of Frazier Mountain Park Rd, South of Frazier Park on the USFS Los Padres National Forest in Kern and Ventura County. ",2013-05-15T12:50:00Z,6.0,7.0,0.0,45.0,12.0,24.2,2.0,0.1179245283018868
4346.0,False,CAL FIRE / USFS Los Padres National Forest,2.0,0,/incidents/2013/5/15/grand-fire/,All road closures have been lifted.,56,"15,56",29.0,1.0,34.0,2013-05-21T19:45:00Z,3.0,False,True,Grass,1.0,4.0,34.7861,"South of Frazier Mountain Park Rd, South of Frazier Park",-118.9411,True,Grand Fire,100.0,847.0,True,"The Grand Fire burned in May 2013, South of Frazier Mountain Park Rd, South of Frazier Park on the USFS Los Padres National Forest in Kern and Ventura County. ",2013-05-15T12:50:00Z,6.0,7.0,0.0,45.0,12.0,24.2,2.0,0.1179245283018868
3505.0,False,CAL FIRE Sonoma-Lake-Napa Unit,2.0,0,/incidents/2013/11/22/mccabe-fire/,All road closures have been lifted.,47,49,8.0,2.0,5.0,2013-11-27T18:15:00Z,3.0,False,True,Grass,2.0,6.0,38.8167,"The Geysers area, 10 miles northeast of Geyserville",-122.8498,True,McCabe Fire,100.0,188.0,True,"The McCabe Fire is burning in The Geysers area, east of Cloverdale, Sonoma County.",2013-11-22T02:04:00Z,6.0,1.0,0.0,45.0,4.0,31.333333333333332,4.0,0.5291005291005291
3166.0,False,CAL FIRE/Riverside County Fire ,2.0,0,/incidents/2013/5/1/summit-fire/,All road closures have been lifted.,32,33,36.0,5.0,62.0,2013-05-04T18:30:00Z,3.0,False,True,Grass,5.0,2.0,34.288877,Mias Canyon and Bluff Road in Banning,-116.941311,True,Summit Fire,100.0,726.0,True,The Summit Fire burned in May 2013 near Mias Canyon and Bluff Road in Banning in Riverside County. ,2013-05-01T12:38:00Z,6.0,1.0,0.0,45.0,7.0,11.523809523809524,10.0,0.1375515818431912
3111.0,False,CAL FIRE Santa-Clara Unit,2.0,0,/incidents/2013/9/8/morgan-fire/,All road closures have been lifted.,6,7,8.0,5.0,3.0,2013-09-14T17:30:00Z,3.0,False,True,Grass,2.0,3.0,37.90757,"off Morgan Territory Road, Southeast of Clayton",-121.882582,True,Morgan Fire,100.0,231.0,True,"The Morgan Fire burned September 2013 off of Morgan Territory Road, southeast of Clayton, in Contra Costa County.",2013-09-08T13:08:00Z,6.0,7.0,0.0,45.0,4.0,57.75,7.0,0.43103448275862066
2781.0,False,CAL FIRE San Diego Unit,25.0,0,/incidents/2013/5/23/san-felipe-fire/,All road closures have been lifted.,36,37,33.0,25.0,73.0,2013-05-26T17:45:00Z,3.0,False,True,Grass,25.0,5.0,33.12111,"San Felipe Road, north of Highway 78, East of Julian",-116.52579,True,San Felipe Fire,100.0,911.0,True,"The San Felipe Fire burned in May 2013, off San Felipe Road, north of Highway 78, East of Julian in San Diego County. ",2013-05-23T12:20:00Z,6.0,7.0,0.0,45.0,26.0,12.31081081081081,50.0,0.10964912280701754
2462.0,False,CAL FIRE Butte Unit,2.0,0,/incidents/2013/8/16/swedes-fire/,All road closures have been lifted.,3,4,33.0,28.0,95.0,2013-08-22T18:00:00Z,3.0,False,True,Grass,20.0,5.0,39.446268,southeast of Oroville,-121.38236,True,Swedes Fire,100.0,1484.0,True,The Swedes Fire burned in August 2013 southeast of Oroville in Butte County. ,2013-08-16T16:37:00Z,6.0,7.0,0.0,45.0,25.0,15.458333333333334,48.0,0.06734006734006734
2236.0,False,Camp Pendleton Marine Corps Base,2.0,0,/incidents/2013/10/5/deluz-fire/,All road closures have been lifted.,36,37,6.0,2.0,11.0,2013-10-09T19:00:00Z,3.0,False,True,Grass,2.0,3.0,33.341,"On Camp Pendleton, west of Fallbrook",-117.3092,False,DeLuz Fire,100.0,151.5,True,"The DeLuz Fire burned 2,236 acres in October 2013 on Camp Pendleton Marine Corps Base, east of Fallbrook in San Diego County,",2013-10-05T12:45:00Z,6.0,7.0,0.0,45.0,4.0,12.625,4.0,0.6557377049180327
2060.0,False,Sequoia National Forest,2.0,0,/incidents/2013/8/24/fish-fire/,All road closures have been lifted.,54,54,6.0,2.0,11.0,2013-09-24T20:15:00Z,3.0,False,True,Grass,2.0,3.0,36.208,Golden Trout Wilderness on the Sequoia National Forest.,-118.444,False,Fish Fire,100.0,151.5,True,The Fish Fire burned August 2013 in the Golden Trout Wilderness on the Sequoia National Forest in Tulare County.,2013-08-24T14:31:00Z,6.0,7.0,0.0,45.0,4.0,12.625,4.0,0.6557377049180327
1984.0,False,USFS Los Padres National Forest,2.0,0,/incidents/2013/5/27/white-fire/,All road closures have been lifted.,40,42,6.0,2.0,11.0,2013-05-30T19:30:00Z,3.0,False,True,Grass,2.0,3.0,34.55048,"Southeast of Lake Cachuma, approx. 12 miles southeast of Santa Ynez",-119.82429,False,White Fire,100.0,151.5,True,"The White Fire burned in May 2013, Southeast of Lake Cachuma, approx. 12 miles southeast of Santa Ynez on the Los Padres National Forest in Santa Barbara County. ",2013-05-27T14:45:00Z,6.0,7.0,0.0,45.0,4.0,12.625,4.0,0.6557377049180327
1708.0,False,CAL FIRE Madera-Mariposa-Merced Unit / Sierra National Forest ,2.0,0,/incidents/2013/6/16/carstens-fire/,All road closures have been lifted.,20,22,2.0,2.0,11.0,2013-06-26T11:15:00Z,3.0,False,True,Grass,2.0,1.0,37.58202,"Off Carstens Road, east of 140 in the Midpines area.",-119.91071,True,Carstens Fire,100.0,112.0,True,"The Carstens Fire started in June 2013 off Carstens Road, east of 140 in the Midpines area in Mariposa County.",2013-06-16T14:12:00Z,6.0,7.0,0.0,45.0,4.0,9.333333333333334,4.0,0.8849557522123894
1383.0,False,Cleveland National Forest / CAL FIRE Riverside Unit,2.0,0,/incidents/2013/8/5/falls-fire/,All road closures have been lifted.,32,"33,",6.0,2.0,11.0,2013-08-09T18:45:00Z,3.0,False,True,Grass,2.0,3.0,33.62236,"Ortega Highway, west of Lake Elsinoire",-117.40288,False,Falls Fire,100.0,151.5,True,"The Falls Fire burned in August 2013 near Oretga Highway, west of Lake Elsinoire on the Cleveland National Forest in Riverisde County. ",2013-08-05T10:10:00Z,6.0,7.0,0.0,45.0,4.0,12.625,4.0,0.6557377049180327
1271.0,False,CAL FIRE San Diego Unit,27.0,0,/incidents/2013/5/26/general-fire/,All road closures have been lifted.,36,37,54.0,27.0,42.0,2013-05-31T06:15:00Z,3.0,False,True,Grass,27.0,6.0,33.04458,"Banner Grade area, south of Hwy 78 & east of Hwy 79, southeast of Julian",-116.5209,True,General Fire,100.0,1217.0,True,"The General Fire burned in May 2013, in the Banner Grade area south of Highway 78 and east of Highway 79, in San Diego County.",2013-05-26T12:04:00Z,6.0,7.0,0.0,45.0,27.0,28.302325581395348,54.0,0.08210180623973727
1070.0,False,Stanislaus National Forest,2.0,0,/incidents/2013/8/5/power-fire/,All road closures have been lifted.,55,55,6.0,2.0,11.0,2013-08-14T08:30:00Z,3.0,False,True,Grass,2.0,3.0,38.25108,"Near Beardsley Lake, northeast of Sonora",-120.02778,False,Power Fire,100.0,151.5,True,"The Power Fire burned in August 2013 near Beardsley Lake, northeast of Sonora on the Stanislaus National Forest in Tuolumne County. ",2013-08-05T06:00:00Z,6.0,7.0,0.0,45.0,4.0,12.625,4.0,0.6557377049180327
917.0,False,Los Padres National Forest / CAL FIRE San Benito-Monterey Unit,2.0,0,/incidents/2013/12/16/pfeiffer-fire/,All road closures have been lifted.,26,27,6.0,2.0,11.0,2013-12-20T20:00:00Z,3.0,False,True,Grass,2.0,3.0,0.0,Pfeiffer Ridge Road and Highway 1 near Big Sur,0.0,False,Pfeiffer Fire,100.0,151.5,True,The Pfeiffer Fire off Pfeiffer Ridge Road and Highway 1 near Big Sur was 917 acres.,2013-12-16T00:20:00Z,6.0,7.0,0.0,45.0,4.0,12.625,4.0,0.6557377049180327
794.0,False,Sequoia National Forest,2.0,0,/incidents/2013/8/18/shirley-fire/,All road closures have been lifted.,13,15,6.0,2.0,11.0,2013-08-24T13:45:00Z,3.0,False,True,Grass,2.0,3.0,35.707,Lower Kern River Canyon area off Highway 178,-118.588,False,Shirley Fire,100.0,151.5,True,The Shirley Fire burned in August 2013 off Lower Kern River Canyon area off Highway 178 on Sequoia National Forest in Kern County. ,2013-08-18T23:12:00Z,6.0,7.0,0.0,45.0,4.0,12.625,4.0,0.6557377049180327
712.0,False,CAL FIRE / Kern County Fire / State Parks / US Forest Service,2.0,0,/incidents/2013/7/19/rancho-fire/,Oak Knolls Road,13,15,20.0,20.0,37.0,2013-07-22T18:45:00Z,3.0,False,True,Grass,20.0,5.0,34.882,West side of Interstate 5 in Lebec (Kern County),-118.9194,True,Rancho Fire,100.0,502.0,True,"The Rancho Fire burned July 2013 west of I-5 in Lebec, in Kern County.",2013-07-19T12:00:00Z,6.0,7.0,0.0,45.0,20.0,13.210526315789474,40.0,0.1988071570576541
712.0,False,CAL FIRE/Los Angeles County ,2.0,0,/incidents/2013/5/17/lake-fire/,All road closures have been lifted.,17,19,6.0,2.0,11.0,2013-05-18T19:00:00Z,3.0,False,True,Grass,2.0,3.0,34.49149,I-5 Southbound at Lake Hughes Road,-118.610044,False,Lake Fire,100.0,151.5,True,"The Lake Fire burned in May 2013 off I-5 Southbound at Lake Hughes Road, in Los Angeles County. ",2013-05-17T13:23:00Z,6.0,7.0,0.0,45.0,4.0,12.625,4.0,0.6557377049180327
612.0,False,Kern County Fire,2.0,0,/incidents/2013/7/23/water-fire/,All road closures have been lifted.,13,15,6.0,2.0,11.0,2013-07-25T18:30:00Z,3.0,False,True,Grass,2.0,3.0,34.90327,West side of Interstate 5 at Tejon Ranch,-118.93388,False,Water Fire,100.0,151.5,True,The Water Fire burned in July 2013 on the west side of Interstate 5 at Tejon Ranch in Kern County. ,2013-07-23T09:15:00Z,6.0,7.0,0.0,45.0,4.0,12.625,4.0,0.6557377049180327
572.0,False,Eldorado National Forest,2.0,0,/incidents/2013/7/8/kyburz-fire/,All road closures have been lifted.,8,9,6.0,2.0,11.0,2013-07-11T18:30:00Z,3.0,False,True,Grass,2.0,3.0,38.774,"Off Hwy 50 at 30 Mile Tract, Kyburz",-120.298,False,Kyburz Fire,100.0,151.5,True,The Kyburz Fire burned in July 2013 off Highway 50 at 30 Mile Tract in Kyburz on the El Dorado National Forest. ,2013-07-08T12:45:00Z,6.0,7.0,0.0,45.0,4.0,12.625,4.0,0.6557377049180327
534.0,False,CAL FIRE San Bernardino Unit/ City of Redlands/San Bernardino Sheriff,2.0,0,/incidents/2013/6/28/mills-fire/,All road closures have been lifted.,35,36,29.0,29.0,29.0,2013-07-01T06:00:00Z,3.0,False,True,Grass,29.0,3.0,34.071556,"south of Highway 38 & Bryant Street, northwest of Yucaipa ",-117.048397,True,Mills Fire,100.0,282.0,True,"The Mills Fire burned in June and July 2013 south og Highway 38 and Bryant Street, northwest of Yucaipa in San Bernardino County. ",2013-06-28T14:30:00Z,1.0,0.0,0.0,45.0,29.0,9.4,58.0,0.35335689045936397
513.0,False,Plumas National Forest,2.0,0,/incidents/2013/8/18/plumas-lightning-complex-hough/,All road closures have been lifted.,31,32,6.0,2.0,11.0,2013-08-25T13:15:00Z,3.0,False,True,Grass,2.0,3.0,40.00842,Keddie Ridge/North Arm areas of Indian Valley near Taylorsville,-120.764666,False,Plumas Lightning Complex (Hough),100.0,151.5,True,The Plumas Lightning Complex burned in August 2013 in the Keddie Ridge/North Arm areas of Indian Valley near Taylorsville on the Plumas National Forest in Plumas County. ,2013-08-18T18:30:00Z,6.0,7.0,0.0,45.0,4.0,12.625,4.0,0.6557377049180327
510.0,False,CAL FIRE/Riverside County Fire,2.0,0,/incidents/2013/5/4/gorgonio-fire/,All road closures have been lifted.,32,33,6.0,2.0,11.0,2013-05-05T18:45:00Z,3.0,False,True,Grass,2.0,3.0,33.894055,"Highway 243, south of Banning and north of Pine Cove",-116.855019,False,Gorgonio Fire,100.0,151.5,True,"The Gorgonio Fire burned in May 2013 off Highway 243, south of Banning and north of Pine Cove, in Riverside County. ",2013-05-04T11:43:00Z,6.0,7.0,0.0,45.0,4.0,12.625,4.0,0.6557377049180327
502.0,False,CAL FIRE Lassen-Modoc Unit,2.0,0,/incidents/2013/7/3/fox-fire-formally-3-7-fire/,All road closures have been lifted.,24,25,6.0,2.0,11.0,2013-07-05T18:30:00Z,3.0,False,True,Grass,2.0,3.0,41.2415,5 miles northwest of Aiden,-121.035,False,Fox Fire (formally 3-7 Fire),100.0,151.5,True,The Fox Fire (formerly known as 3-7 Fire) burned in July 2013 5 miles northwest of Aiden in Modoc County. ,2013-07-03T22:56:00Z,6.0,7.0,0.0,45.0,4.0,12.625,4.0,0.6557377049180327
500.0,False,Los Padres National Forest,2.0,0,/incidents/2013/6/1/branch-fire/,All road closures have been lifted.,38,40,6.0,2.0,11.0,2013-06-03T18:30:00Z,3.0,False,True,Grass,2.0,3.0,35.15832,"west of the Carrizo Plain, Los Padres National Forest",-120.05131,False,Branch Fire,100.0,151.5,True,The Branch Fire burned in June 2013 west of the Carrizo Plain on the Los Padres National Forest in San Luis Obispo County. ,2013-06-01T17:27:00Z,6.0,7.0,0.0,45.0,4.0,12.625,4.0,0.6557377049180327
492.0,False,CAL FIRE Santa Clara Unit,2.0,0,/incidents/2013/7/1/kirker-fire/,All road closures have been lifted.,6,7,6.0,2.0,11.0,2013-07-01T18:40:00Z,3.0,False,True,Grass,2.0,3.0,37.96866,Kirker Pass Road south of Pittsburg,-121.91453,False,Kirker Fire,100.0,151.5,True,The Kirker Fire burned in July 2013 off Kirker Pass Road south of Pittsburg in Contra Costa County. ,2013-07-01T13:19:00Z,6.0,7.0,0.0,45.0,4.0,12.625,4.0,0.6557377049180327
482.0,False,CAL FIRE Madera-Mariposa-Merced Unit,2.0,0,/incidents/2013/6/16/rolling-fire/,All road closures have been lifted.,18,20,6.0,2.0,11.0,2013-06-18T19:30:00Z,3.0,False,True,Grass,2.0,3.0,37.015575,"off Hwy 41 & Road 145, northwest of Friant ",-119.78106,True,Rolling Fire,100.0,151.5,True,"The Rolling Fire burned June 2013 off Highway 41 and Road 145, northwest of Friant, in Madera County. ",2013-06-16T18:17:00Z,6.0,1.0,0.0,45.0,4.0,12.625,4.0,0.6557377049180327
413.0,False,San Bernardino National Forest,2.0,0,/incidents/2013/8/20/gobblers-fire/,All road closures have been lifted.,35,36,6.0,2.0,11.0,2013-08-20T13:32:00Z,3.0,False,True,Grass,2.0,3.0,34.302,upper end of Lytle Creek,-117.598,False,Gobblers Fire,100.0,151.5,True,"The Gobblers Fire burned in August 2013, on the upper end of Lytle Creek on the San Bernardino National Forest in San Bernardino County. ",2013-08-20T13:32:00Z,6.0,7.0,0.0,45.0,4.0,12.625,4.0,0.6557377049180327
406.0,False,CAL FIRE San Bernardino Unit,2.0,0,/incidents/2013/2/24/river-fire/,All road closures have been lifted.,12,14,25.0,25.0,25.0,2013-02-28T20:00:00Z,3.0,False,True,Grass,2.0,2.0,36.602575,"south of Narrow Gauge Rd & north of Hwy 136, east of Lone Pine",-118.01651,True,River Fire,100.0,476.0,True,"The River Fire burned in February 2013, south of Narrow Gauge Rd & north of Highway 136, east of Lone Pine in Inyo County. ",2013-02-24T08:16:00Z,6.0,0.0,0.0,0.0,25.0,18.307692307692307,27.0,0.20964360587002095
376.0,False,CAL FIRE Sonoma-Lake-Napa Unit,2.0,0,/incidents/2013/10/3/putah-fire/,All road closures have been lifted.,27,28,6.0,2.0,1.0,2013-10-04T16:55:00Z,3.0,False,True,Grass,2.0,3.0,38.628,off Berryessa Knoxville Rd near Lake Berryessa,-122.289,True,Putah Fire,100.0,4.0,True,The Putah Fire burned October 2013 off Berryessa Knoxville Rd near Lake Berryessa in Napa County.,2013-10-03T20:33:00Z,6.0,7.0,0.0,45.0,4.0,2.0,4.0,20.0
354.0,False,CAL FIRE San Benito-Monterey ,2.0,0,/incidents/2013/5/3/tres-pinos-fire/,All road closures have been lifted.,34,35,6.0,2.0,11.0,2013-05-03T18:45:00Z,3.0,False,True,Grass,2.0,3.0,37.160346,"Highway 25 and Horizon Rd, Community of Tres ",-120.937494,False,Tres Pinos Fire,100.0,151.5,True,"The Tres Pinos Fire burned in May 2013, off Highway 25 and Horizon Road, near the community of Tres in San Benito County. ",2013-05-03T11:42:00Z,6.0,7.0,0.0,45.0,4.0,12.625,4.0,0.6557377049180327
311.0,False,CAL FIRE / Riverside County Fire,2.0,0,/incidents/2013/2/28/jurupa-fire/,All road closures have been lifted.,32,33,6.0,2.0,11.0,2013-03-02T19:00:00Z,3.0,False,True,Grass,2.0,3.0,0.0,"Rio Rancho Rd & Calle Hermosa, Jurupa Valley",0.0,False,Jurupa Fire,100.0,151.5,True,"The Jurupa Fire burned in March 2013 off Rio Rancho Rd & Calle Hermosa, Jurupa Valley in Riverside County. ",2013-02-28T16:43:00Z,6.0,7.0,0.0,45.0,4.0,12.625,4.0,0.6557377049180327
305.0,False,CAL FIRE Butte Unit,2.0,0,/incidents/2013/10/4/summit-fire/,All road closures have been lifted.,3,4,4.0,1.0,15.0,2013-10-05T22:00:00Z,3.0,False,True,Grass,1.0,3.0,39.439,off District Center Dr & Fortune Way in Palermo,-121.497,True,Summit Fire,100.0,259.0,True,The Summit Fire burned October 2013 off District Center Drive and Fortune Way in Palermo in Butte County.,2013-10-04T17:37:00Z,6.0,4.0,0.0,45.0,3.0,16.1875,2.0,0.38461538461538464
303.0,False,CAL FIRE Tuolumne-Calaveras Unit ,2.0,0,/incidents/2013/5/30/shelton-fire/,All road closures have been lifted.,37,39,6.0,2.0,11.0,2013-05-30T13:25:00Z,3.0,False,True,Grass,2.0,3.0,38.04993,off North Shelton Rd in the Linden Peters area,-120.90325,False,Shelton Fire,100.0,151.5,True,The Shelton Fire burned in May 2013 off North Shelton Road in the Linden Peters area in San Joaquin County.,2013-05-30T11:20:00Z,6.0,7.0,0.0,45.0,4.0,12.625,4.0,0.6557377049180327
298.0,False,CAL FIRE Butte Unit,4.0,0,/incidents/2013/6/3/lone-fire/,All road closures have been lifted.,3,4,3.0,3.0,26.0,2013-06-03T20:00:00Z,3.0,False,True,Grass,2.0,3.0,39.434183,Palermo Road and Lone Tree Road near Palermo,-121.576804,True,Lone Fire,100.0,151.5,True,The Lone Fire burned in June 2013 off Palermo Road and Lone Tree Road near Palermo in Butte County. ,2013-06-03T13:49:00Z,6.0,9.0,0.0,45.0,4.0,5.611111111111111,5.0,0.6557377049180327
296.0,False,CAL FIRE Sonoma-Lake-Napa Unit,2.0,0,/incidents/2013/1/22/becks-fire/,All road closures have been lifted.,15,17,6.0,2.0,11.0,2013-01-23T10:15:00Z,3.0,False,True,Grass,2.0,3.0,0.0,"North of Highway 29, southeast of Kelseyville",0.0,False,Becks Fire,100.0,151.5,True,"The Beck Fire burned in January 2013, North of Highway 29, southeast of Kelseyville in Lake County. 
",2013-01-22T11:08:00Z,6.0,7.0,0.0,45.0,4.0,12.625,4.0,0.6557377049180327
274.0,False,CAL FIRE Santa Clara Unit,2.0,0,/incidents/2013/7/1/concord-fire/,All road closures have been lifted.,6,7,6.0,2.0,11.0,2013-07-01T18:30:00Z,3.0,False,True,Grass,2.0,3.0,39.90465,off Concord Ave & Vineyard Parkway in Brentwood,-121.74367,False,Concord Fire,100.0,151.5,True,The Concord Fire burned in July 2013 off Concord Ave and Vineyard Parkway in Brentwood in Contra Costa County. ,2013-07-01T15:41:00Z,6.0,7.0,0.0,45.0,4.0,12.625,4.0,0.6557377049180327
274.0,False,CAL FIRE Madera-Mariposa-Merced Unit,2.0,0,/incidents/2013/4/30/gold-fire/,All road closures have been lifted.,18,20,6.0,2.0,11.0,2013-05-01T07:00:00Z,3.0,False,True,Grass,2.0,3.0,37.116295,Between Road 210 and Road 200 near Fine Gold Creek in the community of O,-119.635004,False,Gold Fire,100.0,151.5,True,"The Gold Fire burned in April 2013 and May 2013, between Road 210 and Road 200 near Fine Gold Creek in the community of O, in Madera County. ",2013-04-30T12:59:00Z,6.0,7.0,0.0,45.0,4.0,12.625,4.0,0.6557377049180327
268.0,False,Angeles National Forest/Los Angeles County Fire,2.0,0,/incidents/2013/9/23/madre-fire/,All road closures have been lifted.,17,19,6.0,2.0,11.0,2013-09-28T08:00:00Z,3.0,False,True,Grass,2.0,3.0,34.149,San Gabriel Canyon 1/4 mile west of the entrance station,-117.908,False,Madre Fire,100.0,151.5,True,The Madre Fire burned September 2013 in the San Gabriel Canyon in Los Angeles County.,2013-09-23T18:00:00Z,6.0,7.0,0.0,45.0,4.0,12.625,4.0,0.6557377049180327
263.0,False,CAL FIRE San Diego Unit / Cleveland National Forest,2.0,0,/incidents/2013/9/9/lyon-fire/,All road closures have been lifted.,36,37,4.0,2.0,15.0,2013-09-12T18:15:00Z,3.0,False,True,Grass,1.0,2.0,32.710918,"Four Corners, Lyons Valley Road, east of Lyons Peak",-116.746023,True,Lyon Fire,100.0,294.0,True,"The Lyon Fire burned September 2013 off of Lyons Valley Road in the Four Corners area near Lyons Peak, in San Diego County.",2013-09-09T13:09:00Z,6.0,7.0,0.0,176.0,4.0,18.375,3.0,0.3389830508474576
243.0,False,Angeles National Forest,2.0,0,/incidents/2013/8/8/sharp-fire/,All road closures have been lifted.,35,36,6.0,2.0,11.0,2013-08-13T23:45:00Z,3.0,False,True,Grass,2.0,3.0,34.35,Sheep canyon just south of Wrightwood,-117.62,False,Sharp Fire,100.0,151.5,True,The Sharp Fire burned in August 2013 near Sheep Canyon just south of Wrightwood on the Angeles National Forest in San Bernardino County. ,2013-08-08T12:15:00Z,6.0,7.0,0.0,45.0,4.0,12.625,4.0,0.6557377049180327
240.0,False,CAL FIRE Santa Clara Unit,2.0,0,/incidents/2013/6/8/vasco-fire/,All road closures have been lifted.,0,1,6.0,2.0,11.0,2013-06-08T13:25:00Z,3.0,False,True,Grass,2.0,3.0,37.775057,"off Vasco Road & North Vasco Road, north of Livermore",-121.737213,False,Vasco Fire,100.0,151.5,True,"The Vasco Fire burned in June 2013 off Vasco Road and North Vasco Road, north of Livermore in Alameda County. ",2013-06-08T10:16:00Z,6.0,7.0,0.0,45.0,4.0,12.625,4.0,0.6557377049180327
237.0,False,CAL FIRE/Placer County Fire,2.0,0,/incidents/2013/6/13/pfe-fire/,All road closures have been lifted.,30,31,6.0,2.0,11.0,2013-06-13T14:15:00Z,3.0,False,True,Grass,2.0,3.0,38.729297,"PFE Road and Watt Avenue, West Roseville",-121.380862,False,PFE Fire,100.0,151.5,True,The PFE Fire burned in June 2013 off PFE Road and Watt Avenue in West Roseville in Placer County. ,2013-06-13T11:28:00Z,6.0,7.0,0.0,45.0,4.0,12.625,4.0,0.6557377049180327
226.0,False,Mendocino National Forest,2.0,0,/incidents/2013/6/12/daves-fire/,All road closures have been lifted.,10,11,6.0,2.0,11.0,2013-06-17T09:00:00Z,3.0,False,True,Grass,2.0,3.0,0.0,15 miles northwest of Elk Creek off County Road 306,0.0,False,Daves Fire,100.0,151.5,True,"The Daves Fires burned in June 2013, 15 miles northwest of Elk Creek off County Road 306, in Glenn County.",2013-06-12T15:17:00Z,6.0,7.0,0.0,45.0,4.0,12.625,4.0,0.6557377049180327
217.0,False,CAL FIRE Tehama-Glenn Unit,2.0,0,/incidents/2013/5/1/306-fire/,All road closures have been lifted.,10,11,11.0,5.0,6.0,2013-05-05T18:00:00Z,3.0,False,True,Grass,5.0,3.0,39.514139,2 miles south of the community of Elk Creek,-122.560862,True,306 Fire,100.0,221.0,True,"The 306 Fire burned in May 2013, 2 miles south of the community of Elk Creek in Glenn County.",2013-05-01T19:00:00Z,6.0,7.0,0.0,45.0,5.0,31.571428571428573,10.0,0.45045045045045046
213.0,False,Los Padres National Forest,2.0,0,/incidents/2013/7/17/tassajara-fire/,All road closures have been lifted.,26,27,6.0,2.0,11.0,2013-07-17T19:30:00Z,3.0,False,True,Grass,2.0,3.0,0.0,"Tassajara Hot Springs, near the Zen Center",0.0,False,Tassajara Fire,100.0,151.5,True,The Tassajara Fire burned in July 2013 near the Tassajara Hot Springs and the Zen Center in Monterey County on the Los Padres National Forest. ,2013-07-17T13:23:00Z,6.0,7.0,0.0,45.0,4.0,12.625,4.0,0.6557377049180327
200.0,False,San Bernardino National Forest/CAL FIRE San Bernardino Unit,2.0,0,/incidents/2013/9/24/sierra-fire/,All road closures have been lifted.,35,36,6.0,2.0,11.0,2013-09-30T08:30:00Z,3.0,False,True,Grass,2.0,3.0,34.2,in the Cajon Pass west of I-15 near Glen Helen Road,-117.417,False,Sierra Fire,100.0,151.5,True,The Sierra Fire burned September 2013 in the Cajon Passon west of I-15 near Glen Helen Road in San Bernardino County.,2013-09-24T15:51:00Z,6.0,7.0,0.0,45.0,4.0,12.625,4.0,0.6557377049180327
200.0,False,CAL FIRE Tehama-Glenn Unit,2.0,0,/incidents/2013/7/4/vina-fire/,All road closures have been lifted.,52,52,6.0,2.0,11.0,2013-07-04T10:30:00Z,3.0,False,True,Grass,2.0,3.0,40.012398,"Tehama-Vina Rd and Sherman Rd, Los Molinos",-122.079871,False,Vina Fire,100.0,151.5,True,"The Vina Fire burned in July 2013 off Tehama-Vina Road and Sherman Road, Los Molinos in Tehama County. ",2013-07-04T07:30:00Z,6.0,7.0,0.0,45.0,4.0,12.625,4.0,0.6557377049180327
196.0,False,CAL FIRE Shasta Unit ,2.0,0,/incidents/2013/8/19/burney-lightning-series-warner-fire/,All road closures have been lifted.,43,45,24.0,24.0,31.0,2013-08-23T19:15:00Z,3.0,False,True,Grass,24.0,3.0,40.5445,Fall River Mills and McAruther area,-121.3754,True,Burney Lightning Series (Warner Fire),100.0,347.0,True,Burney Lightning Series(Warner Fire)burned in August 2013 near Fall River Mills and McAruther area in Shasta County. ,2013-08-19T17:48:00Z,6.0,7.0,0.0,45.0,24.0,10.84375,48.0,0.28735632183908044
195.0,False,CAL FIRE Tehama-Glenn Unit,2.0,0,/incidents/2013/7/19/paskenta-fire/,All road closures have been lifted.,52,52,6.0,2.0,11.0,2013-07-19T15:00:00Z,3.0,False,True,Grass,2.0,3.0,39.961309,West of Corning,-122.330879,False,Paskenta Fire,100.0,151.5,True,The Paskenta Fire burned in July 2013 west of Corning in Tehama County. ,2013-07-19T13:32:00Z,6.0,7.0,0.0,45.0,4.0,12.625,4.0,0.6557377049180327
190.0,False,CAL FIRE Sonoma-Lake-Napa Unit,2.0,0,/incidents/2013/11/21/silverado-fire/,All road closures have been lifted.,27,28,6.0,2.0,15.0,2013-11-23T18:30:00Z,3.0,False,True,Grass,2.0,3.0,38.382,Off Silverado Trail in the Soda Canyon area near Napa,-122.311,True,Silverado Fire,100.0,150.0,True,The Silverado Fire is burning in the Silverado Trail area near Napa (Napa County).,2013-11-21T21:39:00Z,6.0,1.0,0.0,45.0,3.0,9.375,4.0,0.6622516556291391
170.0,False,Santa Barbara County Fire,2.0,0,/incidents/2013/5/28/olive-fire/,All road closures have been lifted.,40,42,6.0,2.0,11.0,2013-05-29T10:30:00Z,3.0,False,True,Grass,2.0,3.0,34.611824,"Hwy 246 and Meadowvale, East of Solvang ",-120.074655,False,Olive Fire,100.0,151.5,True,"The Olive Fire burned in May 2013 off Highway 246 and Meadowvale, East of Solvang in Santa Barbara County. ",2013-05-28T15:24:00Z,6.0,7.0,0.0,45.0,4.0,12.625,4.0,0.6557377049180327
163.0,False,CAL FIRE Sonoma-Lake-Napa Unit,2.0,0,/incidents/2013/11/4/capay-fire/,All road closures have been lifted.,57,57,6.0,2.0,11.0,2013-11-04T15:35:00Z,3.0,False,True,Grass,2.0,3.0,38.67479,"Off County Road 23 & County Road 81, Southwest of Esparto",-122.08725,False,Capay Fire,100.0,151.5,True,"The Capay Fire off County Road 23 & County Road 81, Southwest of Esparto was 163 acres.",2013-11-04T11:41:00Z,6.0,7.0,0.0,45.0,4.0,12.625,4.0,0.6557377049180327
163.0,False,CAL FIRE / Sacramento Metropolitan Fire,2.0,0,/incidents/2013/7/19/50-fire/,All road closures have been lifted.,8,"9,34",6.0,2.0,11.0,2013-07-19T17:15:00Z,3.0,False,True,Grass,2.0,3.0,38.63987,South of Hwy 50 at the El Dorado and Sacramento County line,-121.08438,False,50 Fire,100.0,151.5,True,The 50 Fire burned in July 2013 South of Highway 50 at the El Dorado and Sacramento County Line. ,2013-07-19T14:12:00Z,6.0,7.0,0.0,45.0,4.0,12.625,4.0,0.6557377049180327
163.0,False,CAL FIRE / Sacramento Metropolitan Fire,2.0,0,/incidents/2013/7/19/50-fire/,All road closures have been lifted.,33,"9,34",6.0,2.0,11.0,2013-07-19T17:15:00Z,3.0,False,True,Grass,2.0,3.0,38.63987,South of Hwy 50 at the El Dorado and Sacramento County line,-121.08438,False,50 Fire,100.0,151.5,True,The 50 Fire burned in July 2013 South of Highway 50 at the El Dorado and Sacramento County Line. ,2013-07-19T14:12:00Z,6.0,7.0,0.0,45.0,4.0,12.625,4.0,0.6557377049180327
159.0,False,CAL FIRE Sonoma-Lake-Napa Unit,2.0,0,/incidents/2013/10/4/crane-fire/,All road closures have been lifted.,47,49,6.0,2.0,11.0,2013-10-05T07:45:00Z,3.0,False,True,Grass,2.0,3.0,38.34599,"near Crane Creek Regional Park off Pressley Rd, east of Rohnert Park ",-122.6503,False,Crane Fire,100.0,151.5,True,"The Crane Fire burned October 2013 near Crane Creek Regional Park off Pressley Rd, east of Rohnert Park in Sonoma County.",2013-10-04T12:25:00Z,6.0,7.0,0.0,45.0,4.0,12.625,4.0,0.6557377049180327
158.0,False,CAL FIRE Sonoma-Lake-Napa Unit,2.0,0,/incidents/2013/7/26/lakeville-fire/,All road closures have been lifted.,47,49,6.0,2.0,11.0,2013-07-26T17:45:00Z,3.0,False,True,Grass,2.0,3.0,38.17693,"Off Lakeville Hwy, 6 miles SE of Petaluma",-122.51253,False,Lakeville Fire,100.0,151.5,True,"The Lakeville Fire burned in July 2013 off Lakeville Highway, 6 miles southeast of Petaluma in Sonoma County. ",2013-07-26T13:45:00Z,6.0,7.0,0.0,45.0,4.0,12.625,4.0,0.6557377049180327
150.0,False,CAL FIRE Santa Clara Unit,2.0,0,/incidents/2013/10/4/highland-fire/,All road closures have been lifted.,0,1,6.0,2.0,11.0,2013-10-04T10:30:00Z,3.0,False,True,Grass,2.0,3.0,0.0,"Highland Road, Livermore",0.0,False,Highland Fire,100.0,151.5,True,THe Highland Fire burned October 2013 off Highland Road in Livermore in Alameda County.,2013-10-04T07:35:00Z,6.0,7.0,0.0,45.0,4.0,12.625,4.0,0.6557377049180327
150.0,False,CAL FIRE / Riverside County Fire,2.0,0,/incidents/2013/7/16/redlands-fire/,All road closures have been lifted.,32,33,6.0,2.0,11.0,2013-07-17T07:45:00Z,3.0,False,True,Grass,2.0,3.0,33.990128,"Redlands Boulevard and San Timoteo Canyon Road, north of Moreno Valley",-117.164997,False,Redlands Fire,100.0,151.5,True,"The Redlands Fire burned in July 2013 off Redlands Boulevard and San Timoteo Canyon Road, north of Moreno Valley in Riverside County. ",2013-07-16T17:48:00Z,6.0,7.0,0.0,45.0,4.0,12.625,4.0,0.6557377049180327
150.0,False,CAL FIRE Santa Clara Unit,2.0,0,/incidents/2013/7/12/diablo-fire/,All road closures have been lifted.,48,50,6.0,2.0,11.0,2013-07-13T21:45:00Z,3.0,False,True,Grass,2.0,3.0,37.436,"off Diablo Grande Parkway, west of I-5, southwest of Patterson",-121.1955,False,Diablo Fire,100.0,151.5,True,"The Diablo Fire burned in July 2013 off Diablo Grande Parkway, west of I-5, southwest of Patterson in Stanislaus County. ",2013-07-12T15:35:00Z,6.0,7.0,0.0,45.0,4.0,12.625,4.0,0.6557377049180327
150.0,False,CAL FIRE/Fresno County Fire,2.0,0,/incidents/2013/6/25/george-fire/,All road closures have been lifted.,9,10,6.0,2.0,11.0,2013-06-25T17:15:00Z,3.0,False,True,Grass,2.0,3.0,36.7218,off Bronco Lane in Squaw Valley,-119.2248,False,George Fire,100.0,151.5,True,The George Fire burned in June 2013 off Bronco Lane in Squaw Valley in Fresno County.,2013-06-25T13:36:00Z,6.0,7.0,0.0,45.0,4.0,12.625,4.0,0.6557377049180327
150.0,False,CAL FIRE Butte Unit,2.0,0,/incidents/2013/5/22/neal-fire/,All road closures have been lifted.,3,4,6.0,2.0,17.0,2013-05-22T09:30:00Z,3.0,False,True,Grass,2.0,3.0,0.0,"Neal Road, southwest of Paradise",0.0,True,Neal Fire,100.0,60.0,True,"The Neal Fire burned in May 2013 off Neal Road, southwest of Paradise in Butte County. ",2013-05-22T00:56:00Z,6.0,7.0,0.0,45.0,4.0,3.3333333333333335,4.0,1.639344262295082
149.0,False,Los Angeles County Fire Department,2.0,0,/incidents/2013/5/28/magic-fire/,All road closures have been lifted.,17,19,6.0,2.0,11.0,2013-05-29T15:30:00Z,3.0,False,True,Grass,2.0,3.0,34.419284,off Magic Mtn Parkway in Valencia,-118.58688,False,Magic Fire,100.0,151.5,True,"The Magic Fire burned in May 2013, off Magic Mountain Parkway in Valencia in Los Angeles County. ",2013-05-28T11:30:00Z,6.0,7.0,0.0,45.0,4.0,12.625,4.0,0.6557377049180327
134.0,False,Sequoia National Forest,2.0,0,/incidents/2013/9/8/angora-fire/,All road closures have been lifted.,54,54,6.0,2.0,11.0,2013-09-24T20:15:00Z,3.0,False,True,Grass,2.0,3.0,36.258,Golden Trout Wilderness,-118.459,False,Angora Fire,100.0,151.5,True,The Angora Fire burned September 2013 in the Golden Trout WIlderness in Tulare County.,2013-09-08T11:53:00Z,6.0,7.0,0.0,45.0,4.0,12.625,4.0,0.6557377049180327
125.0,False,CAL FIRE Sonoma-Lake-Napa Unit,2.0,0,/incidents/2013/5/1/yellow-fire/,All road closures have been lifted.,47,49,9.0,5.0,17.0,2013-05-03T06:15:00Z,3.0,False,True,Grass,5.0,3.0,38.638828,"Hwy 128 & Yellow Jacket Ranch Rd in Knights Valley, northwest of Calistoga",-122.655616,True,Yellow Fire,100.0,249.0,True,"The Yellow Fire burned in Month 2013, northwest of Calistoga in Sonoma County.",2013-05-01T02:01:00Z,6.0,7.0,0.0,45.0,5.0,13.833333333333334,10.0,0.4
124.0,False,CAL FIRE Sanoma-Lake-Napa Unit,2.0,0,/incidents/2013/6/18/california-fire/,All road closures have been lifted.,46,48,6.0,2.0,11.0,2013-06-18T22:30:00Z,3.0,False,True,Grass,2.0,3.0,38.08744,"Off Lake Herman Rd, west of Hwy 680 in Benicia",-122.13802,False,California Fire,100.0,151.5,True,"The California Fire started in June 2013 off Lake Herman Road, west of Highway 680 in Benicia in Solano County. ",2013-06-18T15:18:00Z,6.0,7.0,0.0,45.0,4.0,12.625,4.0,0.6557377049180327
124.0,False,CAL FIRE Madera-Mariposa-Merced Unit,2.0,0,/incidents/2013/6/4/152-fire/,All road closures have been lifted.,22,24,6.0,2.0,11.0,2013-06-05T08:30:00Z,3.0,False,True,Grass,2.0,3.0,37.03776,Hwy 152 in San Luis Creek Reservoir,-121.006939,False,152 Fire,100.0,151.5,True,"The 152 Fire burned in June 2013, off Highway 152 in San Luis Creek Reservoir in Merced County.",2013-06-04T15:42:00Z,6.0,7.0,0.0,45.0,4.0,12.625,4.0,0.6557377049180327
124.0,False,CAL FIRE/Riverside County Fire,2.0,0,/incidents/2013/5/25/smiley-fire/,All road closures have been lifted.,32,33,6.0,2.0,11.0,2013-05-25T23:00:00Z,3.0,False,True,Grass,2.0,3.0,33.963591,"Off Smiley Blvd & Vista Suelto Rd, north of Moreno Valley",-117.187934,False,Smiley Fire,100.0,151.5,True,"The Smiley Fire burned in May 2013, off Smiley Blvd and Vista Suelto Road, North of Moreno Valley, in Riverside County. ",2013-05-25T14:59:00Z,6.0,7.0,0.0,45.0,4.0,12.625,4.0,0.6557377049180327
120.0,False,CAL FIRE Sonoma-Lake-Napa Unit,2.0,0,/incidents/2013/11/8/cantwell-fire/,All road closures have been lifted.,15,17,10.0,6.0,30.0,2013-11-10T18:30:00Z,3.0,False,True,Grass,2.0,3.0,38.882214,"South of Morgan Valley Rd and East of Hwy 29, Community of Lower Lake",-122.567525,True,Cantwell Fire,100.0,285.0,True,"The Cantwell Fire South of Morgan Valley Rd and East of Hwy 29, Community of Lower Lake was 120 acres.",2013-11-08T13:42:00Z,6.0,1.0,0.0,45.0,3.0,9.193548387096774,8.0,0.34965034965034963
116.0,False,CAL FIRE Amador-El Dorado Unit,2.0,0,/incidents/2013/8/16/union-fire/,All road closures have been lifted.,8,9,6.0,2.0,11.0,2013-08-16T17:55:00Z,3.0,False,True,Grass,2.0,3.0,38.682378,"off Koki Ln and Pleasant Valley Rd, northwest of Diamond Springs",-120.839075,True,Union Fire,100.0,151.5,True,"The Union Fire burned in August 2013 off Koki Ln and Pleasant Valley Rd, northwest of Diamond Springs in El Dorado County.",2013-08-16T13:55:00Z,6.0,1.0,0.0,45.0,4.0,12.625,4.0,0.6557377049180327
110.0,False,San Bernardino National Forest,2.0,0,/incidents/2013/8/17/cleghorn-fire/,All road closures have been lifted.,35,36,6.0,2.0,11.0,2013-08-18T20:55:00Z,3.0,False,True,Grass,2.0,3.0,34.287,I-15 Cajon Pass south of Cleghorn Road,-117.451,False,Cleghorn Fire,100.0,151.5,True,The Cleghorn Fire burned in August 2013 off I-15 Cajon Pass south of Cleghorn Road in San Bernardino County. ,2013-08-17T17:25:00Z,6.0,7.0,0.0,45.0,4.0,12.625,4.0,0.6557377049180327
108.0,False,CAL FIRE/Fresno County Fire,2.0,0,/incidents/2013/6/13/clinton-fire/,All road closures have been lifted.,9,10,6.0,2.0,11.0,2013-06-13T21:30:00Z,3.0,False,True,Grass,2.0,3.0,36.772425,"Clinton and Highland, East of Fresno",-119.628389,False,Clinton Fire,100.0,151.5,True,"The Clinton Fire started in June 2013 off Clinton and Highland, East of Fresno in Fresno County. ",2013-06-13T11:54:00Z,6.0,7.0,0.0,45.0,4.0,12.625,4.0,0.6557377049180327
105.0,False,CAL FIRE San Benito-Monterey Unit ,2.0,0,/incidents/2013/6/29/freeman-fire/,All road closures have been lifted.,26,27,6.0,2.0,11.0,2013-06-29T18:30:00Z,3.0,False,True,Grass,2.0,3.0,36.1531,"off Hwy 198, 10 miles east of King City",-120.8973,False,Freeman Fire,100.0,151.5,True,"The Freeman Fire burned in June 2013 off Highway 38, 10 miles east of King City in Monterey County. ",2013-06-29T14:09:00Z,6.0,7.0,0.0,45.0,4.0,12.625,4.0,0.6557377049180327
100.0,False,Angeles National Forest / Los Angeles County Fire Department,2.0,0,/incidents/2013/8/9/bee-fire/,All road closures have been lifted.,17,19,6.0,2.0,11.0,2013-08-11T19:15:00Z,3.0,False,True,Grass,2.0,3.0,0.0,San Francisquito Canyon Rd & Stator Ln,0.0,False,Bee Fire,100.0,151.5,True,The Bee Fire burned in August 2013 on the Angeles National Forest near San Francisquito Canyon Road and Stator Lane in Los Angeles County. ,2013-08-09T17:15:00Z,6.0,7.0,0.0,45.0,4.0,12.625,4.0,0.6557377049180327
100.0,False,CAL FIRE Tuolumne-Calaveras Unit,2.0,0,/incidents/2013/6/2/murphy-fire/,All road closures have been lifted.,55,55,6.0,2.0,11.0,2013-06-02T16:55:00Z,3.0,False,True,Grass,2.0,3.0,37.91529,off Lime Kiln Rd,-120.33313,False,Murphy Fire,100.0,151.5,True,The Murphy Fire burned in June 2013 off Lime Kiln Road in Tuolumne County. ,2013-06-02T13:30:00Z,6.0,7.0,0.0,45.0,4.0,12.625,4.0,0.6557377049180327
100.0,False,CAL FIRE San Diego Unit,2.0,0,/incidents/2013/5/22/border-fire/,All road closures have been lifted.,36,37,6.0,2.0,11.0,2013-05-23T08:30:00Z,3.0,False,True,Grass,2.0,3.0,32.564465,Off Alta Rd in the Otay Mesa area,-116.900368,False,Border Fire,100.0,151.5,True,The Border Fire burned in May 2013 off Alta Road in the Otay Mesa area in San Diego County.,2013-05-22T16:14:00Z,6.0,7.0,0.0,45.0,4.0,12.625,4.0,0.6557377049180327
98.0,False,CAL FIRE Mendocino Unit,2.0,0,/incidents/2013/9/28/highland-fire/,All road closures have been lifted.,21,23,6.0,2.0,11.0,2013-09-29T18:15:00Z,3.0,False,True,Grass,2.0,3.0,38.9252,"off Highland Springs Rd, southeast of Kelseyville",-122.966,False,Highland Fire,100.0,151.5,True,"The Highland Fire burned September 2013 off Highland Springs Rd, southeast of Kelseyville, in Mendocino County.",2013-09-28T13:57:00Z,6.0,7.0,0.0,45.0,4.0,12.625,4.0,0.6557377049180327
97.0,False,Modoc National Forest ,2.0,0,/incidents/2013/9/5/davis-creek-complex/,All road closures have been lifted.,24,25,6.0,2.0,11.0,2013-09-24T20:15:00Z,3.0,False,True,Grass,2.0,3.0,41.73325,"Both sides of Davis Creek near Hwy 395, south of Goose Lake ",-120.375,False,Davis Creek Complex,100.0,151.5,True,The Davis Creek Complex burned September 2013 near Highway 395 south of Goose Lake in Modoc County.,2013-09-05T15:57:00Z,6.0,7.0,0.0,45.0,4.0,12.625,4.0,0.6557377049180327
97.0,False,San Bernardino National Forest,2.0,0,/incidents/2013/8/24/little-fire/,All road closures have been lifted.,35,36,6.0,2.0,11.0,2013-08-30T08:00:00Z,3.0,False,True,Grass,2.0,3.0,33.642,near Thomas Mountain south of Lake Hemet on the San Jacinto Ranger District.,-116.706,False,Little Fire,100.0,151.5,True,The Little Fire burned August 2013 bear Thomas Mountain south of Lake Hemet on the San Jacinto Ranger District in San Bernardino County.,2013-08-24T15:09:00Z,6.0,7.0,0.0,45.0,4.0,12.625,4.0,0.6557377049180327
97.0,False,CAL FIRE Lassen-Modoc Unit,2.0,0,/incidents/2013/8/9/coyote-fire/,All road closures have been lifted.,16,18,6.0,2.0,11.0,2013-08-12T09:30:00Z,3.0,False,True,Grass,2.0,3.0,40.88886,"Southeast of Coyote Reservoir, 20 miles southeast of Bieber",-120.958126,False,Coyote Fire,100.0,151.5,True,"The Coyote Fire burned in August 2013, Southeast of Coyote Reservoir, 20 miles southeast of Bieber in Lassen County. ",2013-08-09T15:51:00Z,6.0,7.0,0.0,45.0,4.0,12.625,4.0,0.6557377049180327
96.0,False,CAL FIRE Amador-El Dorado Unit,2.0,0,/incidents/2013/6/12/roadrunner-fire/,All road closures have been lifted.,2,3,6.0,2.0,11.0,2013-06-13T09:45:00Z,3.0,False,True,Grass,2.0,3.0,38.27783,"Roadrunner Drive, south of Ione",-120.966016,False,Roadrunner Fire,100.0,151.5,True,The Roadrunner Fire burned in June 2013 off Roadrunner Drive south of Ione in Amador County. ,2013-06-12T16:43:00Z,6.0,7.0,0.0,45.0,4.0,12.625,4.0,0.6557377049180327
94.0,False,CAL FIRE San Luis Obispo Unit,2.0,0,/incidents/2013/9/24/creek-fire/,All road closures have been lifted.,38,40,6.0,2.0,11.0,2013-09-24T17:30:00Z,3.0,False,True,Grass,2.0,3.0,35.4393,"off Toro Creek Rd, east of Cayucos",-120.8358,False,Creek Fire,100.0,151.5,True,"The Creek Fire burned September 2013 off Toro Creek Rd., east of Cayucos, in San Luis Obispo County.",2013-09-24T03:20:00Z,6.0,7.0,0.0,45.0,4.0,12.625,4.0,0.6557377049180327
92.0,False,CAL FIRE Butte Unit,2.0,0,/incidents/2013/8/1/branch-fire/,All road closures have been lifted.,3,4,4.0,2.0,4.0,2013-08-04T14:45:00Z,3.0,False,True,Grass,2.0,2.0,39.6612,Near Rocky Peak - North Fork Lake Oroville near Cherokee,-121.50354,True,Branch Fire,100.0,80.0,True,The Branch Fire burned in August 2013 near Rocky Peak in the North Fork of Lake Oroville near Cherokee in Butte County. ,2013-08-01T16:01:00Z,6.0,7.0,0.0,45.0,3.0,16.0,4.0,1.2345679012345678
91.0,False,CAL FIRE Madera-Mariposa-Merced Unit,2.0,0,/incidents/2013/5/19/lilly-2-fire/,All road closures have been lifted.,18,20,6.0,2.0,24.0,2013-05-20T19:10:00Z,3.0,False,True,Grass,2.0,3.0,37.1927,Off Road 400 & Sandy Beach Dr. in Yosemite Lakes,-119.7917,True,Lilly 2 Fire,100.0,151.5,True,"The Lilly 2 Fire burned in May 2013, off Road 400 & Sandy Beach Dr. in Yosemite Lakes, in Madera County. ",2013-05-19T15:07:00Z,6.0,1.0,0.0,45.0,2.0,6.06,4.0,0.6557377049180327
90.0,False,CAL FIRE/Riverside County Fire ,2.0,0,/incidents/2013/5/21/water-fire/,All road closures have been lifted.,32,33,6.0,2.0,11.0,2013-05-21T19:30:00Z,3.0,False,True,Grass,2.0,3.0,33.9582,Off Whitewater Canyon Road in Whitewater,-116.6534,False,Water Fire,100.0,151.5,True,The Water Fire burned in May 2013 off Whitewater Canyon Road in Whitewater in Riverside County.,2013-05-21T14:16:00Z,6.0,7.0,0.0,45.0,4.0,12.625,4.0,0.6557377049180327
85.0,False,CAL FIRE San Luis Obispo,2.0,0,/incidents/2013/7/7/adelaida-fire/,All road closures have been lifted.,38,40,6.0,2.0,11.0,2013-07-07T22:00:00Z,3.0,False,True,Grass,2.0,3.0,35.62743,"off Adelaida Rd & Vineyard Dr, west of Paso Robles",-120.83417,False,Adelaida Fire,100.0,151.5,True,"The Adelaida Fire burned in July 2013 off Adelaida Road and Vineyard Dr, west of Paso Robles in San Luis Obispo County. ",2013-07-07T13:16:00Z,6.0,7.0,0.0,45.0,4.0,12.625,4.0,0.6557377049180327
82.0,False,CAL FIRE Mendocino Unit,2.0,0,/incidents/2013/11/22/retek-fire/,All road closures have been lifted.,21,23,6.0,2.0,11.0,2013-11-22T17:30:00Z,3.0,False,True,Grass,2.0,3.0,39.0442,"Off Hwy 101 at Henry Station Rd, north of Hopland",-123.1478,False,Retek Fire,100.0,151.5,True,"The Retek Fire was a 82 acre fire off Hwy 101 at Henry Station Road, north of Hopland.",2013-11-22T10:06:00Z,6.0,7.0,0.0,45.0,4.0,12.625,4.0,0.6557377049180327
80.0,False,CAL FIRE Butte Unit,2.0,0,/incidents/2013/8/31/centerville-fire/,All road closures have been lifted.,3,4,2.0,2.0,10.0,2013-09-01T18:00:00Z,3.0,False,True,Grass,2.0,1.0,39.731878,"Off Centerville Rd in the Butte Creek Canyon in the community of Centerville, west of Magalia ",-121.713938,True,Centerville Fire,100.0,35.0,True,"The Centerville Fire burned August 2013 off of Centerville Road in the Butte Creek Canyon in the community of Centerville, west of Magalia, in Butte County.",2013-08-31T17:23:00Z,6.0,7.0,0.0,45.0,4.0,3.1818181818181817,4.0,2.7777777777777777
80.0,False,CAL FIRE / Fresno County Fire,2.0,0,/incidents/2013/4/9/butte-fire/,All road closures have been lifted.,9,10,6.0,2.0,11.0,2013-04-09T15:30:00Z,3.0,False,True,Grass,2.0,3.0,0.0,Butte Ave near Conejo Ave near the community of Helm.,0.0,False,Butte Fire,100.0,151.5,True,"The Butte Fire burned in April 2013, off Butte Ave near Conejo Ave near the community of Helm in Fresno County.",2013-04-09T12:35:00Z,6.0,7.0,0.0,45.0,4.0,12.625,4.0,0.6557377049180327
75.0,False,CAL FIRE Tehama-Glenn Unit,2.0,0,/incidents/2013/9/15/tehama-fire/,All road closures have been lifted.,52,52,6.0,2.0,11.0,2013-09-15T19:00:00Z,3.0,False,True,Grass,2.0,3.0,0.0,East of Molinos,0.0,False,Tehama Fire,100.0,151.5,True,The Tehama Fire burned September 2013 east of Molinos in Tehama County.,2013-09-15T17:39:00Z,6.0,7.0,0.0,45.0,4.0,12.625,4.0,0.6557377049180327
75.0,False,San Bernardino County Fire,2.0,0,/incidents/2013/7/25/silverwood-fire/,All road closures have been lifted.,35,36,6.0,2.0,11.0,2013-07-26T18:15:00Z,3.0,False,True,Grass,2.0,3.0,34.316, Hwy 138 west of Hwy 173,-117.352,False,Silverwood Fire,100.0,151.5,True,The Silverwood Fire burned in July 2013 off Highway 138 and Highway 173 in San Bernardino County.,2013-07-25T15:09:00Z,6.0,7.0,0.0,45.0,4.0,12.625,4.0,0.6557377049180327
75.0,False,CAL FIRE Madera-Mariposa-Merced Unit,2.0,0,/incidents/2013/6/12/revis-fire/,All road closures have been lifted.,18,20,15.0,13.0,13.0,2013-06-14T16:30:00Z,3.0,False,True,Grass,2.0,3.0,37.169379,Off Revis Road & Yosemite Springs Parkway in Yosemite Lake Parks area in Coarsegold,-119.75636,True,Revis Fire,100.0,221.0,True,The Revis Fire burned in June 2013 off Revis Road and Yosemire Springs Parkway in Yosemite Lake Parks area in Coarsegold in Madera County. ,2013-06-12T16:40:00Z,6.0,7.0,0.0,45.0,13.0,15.785714285714286,15.0,0.45045045045045046
75.0,False,"USFS San Bernardino National Forest, CAL FIRE San Bernardino Unit",2.0,0,/incidents/2013/5/13/lytle-fire/,All road closures have been lifted.,35,36,13.0,2.0,21.0,2013-05-15T08:15:00Z,3.0,False,True,Grass,2.0,1.0,34.1834,"I-15 at Sierra Ave, near Lytle Creek",-117.4408,True,Lytle Fire,100.0,292.0,True,"The Lytle Fire burned in May 2013 in the San Bernardino National Forest off I-15 at Sierra Ave, near Lytle Creek n San Bernardino County. ",2013-05-13T13:30:00Z,6.0,1.0,0.0,45.0,13.0,13.272727272727273,4.0,0.3412969283276451
75.0,False,CAL FIRE Sonoma-Lake-Napa Unit,2.0,0,/incidents/2013/4/30/silverado-fire/,All road closures have been lifted.,27,28,6.0,2.0,11.0,2013-05-01T17:15:00Z,3.0,False,True,Grass,2.0,3.0,38.441792,"7300 block of Silverado Trail, north of Napa",-122.350844,False,Silverado Fire,100.0,151.5,True,"The Silverado Fire burned in April 2013 and May 2013, off Silverado Trail, north of Napa in Napa County. ",2013-04-30T23:44:00Z,6.0,7.0,0.0,45.0,4.0,12.625,4.0,0.6557377049180327
73.0,False,CAL FIRE San Bernardino Unit,2.0,0,/incidents/2013/9/11/liveoak-fire/,All road closures have been lifted.,35,36,6.0,2.0,11.0,2013-09-12T08:45:00Z,3.0,False,True,Grass,2.0,3.0,34.003151,"Live Oak Canyon Rd, South of I-10 near cities of Redlands and Yucaipa. ",-117.106075,False,Liveoak Fire,100.0,151.5,True,"The Liveoak Fire burned September 2013 off of Live Oak Canyon Road, south of I-10, near the cities of Redland and Yucaipa, in San Bernardino County.",2013-09-11T16:57:00Z,6.0,7.0,0.0,45.0,4.0,12.625,4.0,0.6557377049180327
73.0,False,CAL FIRE Nevada-Placer-Yuba Unit,2.0,0,/incidents/2013/7/8/mcganney-fire/,All road closures have been lifted.,58,58,6.0,2.0,11.0,2013-07-08T17:30:00Z,3.0,False,True,Grass,2.0,3.0,39.206,"off Highway 20 and McGanney Lane, west of Smartsville",-121.31634,False,McGanney Fire,100.0,151.5,True,"The McGanney Fire burned in July 2013 off Highway 20 and McGanney Lane, west of Smartsville in Yuba County. ",2013-07-08T09:59:00Z,6.0,7.0,0.0,45.0,4.0,12.625,4.0,0.6557377049180327
72.0,False,CAL FIRE Butte Unit,2.0,0,/incidents/2013/5/1/cedar-fire/,All road closures have been lifted.,3,4,6.0,2.0,3.0,2013-05-04T19:00:00Z,3.0,False,True,Grass,2.0,3.0,0.0,"Off Cedar Creek Loop Rd, South of Butte Meadows",0.0,True,Cedar Fire,100.0,44.0,True,"The Cedar Fire burned in May 2013, off Cedar Creek Loop Road, South of Butte Meadows in Butte County. ",2013-05-01T04:16:00Z,6.0,7.0,0.0,45.0,4.0,11.0,4.0,2.2222222222222223
70.0,False,CAL FIRE Sonoma-Lake-Napa Unit,2.0,0,/incidents/2013/8/16/double-fire/,All road closures have been lifted.,15,17,2.0,4.0,10.0,2013-08-18T18:30:00Z,3.0,False,True,Grass,2.0,3.0,39.013682,"Hwy 20 and Mule Skinner Rd., Clear Lake Oaks",-122.491894,True,Double Fire,100.0,151.5,True,"The Double Fire burned in August 2013 off Hwy 20 and Mule Skinner Rd., Clear Lake Oaks in Lake County. ",2013-08-16T17:57:00Z,6.0,7.0,0.0,45.0,5.0,13.772727272727273,6.0,0.6557377049180327
68.0,False,Modoc National Forest,2.0,0,/incidents/2013/9/7/rail-fire/,All road closures have been lifted.,24,25,6.0,2.0,11.0,2013-09-05T21:00:00Z,3.0,False,True,Grass,2.0,3.0,41.569,"Rail Mountain, 7 miles NW of Canby",-120.959,False,Rail Fire,100.0,151.5,True,"The Rail Fire burned September 2013 near Rail Mountain, 7 miles northwest of Canby, in Modoc County.",2013-09-07T17:30:00Z,6.0,7.0,0.0,45.0,4.0,12.625,4.0,0.6557377049180327
64.0,False,Ventura County Fire Department,2.0,0,/incidents/2013/11/14/wheeler-fire/,All road closures have been lifted.,56,56,6.0,2.0,11.0,2013-11-15T16:00:00Z,3.0,False,True,Grass,2.0,3.0,34.384,"Wheeler Canyon, north of Santa Paula",-119.13249,False,Wheeler Fire,100.0,151.5,True,"The Wheeler Fire was a 64 acre fire in Wheeler Canyon, north of Santa Paula.",2013-11-14T11:05:00Z,6.0,7.0,0.0,45.0,4.0,12.625,4.0,0.6557377049180327
60.0,False,San Bernardino National Forest,2.0,0,/incidents/2013/8/6/tram-fire/,All road closures have been lifted.,32,33,6.0,2.0,11.0,2013-08-08T09:00:00Z,3.0,False,True,Grass,2.0,3.0,38.838,Off of Hwy 111 & Tramway Rd in Palm Springs,-116.61,False,Tram Fire,100.0,151.5,True,The Tram Fire burned in August 2013 off of Highway 111 and Tramway Road in Palm Springs on the San Bernardino National Forest in Riverside County. ,2013-08-06T13:39:00Z,6.0,7.0,0.0,45.0,4.0,12.625,4.0,0.6557377049180327
60.0,False,CAL FIRE/Riverside County  Fire,2.0,0,/incidents/2013/8/4/relay-fire/,All road closures have been lifted.,32,33,6.0,2.0,11.0,2013-08-04T18:00:00Z,3.0,False,True,Grass,2.0,3.0,33.91027,"near Mt. David, south of Beaumont",-116.99895,False,Relay Fire,100.0,151.5,True,"The Relay Fire burned in August 2013, near Mount David, south of Beaumont in Riverside County. ",2013-08-04T16:29:00Z,6.0,7.0,0.0,45.0,4.0,12.625,4.0,0.6557377049180327
52.0,False,CAL FIRE Nevada-Yuba-Placer Unit,2.0,0,/incidents/2013/8/31/tyler-fire/,All road closures have been lifted.,28,29,6.0,2.0,11.0,2013-08-31T21:30:00Z,3.0,False,True,Grass,2.0,3.0,39.333401,"North San Juan Area, Highway 49 and Tyler Foote Road",-121.107022,False,Tyler Fire,100.0,151.5,True,"The Tyler Fire burned in August 2013 off of Highway 49 and Tyler Foote Road, north of the San Juan area, in Nevada County.",2013-08-31T14:42:00Z,6.0,7.0,0.0,45.0,4.0,12.625,4.0,0.6557377049180327
51.0,False,CAL FIRE San Luis Obispo Unit,4.0,0,/incidents/2013/11/8/toro-fire/,Toro Creek Road remains closed to non-emergency traffic at Summit Road North of Highway 41. ,38,40,5.0,3.0,15.0,2013-11-09T17:00:00Z,3.0,False,True,Grass,2.0,3.0,35.457978,"Toro Creek Rd. and Hwy 41 West, Morro Bay",-120.751555,True,Toro Fire,100.0,219.0,True,The Toro fire was a 51 acre fire off Toro Creek Rd. and Hwy 41 West in Morro Bay.,2013-11-08T10:30:00Z,6.0,7.0,0.0,45.0,4.0,13.6875,5.0,0.45454545454545453
50.0,False,CAL FIRE Sonoma-Lake-Napa Unit,2.0,0,/incidents/2013/11/23/bruner-fire/,All road closures have been lifted.,15,17,6.0,2.0,11.0,2013-11-24T08:45:00Z,3.0,False,True,Grass,2.0,3.0,39.0448,"Off Bruner Drive & Al Drive, Clearlake Oaks",-122.7656,False,Bruner Fire,100.0,151.5,True,The Bruner Fire was a 50 acre fire off Bruner Drive & Al Drive in Clearlake Oaks.,2013-11-23T12:04:00Z,6.0,7.0,0.0,45.0,4.0,12.625,4.0,0.6557377049180327
50.0,False,CAL FIRE Siskiyou Unit,2.0,0,/incidents/2013/8/15/cottonwood-fire/,All road closures have been lifted.,45,47,6.0,2.0,11.0,2013-08-15T17:00:00Z,3.0,False,True,Grass,2.0,3.0,41.923323,"Cottonwood Creek Rd., 2 miles north of Hornbrook",-122.578393,False,Cottonwood Fire,100.0,151.5,True,"The Cottonwood Fire burned in August 2013 off Cottonwood Creek Road, 2 miles north of Hornbrook in Siskiyou County. ",2013-08-15T14:40:00Z,6.0,7.0,0.0,45.0,4.0,12.625,4.0,0.6557377049180327
50.0,False,CAL FIRE Santa Clara Unit,2.0,0,/incidents/2013/7/12/uvas-fire/,All road closures have been lifted.,41,43,6.0,2.0,11.0,2013-07-12T17:45:00Z,3.0,False,True,Grass,2.0,3.0,37.1438,"Uvas Road and Casa Loma Road, near Calero County Park,  west of Morgan Hill",-121.7804,False,Uvas Fire,100.0,151.5,True,"The Uvas Fire burned in July 2013 off Uvas Road and Casa Loma Road, near Calero County Park,  west of Morgan Hill in Santa Clara County. ",2013-07-12T13:09:00Z,6.0,7.0,0.0,45.0,4.0,12.625,4.0,0.6557377049180327
50.0,False,CAL FIRE Santa Clara Unit,2.0,0,/incidents/2013/7/4/grant-fire/,All road closures have been lifted.,0,1,6.0,2.0,11.0,2013-07-04T11:30:00Z,3.0,False,True,Grass,2.0,3.0,37.7393,"off Grant Ln Rd & I-580 in the Altamont Pass, 5 miles west of Tracy",-121.5869,False,Grant Fire,100.0,151.5,True,"The Grant Fire burned in July 2013 off Grant Line Road and I-580 in the Altamont Pass, 5 miles west of Tracey in Alameda County. ",2013-07-04T10:00:00Z,6.0,7.0,0.0,45.0,4.0,12.625,4.0,0.6557377049180327
50.0,False,CAL FIRE San Luis Obispo Unit,2.0,0,/incidents/2013/5/25/homestead-fire/,All road closures have been lifted.,38,40,6.0,2.0,11.0,2013-05-25T18:45:00Z,3.0,False,True,Grass,2.0,3.0,35.5123,"Homestead Rd & Hwy 41, northeast of Atascadero ",-120.6368,False,Homestead Fire,100.0,151.5,True,"The Homestead Fire burned in May 2013, off Homestead Road and Highway 41, northeast of Atascadero in San Luis Obispo County. ",2013-05-25T17:35:00Z,6.0,7.0,0.0,45.0,4.0,12.625,4.0,0.6557377049180327
46.0,False,CAL FIRE Tuolumne-Calaveras Unit,2.0,0,/incidents/2013/8/17/bridges-fire/,All road closures have been lifted.,4,5,18.0,18.0,30.0,2013-08-19T07:10:00Z,3.0,False,True,Grass,18.0,2.0,38.06231,"Parrott's Ferry Road north of the bridge, near Vallecito & New Melones Lake ",-120.45233,True,Bridges Fire,100.0,169.0,True,"The Bridges Fire burned in August 2013 off Parrott's Ferry Road north of the bridge, near Vallecito & New Melones Lake in Calaveras County. ",2013-08-17T10:11:00Z,6.0,7.0,0.0,45.0,18.0,5.451612903225806,36.0,0.5882352941176471
46.0,False,CAL FIRE/Fresno County Fire,2.0,0,/incidents/2013/6/17/sierra-fire/,All road closures have been lifted.,9,10,6.0,2.0,11.0,2013-06-19T08:45:00Z,3.0,False,True,Grass,2.0,3.0,37.03087,"Black Mountain Road at Lodge Road near Sierra High School, southeast of Auberry",-119.463757,False,Sierra Fire,100.0,151.5,True,"The Sierra Fire started in June 2013 off Black Mountain Road at Lodge Road near Sierra High School, southeast of Auberry in Fresno County.",2013-06-17T14:41:00Z,6.0,7.0,0.0,45.0,4.0,12.625,4.0,0.6557377049180327
45.0,False,CAL FIRE Mendocino Unit,2.0,0,/incidents/2013/7/23/pratt-fire/,All road closures have been lifted.,21,23,6.0,2.0,11.0,2013-07-23T16:00:00Z,3.0,False,True,Grass,2.0,3.0,38.980846,"Hwy 175 & Pratt Ranch Road, East of Hopland ",-123.067671,False,Pratt Fire,100.0,151.5,True,"The Pratt Fire burned in July 2013 off Highway 175 and Pratt Ranch Road, east of Hopland in Mendocino County. ",2013-07-23T13:29:00Z,6.0,7.0,0.0,45.0,4.0,12.625,4.0,0.6557377049180327
44.0,False,Ventura County Fire Department,2.0,0,/incidents/2013/12/10/happy-camp-fire/,All road closures have been lifted.,56,56,6.0,2.0,11.0,2013-12-11T17:30:00Z,3.0,False,True,Grass,2.0,3.0,0.0, off Happy Camp Canyon Rd near Moorpark,0.0,False,Happy Camp Fire,100.0,151.5,True,The Happy Camp Fire off Happy Camp Canyon Rd near Moorpark was 44 acres.,2013-12-10T02:26:00Z,6.0,7.0,0.0,45.0,4.0,12.625,4.0,0.6557377049180327
43.0,False,CAL FIRE Shasta-Trinity Unit,2.0,0,/incidents/2013/7/9/fiddler-fire/,All road closures have been lifted.,43,45,6.0,2.0,11.0,2013-07-09T15:00:00Z,3.0,False,True,Grass,2.0,3.0,40.373,off Fiddler,-122.7338,False,Fiddler Fire,100.0,151.5,True,The Fiddler Fire burned in July 2013 off Fiddler Road in Shasta County. ,2013-07-09T11:59:00Z,6.0,7.0,0.0,45.0,4.0,12.625,4.0,0.6557377049180327
42.0,False,CAL FIRE/Riverside County Fire,2.0,0,/incidents/2013/6/8/viper-fire/,All road closures have been lifted.,32,33,6.0,2.0,11.0,2013-06-08T19:00:00Z,3.0,False,True,Grass,2.0,3.0,33.96936,"off San Timoteo Canyon Rd and Viper Rd, north of Moreno Valley",-117.1265,False,Viper Fire,100.0,151.5,True,"The Viper Fire burned in June 2013 off San Timoteo Canyon Road and Viper Road, north of Moreno Valley in Riverside County. ",2013-06-08T15:37:00Z,6.0,7.0,0.0,45.0,4.0,12.625,4.0,0.6557377049180327
41.0,False,CAL FIRE San Mateo-Santa Cruz Unit,2.0,0,/incidents/2013/9/7/chestnut-fire/,All road closures have been lifted.,39,41,6.0,2.0,11.0,2013-09-07T20:00:00Z,3.0,False,True,Grass,2.0,3.0,37.667295,"Chestnut Ave and Hillside Blvd, San Bruno Mountain, South San Francisco",-122.427285,False,Chestnut Fire,100.0,151.5,True,"The Chestnut Fire burned September 2013 off of Chestnut Ave and Hillside Blvd, near San Bruno Mountain, south of San Francisco, in San Mateo County.",2013-09-07T13:55:00Z,6.0,7.0,0.0,45.0,4.0,12.625,4.0,0.6557377049180327
40.0,False,CAL FIRE Santa Clara Unit,2.0,0,/incidents/2013/12/31/grant-fire/,All road closures have been lifted.,41,43,6.0,2.0,11.0,2013-12-31T16:00:00Z,3.0,False,True,Grass,2.0,3.0,37.342186,off Mount Hamilton Road near Grant Ranch County Park,-121.717706,False,Grant Fire,100.0,151.5,True,The Grant Fire off Mount Hamilton Road near Grant Ranch County Park was 40 acres.,2013-12-31T05:30:00Z,6.0,7.0,0.0,45.0,4.0,12.625,4.0,0.6557377049180327
40.0,False,Orange County Fire Authority,2.0,0,/incidents/2013/10/6/baker-fire/,All road closures have been lifted.,29,30,6.0,2.0,11.0,2013-10-09T08:00:00Z,3.0,False,True,Grass,2.0,3.0,33.7655,"Off Baker Canyon Rd, Silverado Canyon area, east of Irvine",-117.6649,False,Baker Fire,100.0,151.5,True,"The Baker Fire burned 40 acres in October 2013 off Baker Canyon Rd, Silverado Canyon area, east of Irvine in Orange County.",2013-10-06T10:52:00Z,6.0,7.0,0.0,45.0,4.0,12.625,4.0,0.6557377049180327
40.0,False,CAL FIRE San Diego Unit,2.0,0,/incidents/2013/9/26/valley-fire/,All road closures have been lifted.,36,37,6.0,2.0,11.0,2013-09-28T09:15:00Z,3.0,False,True,Grass,2.0,3.0,0.0,off I-8 & Los Coches Rd near Lakeside,0.0,False,Valley Fire,100.0,151.5,True,The Valley Fire burned September 2013 off I-8 and Los Coaches Road near Lakeside in San Diego County.,2013-09-26T17:29:00Z,6.0,7.0,0.0,45.0,4.0,12.625,4.0,0.6557377049180327
40.0,False,CAL FIRE/Riverside County Fire,2.0,0,/incidents/2013/8/16/pierce-fire/,All road closures have been lifted.,32,33,6.0,2.0,11.0,2013-08-16T21:00:00Z,3.0,False,True,Grass,2.0,3.0,33.570291,Ave 66 and Pierce Street  ,-116.10815,False,Pierce Fire,100.0,151.5,True,The Pierce Fire burned in August 2013 off Avenue 66 and Pierce Street in Riverside County. ,2013-08-16T13:31:00Z,6.0,7.0,0.0,45.0,4.0,12.625,4.0,0.6557377049180327
40.0,False,CAL FIRE Siskiyou Unit,2.0,0,/incidents/2013/7/31/trout-fire/,All road closures have been lifted.,45,47,6.0,2.0,11.0,2013-07-31T19:25:00Z,3.0,False,True,Grass,2.0,3.0,0.0,"Siskiyou Wildlife Refuge, 5 miles SE of Montague",0.0,False,Trout Fire,100.0,151.5,True,"The Trout Fire burned in July 2013 near the Siskiiyou Wildland Refuge, 5 miles southeast of Montague in Siskiyou County. ",2013-07-31T15:25:00Z,6.0,7.0,0.0,45.0,4.0,12.625,4.0,0.6557377049180327
40.0,False,CAL FIRE / Riverside County Fire,2.0,0,/incidents/2013/7/19/heacock-fire/,All road closures have been lifted.,32,33,6.0,2.0,11.0,2013-07-20T19:30:00Z,3.0,False,True,Grass,2.0,3.0,33.9634,Heacock St & Sandy Glade Ave in Moreno Valley,-117.2508,False,Heacock Fire,100.0,151.5,True,The Heacock Fire burned in July 2013 off Heacock Street and Sandy Glade Ave in Moreno Valley in Riverside County. ,2013-07-19T16:21:00Z,6.0,7.0,0.0,45.0,4.0,12.625,4.0,0.6557377049180327
40.0,False,CAL FIRE/Riverside County Fire,2.0,0,/incidents/2013/6/14/palmyrita-fire/,All road closures have been lifted.,32,33,6.0,2.0,11.0,2013-06-15T08:00:00Z,3.0,False,True,Grass,2.0,3.0,34.001745,"Highgrove Pass Rd and Pigeon Pass Rd, Community of Highgrove",-117.302057,False,Palmyrita Fire,100.0,151.5,True,"The Palmyrita Fire burned in June 2013 off Highgrove Pass Rd and Pigeon Pass Rd, Community of Highgrove, Riverside County. ",2013-06-14T13:47:00Z,6.0,7.0,0.0,45.0,4.0,12.625,4.0,0.6557377049180327
40.0,False,CAL FIRE Riverside Unit,2.0,0,/incidents/2013/5/16/54-fire/,All road closures have been lifted.,32,33,6.0,1.0,19.0,2013-05-17T08:30:00Z,3.0,False,True,Grass,2.0,3.0,33.655638,"Avenue 54 and Tyler Street, near the community of Coachella",-116.161201,True,54 Fire,100.0,65.0,True,"The 54 Fire burned in May 2013 off Avenue 54 and Tyler Street, near the community of Coachella, in Riverside County. ",2013-05-16T13:48:00Z,6.0,7.0,0.0,45.0,4.0,3.25,3.0,1.5151515151515151
38.0,False,CAL FIRE Amador-El Dorado Unit,2.0,0,/incidents/2013/8/24/empire-fire/,All road closures have been lifted.,8,9,6.0,2.0,11.0,2013-08-24T11:45:00Z,3.0,False,True,Grass,2.0,3.0,38.89555,off Hwy 193 & Empire Creek Cir near Georgetown,-120.84716,False,Empire Fire,100.0,151.5,True,The Empire Fire burned in August 2013 off Highway 193 and Empre Creek Circle near Georgetown in El Dorado County. ,2013-08-24T14:54:00Z,6.0,7.0,0.0,45.0,4.0,12.625,4.0,0.6557377049180327
38.0,False,CAL FIRE Sanoma-Lake-Napa Unit,2.0,0,/incidents/2013/8/7/indian-fire/,All road closures have been lifted.,15,17,6.0,2.0,11.0,2013-08-07T18:30:00Z,3.0,False,True,Grass,2.0,3.0,39.1591,"Off Bartlett Springs Road near Indian Valley Reservoir, 10 miles northeast of Clearlake Oaks",-122.5906,False,Indian Fire,100.0,151.5,True,"The Indian Fire burned in August 2013 off Bartlett Springs Road near Indian Valley Reservoir, 10 miles northeast of Clearlake Oaks in Lake County. ",2013-08-07T12:35:00Z,6.0,7.0,0.0,45.0,4.0,12.625,4.0,0.6557377049180327
38.0,False,CAL FIRE Santa Clara Unit / Alameda County Fire,2.0,0,/incidents/2013/7/6/fallon-fire/,All road closures have been lifted.,0,1,6.0,2.0,11.0,2013-07-06T14:30:00Z,3.0,False,True,Grass,2.0,3.0,37.74241,off Fallon Rd & Camino Tassajara near Dublin ,-121.86216,False,Fallon Fire,100.0,151.5,True,The Fallon Fire burned in July 2013 off Fallon Road and Camino Tassajara near Dublin in Alameda County. ,2013-07-06T13:09:00Z,6.0,7.0,0.0,45.0,4.0,12.625,4.0,0.6557377049180327
35.0,False,CAL FIRE/Fresno County Fire,2.0,0,/incidents/2013/6/13/michelle-fire/,All road closures have been lifted.,9,10,6.0,2.0,11.0,2013-06-13T21:30:00Z,3.0,False,True,Grass,2.0,3.0,36.763367,"off McKinley Ave & Academy Ave, north of Sanger ",-119.558244,False,Michelle Fire,100.0,151.5,True,"The Michelle Fire burned in June 2013, off McKinley Ave and Academy Ave, north of Sanger in Fresno County.",2013-06-13T15:54:00Z,6.0,7.0,0.0,45.0,4.0,12.625,4.0,0.6557377049180327
35.0,False,CAL FIRE San Luis Obispo Unit,2.0,0,/incidents/2013/5/20/cottontail-fire/,All road closures have been lifted.,38,40,6.0,2.0,11.0,2013-05-20T19:10:00Z,3.0,False,True,Grass,2.0,3.0,35.49864,Cayucos Creek Rd & Thunder Canyon Rd north of Cayucos,-120.91375,False,Cottontail Fire,100.0,151.5,True,"The Cottontail Fire burned in May 2013 off Cayucos Creek Road and Thunder Canyon Road, north of Cayucos in San Luis Obispo County. ",2013-05-20T15:45:00Z,6.0,7.0,0.0,45.0,4.0,12.625,4.0,0.6557377049180327
34.0,False,CAL FIRE Shasta-Trinity Unit,2.0,0,/incidents/2013/8/4/honey-fire/,All road closures have been lifted.,43,45,6.0,2.0,11.0,2013-08-05T08:17:00Z,3.0,False,True,Grass,2.0,3.0,0.0,"Honey Bee Road, West of Redding",0.0,False,Honey Fire,100.0,151.5,True,"The Honey Fire burned in August 2013 off Honey Bee Road, west of Redding in Shasta County. ",2013-08-04T18:00:00Z,6.0,7.0,0.0,45.0,4.0,12.625,4.0,0.6557377049180327
33.0,False,CAL FIRE Shasta-Trinity Unit,2.0,0,/incidents/2013/11/7/dersch-fire/,All road closures have been lifted.,43,45,6.0,2.0,11.0,2013-11-07T19:45:00Z,3.0,False,True,Grass,2.0,3.0,40.483662,"Off Dersch Rd and Hyrax, Millville",-122.140914,False,Dersch Fire,100.0,151.5,True,"The Dersch Fire off Dersch Rd and Hyrax, Millville was 33 acres.",2013-11-07T16:10:00Z,6.0,7.0,0.0,45.0,4.0,12.625,4.0,0.6557377049180327
31.0,False,CAL FIRE Tuolumne-Calaveras Unit,2.0,0,/incidents/2013/7/22/chuckwagon-fire/,All road closures have been lifted.,4,5,6.0,2.0,11.0,2013-07-23T15:10:00Z,3.0,False,True,Grass,2.0,3.0,37.965364,"near the 4500 block of Chuckwagon Drive, Copperopolis",-120.696362,False,Chuckwagon Fire,100.0,151.5,True,"The Chuckwagon Fire burned in July 2013 off Chuckwagon Drive, near Copperopolis in Calaveras County. ",2013-07-22T12:34:00Z,6.0,7.0,0.0,45.0,4.0,12.625,4.0,0.6557377049180327
30.0,False,CAL FIRE Sonoma-Lake-Napa Unit,2.0,0,/incidents/2013/9/15/lakeshore-fire/,All road closures have been lifted.,15,17,6.0,2.0,11.0,2013-09-15T17:14:00Z,3.0,False,True,Grass,2.0,3.0,38.9777,near the community of Clearlake,-122.683,True,Lakeshore Fire,100.0,151.5,True,The Lakeshore Fire burned September 2013 near Clearlake in Lake County.,2013-09-15T19:45:00Z,6.0,7.0,0.0,45.0,4.0,12.625,4.0,0.6557377049180327
30.0,False,CAL FIRE Sonoma-Lake-Napa Unit,2.0,0,/incidents/2013/6/5/lake-fire/,All road closures have been lifted.,15,17,6.0,2.0,11.0,2013-06-06T07:00:00Z,3.0,False,True,Grass,2.0,3.0,38.99233,Lakeshore Drive and Patterson Drive in Clearlake Oaks,-122.703193,False,Lake Fire,100.0,151.5,True,The Lake Fire burned in June 2013 off Lakeshore Drive and Patterson Drive in Clearlake Oaks in Lake County. ,2013-06-05T16:05:00Z,6.0,7.0,0.0,45.0,4.0,12.625,4.0,0.6557377049180327
30.0,False,San Bernardino National Forest,2.0,0,/incidents/2013/4/20/fawnskin-fire/,All road closures have been lifted.,35,36,6.0,2.0,11.0,2013-04-22T09:00:00Z,3.0,False,True,Grass,2.0,3.0,34.288877,"west of Delamar Mountain, north of the community of Fawnskin, northside of Big Bear Lake",-116.941311,False,Fawnskin Fire,100.0,151.5,True,"The Fawnskin Fire burned in April 2013 in the San Bernardino National Forest, west of Delamar Mountain, in San Bernardino County. ",2013-04-20T17:30:00Z,6.0,7.0,0.0,45.0,4.0,12.625,4.0,0.6557377049180327
28.0,False,CAL FIRE Sonoma-Lake-Napa Unit,2.0,0,/incidents/2013/6/10/sonoma-lake-napa-unit-lightning-fires/,All road closures have been lifted.,47,"49,48,17,6",6.0,2.0,11.0,2013-06-14T15:45:00Z,3.0,False,True,Grass,2.0,3.0,38.4229,"throughout Sonoma, Solano, Lake & Colusa Counties",-122.0437,True,Sonoma-Lake-Napa Unit Lightning Fires,100.0,151.5,True,The Sonoma-Lake-Napa Unit Lightning Fires happened in June 2013 across multiple counties totaling 28 fires. ,2013-06-10T00:46:00Z,6.0,7.0,0.0,45.0,4.0,12.625,4.0,0.6557377049180327
28.0,False,CAL FIRE Sonoma-Lake-Napa Unit,2.0,0,/incidents/2013/6/10/sonoma-lake-napa-unit-lightning-fires/,All road closures have been lifted.,46,"49,48,17,6",6.0,2.0,11.0,2013-06-14T15:45:00Z,3.0,False,True,Grass,2.0,3.0,38.4229,"throughout Sonoma, Solano, Lake & Colusa Counties",-122.0437,True,Sonoma-Lake-Napa Unit Lightning Fires,100.0,151.5,True,The Sonoma-Lake-Napa Unit Lightning Fires happened in June 2013 across multiple counties totaling 28 fires. ,2013-06-10T00:46:00Z,6.0,7.0,0.0,45.0,4.0,12.625,4.0,0.6557377049180327
28.0,False,CAL FIRE Sonoma-Lake-Napa Unit,2.0,0,/incidents/2013/6/10/sonoma-lake-napa-unit-lightning-fires/,All road closures have been lifted.,15,"49,48,17,6",6.0,2.0,11.0,2013-06-14T15:45:00Z,3.0,False,True,Grass,2.0,3.0,38.4229,"throughout Sonoma, Solano, Lake & Colusa Counties",-122.0437,True,Sonoma-Lake-Napa Unit Lightning Fires,100.0,151.5,True,The Sonoma-Lake-Napa Unit Lightning Fires happened in June 2013 across multiple counties totaling 28 fires. ,2013-06-10T00:46:00Z,6.0,7.0,0.0,45.0,4.0,12.625,4.0,0.6557377049180327
28.0,False,CAL FIRE Sonoma-Lake-Napa Unit,2.0,0,/incidents/2013/6/10/sonoma-lake-napa-unit-lightning-fires/,All road closures have been lifted.,5,"49,48,17,6",6.0,2.0,11.0,2013-06-14T15:45:00Z,3.0,False,True,Grass,2.0,3.0,38.4229,"throughout Sonoma, Solano, Lake & Colusa Counties",-122.0437,True,Sonoma-Lake-Napa Unit Lightning Fires,100.0,151.5,True,The Sonoma-Lake-Napa Unit Lightning Fires happened in June 2013 across multiple counties totaling 28 fires. ,2013-06-10T00:46:00Z,6.0,7.0,0.0,45.0,4.0,12.625,4.0,0.6557377049180327
27.0,False,CAL FIRE Shasta-Trinity Unit,2.0,0,/incidents/2013/8/14/cloverdale-fire/,All road closures have been lifted.,43,45,6.0,2.0,11.0,2013-08-14T20:35:00Z,3.0,False,True,Grass,2.0,3.0,40.473356,"Cloverdale Rd. and Dale Rd., Happy Valley, 9 miles SW of Redding",-122.48259,False,Cloverdale Fire,100.0,151.5,True,"The Cloverdale Fire burned in August 2013, Cloverdale Roadd. and Dale Road, Happy Valley, 9 miles southwest of Redding in Shasta County. ",2013-08-14T15:37:00Z,6.0,7.0,0.0,45.0,4.0,12.625,4.0,0.6557377049180327
25.0,False,CAL FIRE San Diego Unit,2.0,0,/incidents/2013/7/28/flume-fire/,All road closures have been lifted.,36,37,6.0,2.0,11.0,2013-07-28T17:50:00Z,3.0,False,True,Grass,2.0,3.0,32.612773,Barrett Lake Road and Highway 94,-116.707335,False,Flume Fire,100.0,151.5,True,The Flume Fire burned in July 2013 off Barrett Lake Road and Highway 94 in San Diego County. ,2013-07-28T09:43:00Z,6.0,7.0,0.0,45.0,4.0,12.625,4.0,0.6557377049180327
25.0,False,CAL FIRE Sanoma-Lake-Napa Unit,2.0,0,/incidents/2013/6/20/mount-fire/,All road closures have been lifted.,15,17,6.0,2.0,11.0,2013-06-20T13:15:00Z,3.0,False,True,Grass,2.0,3.0,38.98058,"Off Konocti Rd & Oak Hills Ln, east of Kelseyville",-122.81796,False,Mount Fire,100.0,151.5,True,"The Mount Fire burned in June 2013 off Konocti Road and Oak Hills Lane, east of Kelseyville, in Lake County",2013-06-20T14:29:00Z,6.0,7.0,0.0,45.0,4.0,12.625,4.0,0.6557377049180327
25.0,False,CAL FIRE Riverside Unit,2.0,0,/incidents/2013/5/20/cherry-fire/,All road closures have been lifted.,32,33,6.0,2.0,11.0,2013-05-20T18:50:00Z,3.0,False,True,Grass,2.0,3.0,33.96201,Off Sunset Ave & Mesa St in Banning,-116.907213,False,Cherry Fire,100.0,151.5,True,"The Cherry Fire burned in May 2012 off Sunset Ave and Mesa Street in Banning, in Riverside County. ",2013-05-20T13:47:00Z,6.0,7.0,0.0,45.0,4.0,12.625,4.0,0.6557377049180327
23.0,False,CAL FIRE Sonoma-Lake-Napa Unit,2.0,0,/incidents/2013/11/23/dam-fire/,All road closures have been lifted.,15,17,6.0,2.0,11.0,2013-11-24T18:45:00Z,3.0,False,True,Grass,2.0,3.0,38.9289,"Off Dam Rd, southeast of Clear Lake",-122.5818,False,Dam Fire,100.0,151.5,True,"The Dam Fire was a 23 acre fire off Dam Road, southeast of Clear Lake.",2013-11-23T14:17:00Z,6.0,7.0,0.0,45.0,4.0,12.625,4.0,0.6557377049180327
15.0,False,CAL FIRE Mendocino Unit,2.0,0,/incidents/2013/12/30/refuse-fire/,All road closures have been lifted.,21,23,6.0,2.0,11.0,2013-12-30T20:30:00Z,3.0,False,True,Grass,2.0,3.0,0.0,off Refuse Road near Covelo,0.0,False,Refuse Fire,100.0,151.5,True,The Refuse Fire off Refuse Road near Covelo was 15 acres.,2013-12-30T11:00:00Z,6.0,7.0,0.0,45.0,4.0,12.625,4.0,0.6557377049180327
15.0,False,CAL FIRE / Riverside County Fire,2.0,0,/incidents/2013/7/19/gilman-fire/,All road closures have been lifted.,32,33,6.0,2.0,11.0,2013-07-19T19:30:00Z,3.0,False,True,Grass,2.0,3.0,33.94528,"Hwy 60 east of Gilman Springs Rd, east of Moreno Valley",-117.09306,False,Gilman Fire,100.0,151.5,True,"The Gilman Fire burned in July 2013 off Highway 60 eat of Gilman Springs Road, east of Moreno Valley in Riverside County. ",2013-07-19T17:31:00Z,6.0,7.0,0.0,45.0,4.0,12.625,4.0,0.6557377049180327
15.0,False,CAL FIRE Madera-Mariposa-Merced Unit,2.0,0,/incidents/2013/5/12/ranger-fire/,All road closures have been lifted.,18,20,6.0,2.0,11.0,2013-05-13T09:00:00Z,3.0,False,True,Grass,2.0,3.0,0.0,Off Range Circle Dr in Yosemite Lake,0.0,False,Ranger Fire,100.0,151.5,True,The Ranger Fire burned in May 2013 off Range Circle Drive in Yosemite Lake in Madera County. ,2013-05-12T13:02:00Z,6.0,7.0,0.0,45.0,4.0,12.625,4.0,0.6557377049180327
0.0,False,Six Rivers National Forest,2.0,0,/incidents/2013/8/3/orleans-complex/,All road closures have been lifted.,11,12,6.0,2.0,11.0,2013-08-03T15:00:00Z,3.0,False,True,Grass,2.0,3.0,41.333,"10 miles east of Somes Bar, California",-123.376,False,Orleans Complex,100.0,151.5,True,"The Orleans Complex burned in August 2013. 10 miles east of Somes Bar, Humboldt County. ",2013-08-03T08:00:00Z,6.0,7.0,0.0,45.0,4.0,12.625,4.0,0.6557377049180327
0.0,False,USFS San Bernardino National Forest,2.0,0,/incidents/2013/6/9/hathaway-fire/,All road closures have been lifted.,32,33,6.0,2.0,11.0,2013-06-09T16:45:00Z,3.0,False,True,Grass,2.0,3.0,33.99647,"Hathaway Canyon area, northeast of Banning",-116.84137,False,Hathaway Fire,100.0,151.5,True,"The Hathaway Fire burned in June 2013 in the Hathaway Canyon area, northeast of Banning on the San Bernardino National Forest in Riverside County. ",2013-06-09T12:30:00Z,6.0,7.0,0.0,45.0,4.0,12.625,4.0,0.6557377049180327
97717.0,False,CAL FIRE / USFS - El Dorado National Forest,2.0,1,/incidents/2014/9/13/king-fire/,All road closures have been lifted.,8,9,6.0,2.0,11.0,2014-10-09T17:20:00Z,3.0,False,True,Grass,2.0,12.0,38.805437,Near Pollock Pines,-120.629714,True,King Fire,100.0,151.5,True,"The King Fire started on September 13, 2014 and burned 97,717 acres near Pollock Pines on the El Dorado and Tahoe National Forest in El Dorado and Placer Counties.",2014-09-13T16:32:00Z,6.0,80.0,0.0,45.0,4.0,12.625,4.0,0.6557377049180327
50042.0,False,CAL FIRE Siskiyou Unit / USFS-Klamath National Forest,2.0,1,/incidents/2014/8/2/july-complex/,All road closures have been lifted.,45,47,6.0,2.0,11.0,2014-08-06T10:00:00Z,3.0,False,True,Grass,2.0,3.0,0.0,Whites Fire approximately 4 miles East of Sawyer Bar<p> Log Fire approximately 6 miles West of Greenview<p>Leef Fire approximately 7 miles Southwest of Callahan. ,0.0,False,July Complex,100.0,151.5,True,"The July Complex started on August 2, 2014 and burned 50,042 acres on the Klamath National Forest in Siskiyou County.",2014-08-02T09:00:00Z,6.0,7.0,0.0,45.0,4.0,12.625,4.0,0.6557377049180327
39736.0,False,CAL FIRE Lassen-Modoc Unit / USFS - Lassen National Forest,2.0,1,/incidents/2014/7/30/bald-fire/,All road closures have been lifted.,43,45,6.0,2.0,11.0,2014-08-15T14:00:00Z,3.0,False,True,Grass,2.0,3.0,40.901,8 miles southeast of Fall River Mills,-121.368,False,Bald Fire,100.0,151.5,True,"The Bald Fire started on July 30 and burned 39,736 acres 8 miles southeast of Fall River Mills on the Lassen National Forest in Shasta County. ",2014-07-30T20:15:00Z,6.0,7.0,0.0,45.0,4.0,12.625,4.0,0.6557377049180327
35302.0,False,CAL FIRE Siskiyou Unit / Oregon Dept. of Forestry / Oregon Office of The State Fire Marshal,2.0,1,/incidents/2014/7/30/oregon-gulch-fire-part-of-the-beaver-complex/,All road closures have been lifted.,45,47,6.0,2.0,11.0,2014-08-18T09:45:00Z,3.0,False,True,Grass,2.0,3.0,42.048,"Community of Copco, South of Oregon Border",-122.345,False,Oregon Gulch Fire (part of the Beaver Complex),100.0,151.5,True,"The Oregon Gulch Fire, part of the Beaver Complex, started on July 30, 2014 and burned 35,302 acres (9,464 acres in California) near the community of Copco, South of the Oregon Border in Siskiyou County.",2014-07-30T23:00:00Z,6.0,7.0,0.0,45.0,4.0,12.625,4.0,0.6557377049180327
32496.0,False,US Forest Service - Klamath National Forest,2.0,1,/incidents/2014/7/30/beaver-fire/,All road closures have been lifted.,45,47,6.0,2.0,11.0,2014-09-02T13:00:00Z,3.0,False,True,Grass,2.0,3.0,0.0,"north of Highway 96, off of Beaver Creek Road",0.0,False,Beaver Fire,100.0,151.5,True,"The Beaver Fire started July 30, 2013 and burned 32,496 acres north of Highway 96, off of Beaver Creek Road on the Klamath National Forest in Siskiyou County.",2014-07-30T00:00:00Z,6.0,7.0,0.0,45.0,4.0,12.625,4.0,0.6557377049180327
32416.0,False,CAL FIRE / USFS - Lassen National Forest,2.0,1,/incidents/2014/7/31/eiler-fire/,See evacuations above,43,45,1.0,2.0,8.0,2014-08-25T10:00:00Z,3.0,False,True,Grass,2.0,11.0,40.72,12 miles southeast of Burney near Old Station,-121.562,True,Eiler Fire,100.0,78.0,True,"The Eiler fire started on Jul 31, 2014 and burned 32,416 acres near Old Station, 12 miles southeast of Burney in Shasta County. ",2014-07-31T18:04:00Z,6.0,21.0,0.0,45.0,4.0,8.666666666666666,4.0,1.2658227848101267
14416.0,False,Marine Corps Base Camp Pendleton,2.0,1,/incidents/2014/5/15/pulgas-fire/,All road closures have been lifted.,36,37,6.0,2.0,11.0,2014-05-21T17:00:00Z,3.0,False,True,Grass,2.0,3.0,0.0,"Off Interstate 5 at Las Pulgas Rd, north of Oceanside",0.0,False,Pulgas Fire,100.0,151.5,True,"The Pulgas Fire started on May 15, 2014 and burned 14,416 acres off Interstate 5 at Las Pulgas Road in San Diego County.",2014-05-15T14:45:00Z,6.0,7.0,0.0,45.0,4.0,12.625,4.0,0.6557377049180327
13838.0,False,US Forest Service - Sierra National Forest,2.0,1,/incidents/2014/7/28/french-fire/,All road closures have been lifted.,18,20,6.0,2.0,11.0,2014-07-28T14:30:00Z,3.0,False,True,Grass,2.0,3.0,0.0,"Rock Creek Drainage, south of Mammoth Pool Reservoir",0.0,False,French Fire,100.0,151.5,True,"The French Fire started on July 28, 2014 and burned 13,838 acres in the Rock Creek Drainage, south of Mammoth Pool Reservoir on the Sierra National Forest in Madera County.",2014-07-28T05:45:00Z,6.0,7.0,0.0,45.0,4.0,12.625,4.0,0.6557377049180327
13153.0,False,CAL FIRE Lassen-Modoc Unit,2.0,1,/incidents/2014/7/30/day-fire/,All road closures have been lifted.,24,25,7.0,2.0,20.0,2014-08-13T07:00:00Z,3.0,False,True,Grass,2.0,7.0,41.1336,North of the community of Day,-121.2144,True,Day Fire,100.0,297.0,True,"The Day Fire started on July 30, 2014 and burned 13,153 acres north of the community of Day in Modoc County. ",2014-07-30T19:01:00Z,6.0,6.0,0.0,45.0,4.0,14.142857142857142,4.0,0.33557046979865773
12661.0,False,CAL FIRE Shasta-Trinity Unit,2.0,1,/incidents/2014/7/11/bully-fire/,All road closures have been lifted.,43,45,6.0,2.0,11.0,2014-07-26T20:00:00Z,3.0,False,True,Grass,2.0,21.0,40.4314,"Plantina Road at Bland Road, Igo",-122.750788,True,Bully Fire,100.0,151.5,True,"The Bully Fire started on July 11, 2014 and burned 12,661 acres off Plantina Road at Bland Road in Igo in Shasta County.",2014-07-11T15:37:00Z,6.0,20.0,0.0,0.0,4.0,12.625,4.0,0.6557377049180327
12536.0,False,CAL FIRE Mendocino Unit,2.0,1,/incidents/2014/7/30/lodge-lightning-complex/,All road closures have been lifted.,21,23,6.0,2.0,11.0,2014-09-09T19:30:00Z,3.0,False,True,Grass,2.0,15.0,0.0,Wilderness Lodge and Eel River Canyon area,0.0,True,Lodge Lightning Complex,100.0,151.5,True,"The Lodge Complex started on July 30, 2014 and burned 12,536 acres in the Wilderness Lodge and Eel River Canyon area of Mendocino County.",2014-07-30T06:27:00Z,6.0,7.0,0.0,45.0,4.0,12.625,4.0,0.6557377049180327
6488.0,False,CAL FIRE Sonoma-Lake-Napa Unit,2.0,1,/incidents/2014/7/4/monticello-fire/,Hwy 128 has been reopened. ,57,57,6.0,2.0,2.0,2014-07-12T18:00:00Z,3.0,False,True,Grass,2.0,5.0,38.512,"Hwy 128 at Monticello Dam, southeast shore of Lake Berryessa ",-122.104,True,Monticello Fire,100.0,87.0,True,"The Monticello Fire started on July 4, 2014 and burned 6,488 acres off Hwy 128 at Monticello Dam, southeast shore of Lake Berryessa in Yolo County.",2014-07-04T21:32:00Z,6.0,7.0,0.0,45.0,4.0,29.0,4.0,1.1363636363636365
6258.0,False,US Forest Service - Shasta Trinity National Forest,2.0,1,/incidents/2014/7/30/coffee-fire/,All road closures have been lifted.,43,45,6.0,2.0,11.0,2014-11-14T13:00:00Z,3.0,False,True,Grass,2.0,3.0,41.141,East Fork of the Coffee Creek Drainage,-122.805,False,Coffee Fire,100.0,151.5,True,"The Coffee Fire started July 30, 2014 and burned 6,258 acres near East Fork of the Coffee Creek Drainage on the Shasta-Trinity National Forest in Shasta County.",2014-07-30T20:30:00Z,6.0,7.0,0.0,45.0,4.0,12.625,4.0,0.6557377049180327
5503.0,False,CAL FIRE Siskiyou Unit / USFS-Klamath National Forest,2.0,1,/incidents/2014/7/31/little-deer-fire/,All road closures have been lifted.,45,47,6.0,2.0,11.0,2014-08-18T10:00:00Z,3.0,False,True,Grass,2.0,3.0,41.682,near Little Deer Mountain along Highway 97,-122.127,False,Little Deer Fire,100.0,151.5,True,"The Little Deer Fire started on July 31, 2014 and burned 5,503 acres north of Grass Lake near Little Deer Mountain along Highway 97 in Siskiyou County",2014-07-31T17:45:00Z,6.0,7.0,0.0,45.0,4.0,12.625,4.0,0.6557377049180327
5367.0,False,Marine Corps Base Camp Pendleton,2.0,1,/incidents/2014/5/14/tomahawk-fire/,All road closures have been lifted.,36,37,6.0,2.0,11.0,2014-05-19T09:20:00Z,3.0,False,True,Grass,2.0,3.0,33.3529,"Traveled from Naval Weapons Station, Fallbrook and is now on Camp Pendleton ",-117.284889,True,Tomahawk Fire,100.0,151.5,True,"The Tomahawk Fire started on May 13, 2014 and burned 5,367 acres off Naval Weapons Station & Camp Pendleton in San Diego County. ",2014-05-14T09:45:00Z,6.0,7.0,0.0,45.0,4.0,12.625,4.0,0.6557377049180327
4840.0,False,"Department of Defense, US Army",2.0,1,/incidents/2014/6/19/stoney-fire/,All road closures have been lifted.,26,27,6.0,2.0,11.0,2014-06-21T19:00:00Z,3.0,False,True,Grass,2.0,3.0,0.0,"Nacimiento Fergusson Road & Stoney Valley, Fort Hunter Liggett",0.0,False,Stoney Fire,100.0,151.5,True,"The Stoney Fire started on June 19, 2014 near Fort Hunter Liggett in Monterey County and burned 4,840 acres.",2014-06-19T15:14:00Z,6.0,7.0,0.0,45.0,4.0,12.625,4.0,0.6557377049180327
4772.0,False,Yosemite National Park,2.0,1,/incidents/2014/8/16/meadow-fire/,All road closures have been lifted.,20,22,6.0,2.0,11.0,2014-12-12T13:45:00Z,3.0,False,True,Grass,2.0,3.0,0.0,East of Little Yosemite Valley,0.0,False,Meadow Fire,100.0,151.5,True,"The Meadow Fire started on August 16 and burned 4,772 acres east of Little Yosemite Valley (Mariposa County) in Yosemite National Park.",2014-08-16T00:00:00Z,6.0,7.0,0.0,45.0,4.0,12.625,4.0,0.6557377049180327
4689.0,False,Yosemite National Park and Stanislaus National Forest,2.0,1,/incidents/2014/7/26/el-portal-fire/,All road closures have been lifted.,20,22,6.0,2.0,11.0,2014-08-10T08:15:00Z,3.0,False,True,Grass,2.0,3.0,0.0,Near Highway 140 and community of El Portal,0.0,False,El Portal Fire,100.0,151.5,True,"The El Portal Fire started on July 26, 2014 near Highway 140 amd the community of El Portal in both the Yosemite National Park and Stanisluas National Forest in Mariposa County.",2014-07-26T17:00:00Z,6.0,7.0,0.0,45.0,4.0,12.625,4.0,0.6557377049180327
4300.0,False,CAL FIRE Sonoma-Lake-Napa Unit,2.0,1,/incidents/2014/7/1/butts-fire/,All road closures have been lifted.,27,"28,17",6.0,2.0,11.0,2014-07-09T18:00:00Z,3.0,False,True,Grass,2.0,4.0,38.664,"Off Butts Canyon Rd in Pope Valley, northwest of Lake Berryessa",-122.454,True,Butts Fire,100.0,0.0,True,"The Butts Fire started on July 1, 2014 and burned 4,300 acres off Butts Canyon Rd in Pope Valley, 10 miles southeast of Middletown in Napa County.",2014-07-01T12:08:00Z,6.0,9.0,0.0,45.0,4.0,0.0,4.0,100.0
4300.0,False,CAL FIRE Sonoma-Lake-Napa Unit,2.0,1,/incidents/2014/7/1/butts-fire/,All road closures have been lifted.,15,"28,17",6.0,2.0,11.0,2014-07-09T18:00:00Z,3.0,False,True,Grass,2.0,4.0,38.664,"Off Butts Canyon Rd in Pope Valley, northwest of Lake Berryessa",-122.454,True,Butts Fire,100.0,0.0,True,"The Butts Fire started on July 1, 2014 and burned 4,300 acres off Butts Canyon Rd in Pope Valley, 10 miles southeast of Middletown in Napa County.",2014-07-01T12:08:00Z,6.0,9.0,0.0,45.0,4.0,0.0,4.0,100.0
4240.0,False,CAL FIRE Amador-El Dorado Unit,2.0,1,/incidents/2014/7/25/sand-fire/,All road closures have been lifted.,2,"3,9",1.0,2.0,3.0,2014-08-02T19:15:00Z,3.0,False,True,Grass,2.0,2.0,38.5691,"East of Highway 49, 5 miles north of Plymouth",-120.7819,True,Sand Fire,100.0,40.0,True,"The Sand Fire started July 25, 2014 and burned 4,240 acres east of Highway 49, 5 miles north of Plymouth in Amador and El Dorado Counties.",2014-07-25T16:34:00Z,6.0,67.0,0.0,45.0,1.0,10.0,4.0,2.4390243902439024
4240.0,False,CAL FIRE Amador-El Dorado Unit,2.0,1,/incidents/2014/7/25/sand-fire/,All road closures have been lifted.,8,"3,9",1.0,2.0,3.0,2014-08-02T19:15:00Z,3.0,False,True,Grass,2.0,2.0,38.5691,"East of Highway 49, 5 miles north of Plymouth",-120.7819,True,Sand Fire,100.0,40.0,True,"The Sand Fire started July 25, 2014 and burned 4,240 acres east of Highway 49, 5 miles north of Plymouth in Amador and El Dorado Counties.",2014-07-25T16:34:00Z,6.0,67.0,0.0,45.0,1.0,10.0,4.0,2.4390243902439024
4045.0,False,Kern County Fire / Sequoia National Forest ,2.0,1,/incidents/2014/8/18/way-fire/,All road closures have been lifted.,13,15,6.0,2.0,11.0,2014-08-27T18:00:00Z,3.0,False,True,Grass,2.0,3.0,35.7206,"north side of Hwy 155, northwest of Wofford Heights",-118.4747,False,Way Fire,100.0,151.5,True,"The Way Fire started August 18, 2014 and burned 4,045 acres off the north side of Hwy 155, northwest of Wofford Heights in Kern County.",2014-08-18T14:30:00Z,6.0,7.0,0.0,45.0,4.0,12.625,4.0,0.6557377049180327
3895.0,False,Sequoia National Forest,2.0,1,/incidents/2014/6/13/shirley-fire/,All road closures have been lifted.,13,15,6.0,2.0,11.0,2014-06-20T08:30:00Z,3.0,False,True,Grass,2.0,3.0,35.70683,3 Miles south of Shirley Meadows,-118.555527,False,Shirley Fire,100.0,151.5,True,"The Shirley Fire started on June 13, 2014 in the Sequoia National Forest in Kern County and burned 2,545 acres.",2014-06-13T17:00:00Z,6.0,7.0,0.0,45.0,4.0,12.625,4.0,0.6557377049180327
2143.0,False,CAL FIRE San Bernardino / USFS / Rancho Cucamonga Fire,2.0,1,/incidents/2014/4/30/etiwanda-fire/,All road closures have been lifted.,35,36,22.0,2.0,25.0,2014-05-05T17:30:00Z,3.0,False,True,Grass,2.0,3.0,34.169346,North of Rancho Cucamonga,-117.547374,True,Etiwanda Fire,100.0,583.0,True,"The Etiwanda Fire started on April 30, 2014 and burned north of Rancho Cucamonga in San Bernardino County.",2014-04-30T08:00:00Z,1.0,0.0,0.0,45.0,8.0,22.423076923076923,4.0,0.17123287671232876
1995.0,False,San Marcos Fire / CAL FIRE San Diego Unit / Elfin Forest Fire Dept,2.0,1,/incidents/2014/5/14/cocos-fire/,All road closures have been lifted.,36,37,13.0,1.0,21.0,2014-05-22T18:15:00Z,3.0,False,True,Grass,2.0,3.0,33.1137,"Village Drive and Twin Oaks Road, San Marcos",-117.1599,True,Cocos Fire,100.0,514.0,True,"The Cocos Fire started on May 14, 2014 and burned off Village Drive & Twin Oaks Road in San Diego County.",2014-05-14T16:00:00Z,6.0,40.0,0.0,45.0,2.0,23.363636363636363,3.0,0.1941747572815534
1952.0,False,Angeles National Forest and LA County Fire Department,2.0,1,/incidents/2014/1/16/colby-fire/,All road closures have been lifted.,17,19,6.0,2.0,11.0,2014-01-27T10:00:00Z,3.0,False,True,Grass,2.0,3.0,34.1703,"near Morris Reservoir, north of Glendora",-117.8816,False,Colby Fire,100.0,151.5,True,"The Colby Fire started on January 16, 2014 and burned 1,952 acres near Morris Reservoir, north of Glendora in Los Angeles County. ",2014-01-16T05:50:00Z,6.0,7.0,0.0,45.0,4.0,12.625,4.0,0.6557377049180327
1680.0,False,Sequoia National Forest,2.0,1,/incidents/2014/7/11/nicolls-fire/,All road closures have been lifted.,13,15,6.0,2.0,11.0,2014-07-21T14:45:00Z,3.0,False,True,Grass,2.0,3.0,35.642,Kelso Valley/Onyx area,-118.15,False,Nicolls Fire ,100.0,151.5,True,"The Nicolls Fire started on July 11, 2014 in the Kelso Valley/Onyx area and burned 1,680 acres.",2014-07-11T13:46:00Z,6.0,7.0,0.0,45.0,4.0,12.625,4.0,0.6557377049180327
1651.0,False,Modoc National Forest,2.0,1,/incidents/2014/7/1/modoc-lightning-complex/,All road closures have been lifted.,24,25,6.0,2.0,11.0,2014-07-03T10:30:00Z,3.0,False,True,Grass,2.0,3.0,41.89,15 fires across the Modoc National Forest,-120.79,False,Modoc Lightning Complex,100.0,151.5,True,"The Modoc Lightning Complex started on July 1, 2014 and was 15 fires that burned 1,651 acres on the Modoc National Forest in Modoc County.",2014-07-01T19:00:00Z,6.0,7.0,0.0,45.0,4.0,12.625,4.0,0.6557377049180327
1548.0,False,CAL FIRE San Diego Unit/San Diego City Fire/Rancho Santa Fe Fire District,2.0,1,/incidents/2014/5/13/bernardo-fire/,All road closures have been lifted.,36,37,4.0,2.0,11.0,2014-05-17T20:14:00Z,3.0,False,True,Grass,2.0,3.0,33.003,"off Nighthawk Lane, southwest of Rancho Bernardo",-117.133,True,Bernardo Fire,100.0,211.0,True,"The Bernardo Fire started on May 13, 2014 and burned 1,548 acres off off Nighthawk Lane, southwest of Rancho Bernardo, in San Diego County.",2014-05-13T11:00:00Z,6.0,7.0,0.0,50.0,4.0,17.583333333333332,4.0,0.4716981132075472
1469.0,False,CAL FIRE Lassen-Modoc Unit / Modoc National Forest,2.0,1,/incidents/2014/7/3/gulch-fire/,All road closures have been lifted.,24,25,8.0,2.0,17.0,2014-07-07T07:00:00Z,3.0,False,True,Grass,2.0,3.0,41.489,"Off highway 139, 15 miles north of Canby - The fire is burning on the east side of Hwy 139",-120.904,True,Gulch Fire,100.0,427.0,True,"The Gulch Fire started on July 3, 2014 as 5 fires that burned 100 acres off Hwy 139, 15 miles north of Canby in Modoc County.",2014-07-03T15:46:00Z,6.0,7.0,0.0,45.0,4.0,23.72222222222222,4.0,0.2336448598130841
1457.0,False,Marine Corps Base Camp Pendleton,2.0,1,/incidents/2014/5/16/san-mateo-fire/,All road closures have been lifted.,36,37,6.0,2.0,11.0,2014-05-20T23:30:00Z,3.0,False,True,Grass,2.0,3.0,33.417572,in the Talega area of Marine Corps Base Camp Pendleton,-117.550567,False,San Mateo Fire,100.0,151.5,True,"The San Mateo Fire started on May 16, 2014 and burned 1,457 acres in the Talega area of the Marine Corps Base Camp Pendleton in San Diego County.",2014-05-16T11:24:00Z,6.0,7.0,0.0,45.0,4.0,12.625,4.0,0.6557377049180327
1375.0,False,CAL FIRE Shasta-Trinity Unit,2.0,1,/incidents/2014/9/10/gulch-fire/,All road closures have been lifted.,43,45,4.0,2.0,7.0,2014-09-16T09:30:00Z,3.0,False,True,Grass,2.0,4.0,40.7101,"On Backbone Ridge, east of Bella Vista, 15 miles northeast of Redding",-122.171,True,Gulch Fire,100.0,169.0,True,"The Gulch Fire started on September 10, 2014 and burned 1,375 acres off Aloha Rd in the Jones Valley area, 15 miles northeast of Redding in Shasta County.",2014-09-10T00:30:00Z,6.0,4.0,0.0,45.0,2.0,21.125,4.0,0.5882352941176471
1080.0,False,Yosemite National Park,2.0,1,/incidents/2014/7/17/dark-hole-fire/,All road closures have been lifted.,20,22,6.0,2.0,11.0,2014-08-20T19:00:00Z,3.0,False,True,Grass,2.0,3.0,0.0,near the Yosemite Creek Campground.,0.0,False,Dark Hole Fire,100.0,151.5,True,"The Dark Hole Fire started July 17, 2014 and is burning near the Yosemite Creek Campground in Yosemite National Park in Mariposa County.",2014-07-17T01:00:00Z,6.0,7.0,0.0,45.0,4.0,12.625,4.0,0.6557377049180327
968.0,False,US Forest Service - Cleveland National Forest,2.0,1,/incidents/2014/9/12/silverado-fire/,All road closures have been lifted.,29,30,6.0,2.0,11.0,2014-09-22T15:00:00Z,3.0,False,True,Grass,2.0,3.0,33.748,off of Silverado Canyon Road south of Corona,-117.601,False,Silverado Fire,100.0,151.5,True,"The Silverado Fire started on September 12 and is burned 968 acres off Silverado Canyon Road, south of Corona in the Cleveland National Forest (Orange County).",2014-09-12T10:30:00Z,6.0,7.0,0.0,45.0,4.0,12.625,4.0,0.6557377049180327
865.0,False,Lassen National Forest,2.0,1,/incidents/2014/1/2/campbell-fire/,All road closures have been lifted.,52,52,6.0,2.0,11.0,2014-01-10T18:30:00Z,3.0,False,True,Grass,2.0,3.0,40.134597,"Ishi Wilderness, north of Campbellville in the Lassen National Forest",-121.790183,False,Campbell Fire,100.0,151.5,True,"The Campbell Fire started on January 2, 2014 and burned 865 acres in the Ishi Wilderness, north of Campbellville on the Lassen National Forest in Tehama County. ",2014-01-02T20:00:00Z,6.0,7.0,0.0,45.0,4.0,12.625,4.0,0.6557377049180327
677.0,False,CAL FIRE Madera-Mariposa-Merced Unit,2.0,1,/incidents/2014/5/26/hunters-fire/,The road closures have been lifted. ,20,22,2.0,2.0,2.0,2014-06-02T18:30:00Z,3.0,False,True,Grass,2.0,9.0,0.0,"Hunters Valley area, near the southeast shore of Lake McClure",0.0,True,Hunters Fire,100.0,32.0,True,"The Hunters Fire started on May 26, 2014 and burned burned 677 acres in the Hunters Valley area, near the southeast shore of Lake McClure in Mariposa County.",2014-05-26T15:33:00Z,6.0,3.0,0.0,45.0,4.0,10.666666666666666,4.0,3.0303030303030303
632.0,False,Santa Barbara County Fire,2.0,1,/incidents/2014/5/13/miguelito-fire/,All road closures have been lifted.,40,42,10.0,1.0,10.0,2014-05-19T09:20:00Z,3.0,False,True,Grass,1.0,3.0,34.609,Off Santa Miguelito Canyon Road in Lompoc,-120.454,True,Miguelito Fire,100.0,548.0,True,"The Miguelito Fire started on May 13, 2014 and burned 632 acres off Santa Miguelito Canyon Road in Santa Barbara County.",2014-05-13T14:00:00Z,6.0,7.0,0.0,1200.0,3.0,49.81818181818182,2.0,0.18214936247723132
612.0,False,CAL FIRE Madera-Mariposa-Merced Unit,2.0,1,/incidents/2014/8/18/junction-fire/,All road closures have been lifted.,18,20,6.0,2.0,7.0,2014-08-25T08:25:00Z,3.0,False,True,Grass,2.0,3.0,37.3433,"off Road 425A, near the Hwy 41 and Hwy 49 junction in Oakhurst",-119.6581,True,Junction Fire,100.0,188.0,True,"The Junction Fire started August 18, 2014 and burned 612 acres off Road 425A, near the Hwy 41 and Hwy 49 junction in Oakhurst in Madera County.",2014-08-18T13:50:00Z,6.0,47.0,0.0,45.0,3.0,23.5,4.0,0.5291005291005291
600.0,False,Carlsbad Fire Department,2.0,1,/incidents/2014/5/14/poinsettia-fire/,All road closures have been lifted.,36,37,6.0,2.0,11.0,2014-05-17T00:00:00Z,3.0,False,True,Grass,2.0,3.0,33.1109,off Poinsettia Ln & Alicante Rd in Carlsbad,-117.279,False,Poinsettia Fire,100.0,151.5,True,"The Poinsettia Fire started on May 14, 2014 and burned 600 acres off Poinsettia Lane & Alicante Road in San Diego County.",2014-05-14T10:30:00Z,6.0,7.0,0.0,45.0,4.0,12.625,4.0,0.6557377049180327
580.0,False,CAL FIRE Shasta-Trinity Unit,2.0,1,/incidents/2014/8/24/oregon-fire/,Weaver Bally Rd open to normal traffic flow,53,53,82.0,2.0,3.0,2014-08-28T19:00:00Z,3.0,False,True,Grass,2.0,2.0,40.7412,"off Hwy 299 at Oregon Mountain Summit, near Weaverville",-122.946,True,Oregon Fire,100.0,46.0,True,"The Oregon Fire started on August 28 and burned 580 acres off Hwy 299 at Oregon Mountain Summit, near Weaverville in Trinity County.",2014-08-24T16:36:00Z,6.0,1.0,0.0,45.0,4.0,11.5,4.0,2.127659574468085
516.0,False,CAL FIRE Siskiyou Unit,2.0,1,/incidents/2014/9/15/boles-fire/,All road closures have been lifted.,45,47,14.0,2.0,10.0,2014-10-11T18:50:00Z,3.0,False,True,Grass,2.0,1.0,41.42384,City of Weed,-122.37432,True,Boles Fire,100.0,453.0,True,"The Boles Fire started on September 15, 2014 and burned 479 acres in and around the City of Weed in Siskiyou County. ",2014-09-15T13:38:00Z,7.0,165.0,0.0,1100.0,4.0,41.18181818181818,4.0,0.22026431718061673
487.0,False,CAL FIRE Tuolumne-Calaveras Unit,2.0,1,/incidents/2014/6/4/59-fire/,All road closures have been lifted.,55,55,6.0,2.0,11.0,2014-06-05T20:00:00Z,3.0,False,True,Grass,2.0,3.0,37.76617,"near Bonds Flat Rd & La Grange Rd (J59), west of Don Pedro Reservoir",-120.45087,False,59 Fire,100.0,151.5,True,"The 59 Fire started on June 4, 2014 and burned 487 acres near Bonds Flat Rd & La Grange Rd (J59), west of Don Pedro Reservoir in Tuolumne County.",2014-06-04T11:45:00Z,6.0,7.0,0.0,45.0,4.0,12.625,4.0,0.6557377049180327
459.0,False,CAL FIRE Nevada-Yuba-Placer Unit,2.0,1,/incidents/2014/10/8/applegate-fire/,All road closures have been lifted.,30,31,6.0,2.0,11.0,2014-10-15T07:50:00Z,3.0,False,True,Grass,2.0,2.0,0.0,on the eastside of Interstate 80 in the Applegate area,0.0,True,Applegate Fire,100.0,151.5,True,"The Applegate Fire started on October 8, 2014 and burned 459 acres on the eastside of Interstate 80 in the Applegate area in Placer County.",2014-10-08T13:33:00Z,6.0,10.0,0.0,45.0,4.0,12.625,4.0,0.6557377049180327
403.0,False,CAL FIRE Mendocino Unit,2.0,1,/incidents/2014/9/13/black-fire/,Black Bart Trail East,21,23,6.0,2.0,1.0,2014-09-17T16:10:00Z,3.0,False,True,Grass,2.0,3.0,0.0,"Black Bart Trail, North of Lake Mendocino",0.0,True,Black Fire,100.0,15.0,True,"The Black Fire started on September 13 and burned 403 acres near the Black Bart Trail, north of Lake Mendocino in Mendocino County.",2014-09-13T15:48:00Z,6.0,11.0,0.0,45.0,4.0,7.5,4.0,6.25
400.0,False,CAL FIRE San Benito-Monterey Unit,2.0,1,/incidents/2014/3/19/encinal-fire/,All road closures have been lifted.,26,27,6.0,2.0,11.0,2014-03-21T18:00:00Z,3.0,False,True,Grass,2.0,3.0,36.6313,"Off Encinal Rd, 8 miles southeast of Salinas",-121.4819,True,Encinal Fire,100.0,151.5,True,"The Encinal Fire started on March 19, 2014 and burned 400 acres off Encinal Rd, 8 miles southeast of Salinas in Monterey County.",2014-03-19T16:45:00Z,6.0,7.0,0.0,45.0,4.0,12.625,4.0,0.6557377049180327
389.0,False,CAL FIRE Butte Unit,4.0,1,/incidents/2014/7/28/web-fire/,All road closures have been lifted.,3,4,29.0,5.0,46.0,2014-08-01T17:30:00Z,3.0,False,True,Grass,1.0,4.0,0.0,Web Hollow & Big Chico Creek near Forest Ranch,0.0,True,Web Fire,100.0,835.0,True,"The Web Fire started on July 28, 2014  and burned 389 acres Web Hollow & Big Chico Creek near Forest Ranch in Butte County. ",2014-07-28T13:11:00Z,6.0,7.0,0.0,45.0,13.0,17.76595744680851,6.0,0.11961722488038277
380.0,False,CAL FIRE San Diego Unit,2.0,1,/incidents/2014/5/14/highway-fire/,Interstate 15 is closed 3 1/2 miles south of Hwy 76 to .7 miles north of Hwy 76,36,37,6.0,2.0,11.0,2014-05-15T18:30:00Z,3.0,False,True,Grass,2.0,3.0,33.312,off Old Hwy 395 and I-15 in the Deer Springs area ,-117.162,True,Highway Fire,100.0,151.5,True,"The Highway Fire started on May 14, 2014 and burned 380 acres off Old Highway 395 and I-15 in the Deer Springs Area in San Diego County.",2014-05-14T13:00:00Z,6.0,7.0,0.0,45.0,4.0,12.625,4.0,0.6557377049180327
350.0,False,CAL FIRE / Riverside County Fire Department,2.0,1,/incidents/2014/3/15/pierce-fire/,All road closures have been lifted.,32,33,6.0,2.0,11.0,2014-03-16T08:30:00Z,3.0,False,True,Grass,2.0,3.0,0.0,off Ave 66 and Pierce St in Thermal,0.0,False,Pierce Fire,100.0,151.5,True,"The Pierce Fire started on March 15, 2014 and burned off Ave 66 and Pierce St in Thermal in Riverside County.",2014-03-15T16:37:00Z,6.0,7.0,0.0,45.0,4.0,12.625,4.0,0.6557377049180327
333.0,False,CAL FIRE Humboldt Del-Norte Unit,2.0,1,/incidents/2014/1/4/red-fire/,All road closures have been lifted.,11,12,6.0,2.0,11.0,2014-01-08T19:15:00Z,3.0,False,True,Grass,2.0,3.0,40.884415,"South of Berry Summit, west of Willow Creek",-123.773779,False,Red Fire,100.0,151.5,True,"The Red Fire started on January 4, 2014 and burned 333 acres south of Berry Summit, west of Willow Creek in Humboldt County.",2014-01-04T12:00:00Z,6.0,7.0,0.0,45.0,4.0,12.625,4.0,0.6557377049180327
320.0,False,CAL FIRE Madera-Mariposa-Merced Unit,2.0,1,/incidents/2014/9/14/courtney-fire/,Soft road closure is in place for residents only on Road 426 between Summit Road and Road 223. ,18,20,2.0,2.0,4.0,2014-09-22T07:15:00Z,3.0,False,True,Grass,2.0,4.0,37.311915,"Courtney Lane and 7 Hills Rd, Oakhurst",-119.604124,True,Courtney Fire,100.0,90.0,True,The Courtney Fire started on September 14 and burned 320 acres off Courtney Lane near Oakhurst in Madera County. ,2014-09-14T13:36:00Z,2.0,69.0,0.0,45.0,1.0,18.0,4.0,1.098901098901099
311.0,False,Yosemite National Park,2.0,1,/incidents/2014/10/7/dog-rock-fire/,All road closures have been lifted.,20,22,6.0,2.0,11.0,2014-10-12T18:00:00Z,3.0,False,True,Grass,2.0,3.0,37.0,"Hwy 140 at Indian Creek, El Portal Community",40.34,False,Dog Rock Fire,100.0,151.5,True,"The Dog Rock Fire started on October 7, 2014 and burned 311 acres off Hwy 140 at Indian Creek near El Portal in Yosemite National Park (Mariposa County).",2014-10-07T15:05:00Z,6.0,7.0,0.0,45.0,4.0,12.625,4.0,0.6557377049180327
300.0,False,CAL FIRE is in Unified Command with Mariposa County Fire and Sheriff’s Departments,2.0,1,/incidents/2014/9/5/bridge-fire/,All road closures have been lifted.,20,22,6.0,2.0,11.0,2014-09-12T09:00:00Z,3.0,False,True,Grass,2.0,3.0,0.0,"Highway 49 at Harris Road, 10 miles east of Mariposa",0.0,True,Bridge Fire,100.0,151.5,True,"The Bridge Fire started on September 5 off Highway 49 at Harris Road, 10 miles east of Mariposa (Mariposa County).",2014-09-05T12:39:00Z,6.0,7.0,0.0,45.0,4.0,12.625,4.0,0.6557377049180327
300.0,False,CAL FIRE Madera-Mariposa-Merced Unit,2.0,1,/incidents/2014/7/24/gun-club-fire/,All road closures have been lifted.,22,24,6.0,2.0,11.0,2014-07-25T09:15:00Z,3.0,False,True,Grass,2.0,3.0,0.0,"Gun Club Rd. at the Santa Fe Canal, Gustine",0.0,False,Gun Club Fire,100.0,151.5,True,"The Gun Club Fire started July 25, 2014 and burned 300 acres off Gun Club Rd. at the Santa Fe Canal in Gustine in Merced County.",2014-07-24T12:06:00Z,6.0,7.0,0.0,45.0,4.0,12.625,4.0,0.6557377049180327
274.0,False,US Forest Service - Angeles National Forest,2.0,1,/incidents/2014/8/17/tecolote-fire/,All road closures have been lifted.,17,19,6.0,2.0,11.0,2014-12-12T13:30:00Z,3.0,False,True,Grass,2.0,3.0,34.267,"18 miles north of Glendora, off Highway 39 and mile marker 28.",-117.867,False,Tecolote Fire,100.0,151.5,True,"The Tecolote Fire started August 17, 2014 burned 274 acres 18 miles north of Glendora, off Highway 39 and mile marker 28 on the Angeles National Forest in Los Angeles County.",2014-08-17T14:30:00Z,6.0,7.0,0.0,45.0,4.0,12.625,4.0,0.6557377049180327
269.0,False,CAL FIRE Tuolumne-Calaveras Unit,2.0,1,/incidents/2014/6/5/hetch-hetchy-fire/,All road closures have been lifted.,55,55,6.0,2.0,11.0,2014-06-06T09:30:00Z,3.0,False,True,Grass,2.0,3.0,37.787,"off La Grange Rd (J59) at Hetch Hetchy power lines, northwest shore of Don Pedro Reservoir",-120.452,False,Hetch Hetchy Fire,100.0,151.5,True,"The Hetch Hetchy Fire started on June 5, 2014 and burned 150 acres off J59 (La Grande Rd.) at Hetch Hetchy power lines in Tuolumne County.",2014-06-05T13:04:00Z,6.0,7.0,0.0,45.0,4.0,12.625,4.0,0.6557377049180327
247.0,False,CAL FIRE Nevada-Yuba-Placer Unit,2.0,1,/incidents/2014/9/13/dog-bar-fire/,Traffic on Dog Bar Rd. and associated streets is limited to residents only.,28,29,3.0,2.0,3.0,2014-09-18T18:45:00Z,3.0,False,True,Grass,2.0,3.0,39.113682,Off Dog Bar Rd & Taylor Crossing Rd near Alta Sierra,-120.999508,True,Dog Bar Fire,100.0,53.0,True,"The Dog Bar Fire started on September 13, 2014 and burned 247 acres off Dog Bar Rd and Taylor Crossing Rd near Alta Sierra in Nevada County.",2014-09-13T14:07:00Z,6.0,7.0,0.0,45.0,1.0,13.25,4.0,1.8518518518518519
225.0,False,CAL FIRE Tehama-Glenn Unit,2.0,1,/incidents/2014/6/13/tehama-fire/,All road closures have been lifted.,52,52,6.0,2.0,11.0,2014-06-13T13:50:00Z,3.0,False,True,Grass,2.0,3.0,40.009827,"Rancho Tehama, southwest of Red Bluff",-122.345078,False,Tehama Fire,100.0,151.5,True,"The Tehama Fire started on June 13, 2014 in the Rancho Tehama area of Tehama County and burned 225 acres.",2014-06-13T12:23:00Z,6.0,7.0,0.0,45.0,4.0,12.625,4.0,0.6557377049180327
217.0,False,CAL FIRE San Diego Unit,2.0,1,/incidents/2014/7/3/banner-fire/,The following road closures are in effect: <li>State Route 78 at Manzanita Drive</li><li>Manzanita Drive at Lakeview Drive</li>,36,37,4.0,2.0,5.0,2014-07-06T09:15:00Z,3.0,False,True,Grass,2.0,4.0,33.078948,"Banner Grade, east of Julian",-116.576454,True,Banner Fire,100.0,91.0,True,"The Banner Fire started on July 3, 2014 and burned 217 acres on Banner Grade, west of Julian in San Diego County.",2014-07-03T10:43:00Z,6.0,3.0,0.0,45.0,4.0,15.166666666666666,4.0,1.0869565217391304
210.0,False,Six Rivers National Forest,2.0,1,/incidents/2014/9/12/bald-hill-3-fire/,All road closures have been lifted.,11,12,6.0,2.0,11.0,2014-09-15T11:00:00Z,3.0,False,True,Grass,2.0,3.0,41.134,1 mile northwest of Hoopa,-123.753,False,Bald Hill 3 Fire,100.0,151.5,True,The Bald Hill 3 Fire started on September 12 and burned 210 acres 1 mile northwest of Hoopa in Humboldt County.,2014-09-12T15:00:00Z,6.0,7.0,0.0,45.0,4.0,12.625,4.0,0.6557377049180327
190.0,False,US Forest Service - Angeles National Forest,2.0,1,/incidents/2014/8/14/shoemaker-fire/,All road closures have been lifted.,17,19,6.0,2.0,11.0,2014-12-12T14:00:00Z,3.0,False,True,Grass,2.0,3.0,34.235,"upper end of East Fork San Gabriel River, North of Glendora",-117.771,False,Shoemaker Fire,100.0,151.5,True,"The Shoemaker Fire started on August 14, 2014 and burned 190 acres on the upper end of East Fork of the San Gabriel River, north of Glendora on the Angeles National Forest in Los Angeles County.",2014-08-14T12:48:00Z,6.0,7.0,0.0,45.0,4.0,12.625,4.0,0.6557377049180327
175.0,False,CAL FIRE Sonoma-Lake-Napa Unit,2.0,1,/incidents/2014/5/25/indian-fire/,All road closures have been lifted.,15,17,6.0,2.0,11.0,2014-05-26T08:45:00Z,3.0,False,True,Grass,2.0,3.0,39.1647,"Near Indian Valley Reservoir, East of Clearlake Oaks",-122.5983,False,Indian Fire,100.0,151.5,True,"The Indian Fire started on May 25, 2014 and burned 175 acres near Indian Valley Reservoir, east of Clearlake Oaks in Lake County.",2014-05-25T12:20:00Z,6.0,7.0,0.0,45.0,4.0,12.625,4.0,0.6557377049180327
143.0,False,CAL FIRE Shasta-Trinity Unit,2.0,1,/incidents/2014/7/9/dry-fire/,All road closures have been lifted.,43,45,6.0,2.0,11.0,2014-07-10T07:30:00Z,3.0,False,True,Grass,2.0,3.0,40.6569,"off Hwy 299 & Dry Creek Rd, east of Bella Vista",-122.2215,False,Dry Fire,100.0,151.5,True,"The Dry Fire started on July 9, 2014 off Hwy 299 and Dry Creek Rd, east of Bella Vista in Shasta County and burned 143 acres.",2014-07-09T13:45:00Z,6.0,7.0,0.0,45.0,4.0,12.625,4.0,0.6557377049180327
130.0,False,CAL FIRE Madera-Mariposa-Merced Unit,2.0,1,/incidents/2014/6/10/haigh-fire/,All road closures have been lifted.,20,22,6.0,1.0,11.0,2014-06-13T18:30:00Z,3.0,False,True,Grass,2.0,1.0,37.7103,"Highway 49 and Haigh Rd., north of Coulterville",-120.197,True,Haigh Fire,100.0,10.0,True,"The Haigh fire started on June 10, 2014 at 3:11 pm near Highway 49 and Haigh Rd., north of Coulterville in Mariposa County.",2014-06-10T15:11:00Z,6.0,7.0,0.0,45.0,4.0,0.8333333333333334,3.0,9.090909090909092
125.0,False,CAL FIRE Santa Clara Unit,2.0,1,/incidents/2014/6/30/curie-fire/,All road closures have been lifted.,41,43,6.0,2.0,11.0,2014-07-01T08:30:00Z,3.0,False,True,Grass,2.0,3.0,0.0,Off Curie Drive south of San Jose,0.0,False,Curie Fire,100.0,151.5,True,"The Curie fire started on June 30, 2014 off Curie Drive south of San Jose in Santa Clara County and burned 125 acres.",2014-06-30T14:10:00Z,6.0,7.0,0.0,45.0,4.0,12.625,4.0,0.6557377049180327
125.0,False,USFS - Cleveland National Forest,2.0,1,/incidents/2014/3/8/gun-fire/,All road closures have been lifted.,36,37,6.0,2.0,11.0,2014-03-11T11:00:00Z,3.0,False,True,Grass,2.0,3.0,32.81,"Off Interstate 8 & Sunrise Hwy, near Pine Valley",-116.49,False,Gun Fire,100.0,151.5,True,"The Gun Fire started on March 8, 2014 and burned off Interstate 8 & Sunrise Hwy, near Pine Valley in San Diego County.",2014-03-08T12:30:00Z,6.0,7.0,0.0,45.0,4.0,12.625,4.0,0.6557377049180327
120.0,False,CAL FIRE Tuolumne Calaveras Unit,2.0,1,/incidents/2014/6/20/reed-fire/,All road closures have been lifted.,4,5,6.0,2.0,11.0,2014-06-21T19:00:00Z,3.0,False,True,Grass,2.0,3.0,120.679019,"off George Reed Drive and Pool Station Road, San Andreas",38.178241,False,Reed Fire,100.0,151.5,True,"The Reed Fire started on June 20, 2014 near George Reed Drive in Calaveras County and burned 120 acres.",2014-06-20T15:27:00Z,6.0,7.0,0.0,45.0,4.0,12.625,4.0,0.6557377049180327
120.0,False,CAL FIRE Nevada-Placer-Yuba Unit / Placer County Fire,2.0,1,/incidents/2014/1/22/brewer-fire/,All road closures have been lifted.,30,31,6.0,2.0,11.0,2014-01-22T16:35:00Z,3.0,False,True,Grass,2.0,3.0,0.0,"off South Brewer Road, west of Roseville",0.0,False,Brewer Fire,100.0,151.5,True,"The Brewer Fire started on January 22, 2014 and burned 120 acres off South Brewer Road, west of Roseville in Placer County. ",2014-01-22T13:10:00Z,6.0,7.0,0.0,45.0,4.0,12.625,4.0,0.6557377049180327
113.0,False,CAL FIRE San Bernardino Unit,2.0,1,/incidents/2014/4/19/bridges-fire/,All road closures have been lifted.,12,14,11.0,1.0,12.0,2014-04-21T19:15:00Z,3.0,False,True,Grass,2.0,3.0,37.399,"off Highway 6 & 5 Bridges Rd, 5 miles northeast of Bishop",-118.352,True,Bridges Fire,100.0,256.0,True,"The Bridges Fire started April 19, 2014 and burned 113 acres off Highway 6 and 5 Bridges Rd in Bishop in Inyo County.",2014-04-19T15:54:00Z,6.0,7.0,0.0,45.0,4.0,19.692307692307693,3.0,0.38910505836575876
106.0,False,CAL FIRE Fresno-Kings Unit,2.0,1,/incidents/2014/1/25/lake-fire/,All road closures have been lifted.,9,10,6.0,2.0,11.0,2014-01-26T18:00:00Z,3.0,False,True,Grass,2.0,3.0,36.8266,off Trimmer Springs Rd & Sunnyslope Rd near Pine Flat Lake ,-119.3415,False,Lake Fire,100.0,151.5,True,"The Lake Fire started on January 25, 2014 and burned 106 acres off Trimmer Springs Rd & Sunnyslope Rd near Pine Flat Lake in Fresno County. ",2014-01-25T06:37:00Z,6.0,7.0,0.0,45.0,4.0,12.625,4.0,0.6557377049180327
105.0,False,Oceanside Fire Department,2.0,1,/incidents/2014/5/14/river-fire/,All road closures have been lifted.,36,37,6.0,2.0,11.0,2014-05-19T09:20:00Z,3.0,False,True,Grass,2.0,3.0,0.0,"North River Road and College Blvd., Oceanside",0.0,False,River Fire,100.0,151.5,True,"The River Fire started on May 14, 2014 and burned 105 acres off North River Road and College Blvd. in San Diego County.",2014-05-14T12:12:00Z,6.0,7.0,0.0,45.0,4.0,12.625,4.0,0.6557377049180327
101.0,False,US Forest Service - Modoc National Forest ,2.0,1,/incidents/2014/8/12/little-fire/,All road closures have been lifted.,24,25,6.0,2.0,11.0,2014-08-13T06:15:00Z,3.0,False,True,Grass,2.0,3.0,41.507,"Northeast of Mud Springs, 9 miles South of Tionesta",-121.266,False,Little Fire,100.0,151.5,True,"The Little Fire started on August 12, 2014 and burned 101 acres northeast of Mud Springs, 9 miles South of Tionesta on the Modoc National Forest in Modoc County.",2014-08-12T15:00:00Z,6.0,7.0,0.0,45.0,4.0,12.625,4.0,0.6557377049180327
100.0,False,CAL FIRE Sonoma-Lake-Napa Unit,2.0,1,/incidents/2014/9/3/saratoga-fire/,All road closures have been lifted.,15,17,6.0,2.0,11.0,2014-09-05T18:30:00Z,3.0,False,True,Grass,2.0,3.0,0.0,"off Hwy 20 & Saratoga Road, west of Upper Lake",0.0,False,Saratoga Fire,100.0,151.5,True,"The Saratoga Fire started on September 3 and burned 100 acres off Hwy 20 & Saratoga Road, west of Upper Lake (Lake County).",2014-09-03T16:03:00Z,6.0,7.0,0.0,45.0,4.0,12.625,4.0,0.6557377049180327
100.0,False,CAL FIRE Riverside Unit / Riverside County Fire,2.0,1,/incidents/2014/9/1/interstate-fire/,All road closures have been lifted.,32,33,6.0,2.0,11.0,2014-09-01T22:00:00Z,3.0,False,True,Grass,2.0,3.0,0.0,I-15 at Temescal Canyon Rd in Alberhill,0.0,False,Interstate Fire,100.0,151.5,True,The Interstate Fire started on September 1 and burned 25 acres off I-15 at Temescal Canyon Rd in Alberhill in Riverside County. ,2014-09-01T14:03:00Z,6.0,7.0,0.0,45.0,4.0,12.625,4.0,0.6557377049180327
94.0,False,US Forest Service - El Dorado National Forest,2.0,1,/incidents/2014/9/14/irene-fire/,All road closures have been lifted.,8,9,6.0,2.0,11.0,2014-09-17T18:45:00Z,3.0,False,True,Grass,2.0,3.0,38.59,Mokelumne Wilderness,-120.028,False,Irene Fire,100.0,151.5,True,The Irene Fire started on September 14 and burned 94 acres in the Mokelumne Wilderness on the El Dorado National Forest (El Dorado County) on September 2014.,2014-09-14T09:15:00Z,6.0,7.0,0.0,45.0,4.0,12.625,4.0,0.6557377049180327
90.0,False,CAL FIRE Madera-Mariposa-Merced Unit,2.0,1,/incidents/2014/6/6/valley-fire/,Bear Valley Road to Hunters Valley Road,20,22,12.0,5.0,15.0,2014-06-08T19:45:00Z,3.0,False,True,Grass,4.0,3.0,0.0,off Hunters Valley Road near the southeast shore of Lake McClure. ,0.0,True,Valley Fire,100.0,356.0,True,"The Valley Fire started on June 6, 2014 off Hunters Valley Road near the southeast shore of Lake McClure in Mariposa County and burned 90 acres.",2014-06-06T17:29:00Z,6.0,7.0,0.0,40.0,4.0,22.25,9.0,0.2801120448179272
85.0,False,CAL FIRE Tuolumne Calaveras Unit,2.0,1,/incidents/2014/6/22/oak-fire/,All road closures have been lifted.,4,5,6.0,2.0,11.0,2014-06-24T19:00:00Z,3.0,False,True,Grass,2.0,1.0,38.058,"Oak Valley Road at Pool Station Road, south of San Andreas",-120.66,True,Oak Fire,100.0,151.5,True,"The Oak Fire started on June 22, 2014 and burned 85 acres off Oak Valley Road at Pool Station Road, south of San Andreas in Calaveras County.",2014-06-22T12:37:00Z,6.0,1.0,0.0,45.0,4.0,12.625,4.0,0.6557377049180327
84.0,False,US Forest Service - Tahoe National Forest,2.0,1,/incidents/2014/8/18/boca-fire/,All road closures have been lifted.,28,29,6.0,2.0,11.0,2014-08-19T16:45:00Z,3.0,False,True,Grass,2.0,3.0,39.3918,"off Interstate 80 at Hirschdale, east of Truckee ",-120.0805,False,Boca Fire,100.0,151.5,True,"The Boca Fire started on August 19, 2014 and burned 84 acres off Interstate 80 at Hirschdale, east of Truckee in Nevada County.",2014-08-18T10:00:00Z,6.0,7.0,0.0,45.0,4.0,12.625,4.0,0.6557377049180327
80.0,False,CAL FIRE Santa Clara Unit,2.0,1,/incidents/2014/8/28/casa-fire/,All road closures have been lifted.,41,43,6.0,2.0,11.0,2014-08-31T08:15:00Z,3.0,False,True,Grass,2.0,3.0,0.0,"Hwy 152 at Casa De Fruta, 10 miles east of Gilroy",0.0,False,Casa Fire,100.0,151.5,True,"The Casa Fire started August 28 and burned 80 acres off Hwy 152 near Casa De Fruta, 10 miles east of Gilroy in Santa Clara County.",2014-08-28T15:10:00Z,6.0,7.0,0.0,45.0,4.0,12.625,4.0,0.6557377049180327
80.0,False,CAL FIRE Santa Clara Unit,2.0,1,/incidents/2014/7/11/marsh-fire/,All road closures have been lifted.,6,7,6.0,2.0,11.0,2014-07-12T18:00:00Z,3.0,False,True,Grass,2.0,3.0,37.5359,"off Marsh Creek Rd., near Aspara Drive, east of Clayton",-121.5118,True,Marsh Fire,100.0,151.5,True,"The Marsh Fire started on July 11th, 2014 off off Marsh Creek Rd., near Aspara Drive, east of Clayton and burned 80 acres.",2014-07-11T21:57:00Z,6.0,7.0,0.0,45.0,4.0,12.625,4.0,0.6557377049180327
79.0,False,Stanislaus National Forest ,2.0,1,/incidents/2014/9/7/montgomery-fire/,All road closures have been lifted.,20,22,6.0,2.0,11.0,2014-09-09T19:45:00Z,3.0,False,True,Grass,2.0,3.0,0.0,"Near Ponderosa Way & Tuolumne River Rd, south of Coulterville ",0.0,False,Montgomery Fire,100.0,151.5,True,"The Montgomery Fire started on September 7 and burned 79 acres near Ponderosa Way & Tuolumne River Rd, south of Coulterville (Mariposa County) on the Stanislaus National Forest.",2014-09-07T16:46:00Z,6.0,7.0,0.0,45.0,4.0,12.625,4.0,0.6557377049180327
78.0,False,CAL FIRE/Riverside County Fire,2.0,1,/incidents/2014/7/23/sabina-fire/,All road closures have been lifted.,32,33,6.0,2.0,11.0,2014-07-24T09:00:00Z,3.0,False,True,Grass,2.0,3.0,0.0,Sabina Road and Ballinger Road in the community of Aguanga,0.0,False,Sabina Fire,100.0,151.5,True,"The Bible Fire started on July 23, 2014 off Sabina Road and Ballinger Road in the community of Aguanga and burned 78 acres.",2014-07-23T10:47:00Z,6.0,7.0,0.0,45.0,4.0,12.625,4.0,0.6557377049180327
75.0,False,CAL FIRE Shasta-Trinity Unit,2.0,1,/incidents/2014/7/5/cassel-fire/,All road closures have been lifted.,43,45,5.0,1.0,3.0,2014-07-08T18:30:00Z,3.0,False,True,Grass,2.0,3.0,40.5719,"Off Cassel Road at Thrush Road, in Cassel",-121.3415,True,Cassel Fire,100.0,108.0,True,"The Cassel Fire started on July 5, 2014 and burned off Cassel Road at Thrush Road, in Cassel in Shasta County.",2014-07-05T18:44:00Z,6.0,7.0,0.0,45.0,2.0,27.0,3.0,0.9174311926605505
75.0,False,CAL FIRE San Benito-Monterey Unit,2.0,1,/incidents/2014/4/30/san-lucas-fire/,All road closures have been lifted.,26,27,6.0,2.0,11.0,2014-05-01T19:00:00Z,3.0,False,True,Grass,2.0,3.0,36.103,"San Lucas & Jolon Rd, west of King City ",-121.117,False,San Lucas Fire,100.0,151.5,True,"The San Lucas Fire started on April 30, 2014 and burned off of San Lucas & Jolon Rd, west of King City in Monterery County.",2014-04-30T14:25:00Z,6.0,7.0,0.0,45.0,4.0,12.625,4.0,0.6557377049180327
72.0,False,CAL FIRE Butte Unit,2.0,1,/incidents/2014/7/14/wildlife-fire/,All road closures have been lifted.,3,4,6.0,2.0,11.0,2014-07-16T08:00:00Z,3.0,False,True,Grass,2.0,3.0,39.4664,"Wildlife Area - Larkin Road, west of Oroville<br><br>Road Closures: None, the Wildlife area north of the Afterbay Outlet is closed to the public.",-121.6129,False,Wildlife Fire,100.0,151.5,True,"The Wildlife Fire started on July 14, 2014 off Larkin Road, west of Oroville in Butte County and burned 72 acres.",2014-07-14T18:00:00Z,6.0,7.0,0.0,45.0,4.0,12.625,4.0,0.6557377049180327
70.0,False,CAL FIRE Tuolumne Caleveras Unit,2.0,1,/incidents/2014/9/4/jackson-fire/,All road closures have been lifted.,55,55,6.0,2.0,11.0,2014-09-05T09:15:00Z,3.0,False,True,Grass,2.0,3.0,37.8316,Hwy 49 & Jacksonville Rd near the community of Moccasin,-120.3434,False,Jackson Fire,100.0,151.5,True,The Jackson Fire started on September 4 and burned 70 acres off Hwy 49 & Jacksonville Rd near the community of Moccasin (Tuolumne County).,2014-09-04T11:51:00Z,6.0,7.0,0.0,45.0,4.0,12.625,4.0,0.6557377049180327
70.0,False,Sequoia National Forest,2.0,1,/incidents/2014/7/1/ranch-fire/,All road closures have been lifted.,13,15,6.0,2.0,11.0,2014-07-06T08:30:00Z,3.0,False,True,Grass,2.0,3.0,0.0,Southwest of Greenhorn Summit,0.0,False,Ranch Fire,100.0,151.5,True,"The Ranch Fire started July 1, 2014 and burned 150 acres southwest of Greenhorn Summit on the Sequoia National Forest in Kern County.",2014-07-01T18:15:00Z,6.0,7.0,0.0,45.0,4.0,12.625,4.0,0.6557377049180327
70.0,False,CAL FIRE Sonoma-Lake-Napa Unit,2.0,1,/incidents/2014/6/12/norman-fire/,All road closures have been lifted.,46,48,6.0,2.0,11.0,2014-06-13T08:00:00Z,3.0,False,True,Grass,2.0,3.0,121.999,"off Rolling Hills Lane, north of Vacaville ",38.453,False,Norman Fire,100.0,151.5,True,"The Norman Fire started on June 12, 2014 off Rolling Hills Lane, north of Vacaville and burned 40 acres.",2014-06-12T14:29:00Z,6.0,7.0,0.0,45.0,4.0,12.625,4.0,0.6557377049180327
65.0,False,Inyo National Forest,2.0,1,/incidents/2014/9/16/june-fire/,All road closures have been lifted.,12,14,6.0,2.0,11.0,2014-09-21T09:00:00Z,3.0,False,True,Grass,2.0,3.0,0.0,at the base of June Mountain,0.0,False,June Fire,100.0,151.5,True,"The June Fire started on September 16, 2014 and burned 65 acres near the base of June Mountain in Inyo County.",2014-09-16T19:07:00Z,6.0,7.0,0.0,45.0,4.0,12.625,4.0,0.6557377049180327
62.0,False,CAL FIRE Mendocino Unit,2.0,1,/incidents/2014/9/21/nelson-fire/,All road closures have been lifted.,21,23,2.0,2.0,2.0,2014-09-22T16:30:00Z,3.0,False,True,Grass,2.0,3.0,0.0,"off Nelson Ranch Rd, 9 mile south of Ukiah",0.0,True,Nelson Fire,100.0,42.0,True,"The Nelson Fire started on September 21, 2014 and burned 62 acres off Nelson Ranch Rd, 9 mile south of Ukiah in Mendocino County.",2014-09-21T16:13:00Z,6.0,7.0,0.0,45.0,4.0,14.0,4.0,2.3255813953488373
60.0,False,CAL FIRE Butte Unit,2.0,1,/incidents/2014/1/1/honcut-fire/,All road closures have been lifted.,3,4,6.0,2.0,11.0,2014-01-02T07:30:00Z,3.0,False,True,Grass,2.0,3.0,0.0,off Palermo Honcut Highway and Ahart Road near the community of Honcut,0.0,False,Honcut Fire,100.0,151.5,True,"The Honcut Fire started on January 1, 2014 and burned 60 acres off Palermo Honcut Highway and Ahart Road near the community of Honcut in Butte County. ",2014-01-01T10:46:00Z,6.0,7.0,0.0,45.0,4.0,12.625,4.0,0.6557377049180327
57.0,False,CAL FIRE / Riverside County Fire,2.0,1,/incidents/2014/3/28/van-buren-fire/,All road closures have been lifted.,32,33,6.0,2.0,11.0,2014-03-29T17:15:00Z,3.0,False,True,Grass,2.0,3.0,33.5982,Off Ave 62 and Van Buren St in Thermal,-116.1985,False,Van Buren Fire,100.0,151.5,True,"The Van Buren Fire started on March 28, 2014 and burned 57 acres off Ave 62 and Van Buren St in Thermal (Riverside County).",2014-03-28T14:31:00Z,6.0,7.0,0.0,45.0,4.0,12.625,4.0,0.6557377049180327
56.0,False,Marine Corps Base - Camp Pendleton,2.0,1,/incidents/2014/5/14/freeway-fire/,All road closures have been lifted.,36,37,6.0,2.0,11.0,2014-05-20T11:30:00Z,3.0,False,True,Grass,2.0,3.0,0.0,"Naval Weapons Station, Fallbrook",0.0,False,Freeway Fire ,100.0,151.5,True,"The Freeway Fire started on May 14, 2014 and burned 56 acres off Naval Weapons Station in San Diego County.",2014-05-14T17:43:00Z,6.0,7.0,0.0,45.0,4.0,12.625,4.0,0.6557377049180327
50.0,False,CAL FIRE Shasta-Trinity Unit,2.0,1,/incidents/2014/5/14/fiddler-fire/,All road closures have been lifted.,43,45,6.0,2.0,11.0,2014-05-15T11:30:00Z,3.0,False,True,Grass,2.0,3.0,40.39,Off Perla Rd & Fiddlers Rd in Igo,-122.721,False,Fiddler Fire,100.0,151.5,True,"The Fiddler Fire started on May 14, 2014 and burned 50 acres off of Perla Rd and Fiddlers Rd in Shasta County.",2014-05-14T14:00:00Z,6.0,7.0,0.0,45.0,4.0,12.625,4.0,0.6557377049180327
48.0,False,CAL FIRE San Bernardino Unit / Chino Valley Fire District,2.0,1,/incidents/2014/10/16/bane-fire/,All road closures have been lifted.,35,36,6.0,2.0,11.0,2014-10-17T18:15:00Z,3.0,False,True,Grass,2.0,3.0,33.93869,in Chino Hills State Park near the Bane Canyon entrance,-117.70643,False,Bane Fire,100.0,151.5,True,"The Bane Fire started on October 16, 2014 and burned 48 acres in the Chino Hills State Park near the Bane Canyon entrance in San Bernardino County.",2014-10-16T14:34:00Z,6.0,7.0,0.0,45.0,4.0,12.625,4.0,0.6557377049180327
47.0,False,CAL FIRE San Benito-Monterey Unit,2.0,1,/incidents/2014/7/7/interlake-fire/,All road closures have been lifted.,38,",40",6.0,2.0,11.0,2014-07-08T18:30:00Z,3.0,False,True,Grass,2.0,3.0,35.8218,along Interlake Road between Monterey & San Luis Obispo County,-121.0226,False,Interlake Fire,100.0,151.5,True,"The Interlake Fires started on July 7, 2014 and burned along Interlake Road in Monterey & San Luis Obispo County.",2014-07-07T16:12:00Z,6.0,7.0,0.0,45.0,4.0,12.625,4.0,0.6557377049180327
40.0,False,CAL FIRE Fresno-Kings Unit,2.0,1,/incidents/2014/6/9/morgan-fire/,Highway 168 has been reopened.,9,10,6.0,2.0,11.0,2014-06-11T07:30:00Z,3.0,False,True,Grass,2.0,4.0,36.991825,"near the 16,000 block of Highway 168 near Prather",-119.525506,True,Morgan Fire,100.0,151.5,True,"The Morgan Fire started on June 9, 2014 and burned 40 acres near the 16,000 block of Highway 168 near Prather in Fresno County. ",2014-06-09T15:15:00Z,6.0,1.0,0.0,45.0,4.0,12.625,4.0,0.6557377049180327
38.0,False,CAL FIRE Nevada-Yuba-Placer,2.0,1,/incidents/2014/7/7/hutto-fire/,All road closures have been lifted.,28,29,6.0,2.0,11.0,2014-07-08T06:56:00Z,3.0,False,True,Grass,2.0,3.0,39.1871,on Hutto Rd & Keller Rd in Smartsville,-121.2687,False,Hutto Fire,100.0,151.5,True,"The Hutto Fire started on July 7, 2014 on Hutto Rd & Keller Rd in Smartsville and burned 38 acres.",2014-07-07T16:35:00Z,6.0,7.0,0.0,45.0,4.0,12.625,4.0,0.6557377049180327
37.0,False,CAL FIRE Humboldt-Del Norte Unit,2.0,1,/incidents/2014/8/1/mcclellan-fire/,All road closures have been lifted.,11,12,6.0,2.0,11.0,2014-08-02T08:00:00Z,3.0,False,True,Grass,2.0,3.0,0.0,on Hwy 36 at McClellan Mountain Rd in Dinsmore,0.0,False,McClellan Fire,100.0,151.5,True,"The McClellan Fire started August 1, 2014 and burned 37 acres on Hwy 36 and McClellan Mountain Rd, Dinsmore in Humboldt County.",2014-08-01T15:47:00Z,6.0,7.0,0.0,45.0,4.0,12.625,4.0,0.6557377049180327
37.0,False,CAL FIRE Tuolumne-Calaveras Unit,2.0,1,/incidents/2014/5/27/lake-fire/,All road closures have been lifted.,48,50,6.0,2.0,11.0,2014-05-29T08:45:00Z,3.0,False,True,Grass,2.0,3.0,0.0,Hwy 132 and Lake Rd near LaGrange,0.0,False,Lake Fire,100.0,151.5,True,"The Lake Fire started on May 27, 2014 and burned off Hwy 132 and Lake Rd near LaGrange in Stanislaus County.",2014-05-27T11:23:00Z,6.0,7.0,0.0,45.0,4.0,12.625,4.0,0.6557377049180327
31.0,False,CAL FIRE Riverside County Fire,2.0,1,/incidents/2014/6/6/bogart-fire/,All road closures have been lifted.,32,33,1.0,2.0,1.0,2014-06-07T19:00:00Z,3.0,False,True,Grass,2.0,3.0,0.0,in Bogart Park in Cherry Valley,0.0,True,Bogart Fire,100.0,51.0,True,"The Bogart Fire started on June 6, 2014 near Bogart Park, in Riverside County and burned 31 acres.",2014-06-06T17:32:00Z,6.0,7.0,0.0,45.0,4.0,25.5,4.0,1.9230769230769231
30.0,False,CAL FIRE Siskiyou Unit,2.0,1,/incidents/2014/7/29/siskiyou-county-lightning-fires/,All road closures have been lifted.,45,47,6.0,2.0,11.0,2014-08-02T11:00:00Z,3.0,False,True,Grass,2.0,3.0,0.0,Throughout Siskiyou County,0.0,True,Siskiyou County Lightning Fires,100.0,151.5,True,"The Siskiyou County Lightning Fires started on July 29, 2014 and burned 30 acres throughout Siskiyou County.",2014-07-29T13:00:00Z,6.0,7.0,0.0,45.0,4.0,12.625,4.0,0.6557377049180327
30.0,False,CAL FIRE Amador-El Dorado Unit,2.0,1,/incidents/2014/7/9/bible-fire/,All road closures have been lifted.,8,9,6.0,2.0,11.0,2014-07-09T16:45:00Z,3.0,False,True,Grass,2.0,3.0,38.608336,"off Mt Aukum Rd, Somerset ",-120.703238,False,Bible Fire,100.0,151.5,True,"The Bible Fire started on July 9, 2014 off Mt. Aukum Rd. near Somerset in El Dorado County and burned 30 acres.",2014-07-09T14:34:00Z,6.0,7.0,0.0,45.0,4.0,12.625,4.0,0.6557377049180327
29.0,False,CAL FIRE San Diego Unit,2.0,1,/incidents/2014/5/5/jacumba-fire/,All road closures have been lifted.,36,37,6.0,2.0,11.0,2014-05-06T10:20:00Z,3.0,False,True,Grass,2.0,3.0,32.665,"Off Interstate 8, east of McCain Valley Rd, east of Boulevard",-116.222,False,Jacumba Fire,100.0,151.5,True,"Jacumba Fire burned on May 5, 2014 off Interstate 8 in San Diego County.",2014-05-05T16:36:00Z,6.0,7.0,0.0,45.0,4.0,12.625,4.0,0.6557377049180327
27.0,False,CAL FIRE Sonoma-Lake-Napa Unit,2.0,1,/incidents/2014/9/11/stage-coach-fire/,All road closures have been lifted.,27,28,6.0,2.0,11.0,2014-09-15T14:20:00Z,3.0,False,True,Grass,2.0,3.0,38.695961,"Berryessa Estates, North of Lake Berryessa",-122.384054,False,Stage Coach Fire,100.0,151.5,True,"The Stage Coach Fire started on September 11, 2014 and burned 27 acres near the Berryessa Estates, north of Lake Berryessa in Napa County. ",2014-09-11T15:14:00Z,6.0,7.0,0.0,45.0,4.0,12.625,4.0,0.6557377049180327
25.0,False,Ventura County Fire Department,2.0,1,/incidents/2014/9/29/foothill-fire/,All road closures have been lifted.,56,56,6.0,2.0,11.0,2014-09-30T15:00:00Z,3.0,False,True,Grass,2.0,3.0,0.0,off Foothill Rd near Ventura ,0.0,False,Foothill Fire ,100.0,151.5,True,"The Foothill Fire started on September 29, 2014 and burned 25 acres off Foothill Rd near Ventura in Ventura County.",2014-09-29T19:35:00Z,6.0,7.0,0.0,45.0,4.0,12.625,4.0,0.6557377049180327
25.0,False,CAL FIRE Shasta-Trinity Unit,2.0,1,/incidents/2014/8/29/leopard-fire/,All road closures have been lifted.,43,45,6.0,2.0,11.0,2014-08-29T13:15:00Z,3.0,False,True,Grass,2.0,3.0,40.0,"Hyrax Road at Dersch Road, east of Redding",29.24,False,Leopard Fire,100.0,151.5,True,"The Leopard Fire started August 29 and burned 25 acres off Hyrax Road at Dersch Road, east of Redding in Shasta County.",2014-08-29T12:21:00Z,6.0,7.0,0.0,45.0,4.0,12.625,4.0,0.6557377049180327
25.0,False,CAL FIRE Fresno-Kings Unit,2.0,1,/incidents/2014/6/11/hall-fire/,All road closures have been lifted.,9,10,6.0,2.0,11.0,2014-06-09T19:15:00Z,3.0,False,True,Grass,2.0,3.0,36.742747,near Hwy 180 & Hall Lane near Squaw Valley,-119.241493,False,Hall Fire,100.0,151.5,True,"The Hall Fire started on June 9, 2014 and burned 25 acres near Hwy 180 & Hall Lane near Squaw Valley in Fresno County.",2014-06-11T07:30:00Z,6.0,7.0,0.0,45.0,4.0,12.625,4.0,0.6557377049180327
20.0,False,US Forest Service - Lake Tahoe Basin Management Unit,2.0,1,/incidents/2014/9/25/cascade-fire/,All road closures have been lifted.,8,9,6.0,2.0,11.0,2014-09-25T07:27:00Z,3.0,False,True,Grass,2.0,3.0,38.9195001,"Desolation Wilderness, 8 miles west of South Lake Tahoe",-120.1140659,False,Cascade Fire,100.0,151.5,True,"The Cascade Fire started on September 25 and burned 20 acres in Desolation Wilderness, 8 miles west of South Lake Tahoe in El Dorado County.",2014-09-25T18:00:00Z,6.0,7.0,0.0,45.0,4.0,12.625,4.0,0.6557377049180327
20.0,False,CAL FIRE San Diego Unit,2.0,1,/incidents/2014/8/16/border-fire/,All road closures have been lifted.,36,37,6.0,2.0,11.0,2014-08-17T07:45:00Z,3.0,False,True,Grass,2.0,3.0,32.59154,on Kuebler Ranch near Otay Mountain,-116.89516,False,Border Fire,100.0,151.5,True,"The Border Fire started on August 16, 2014 and burned 20 acres on Kuebler Ranch, Otay Mountain in San Diego County.",2014-08-16T16:22:00Z,6.0,7.0,0.0,45.0,4.0,12.625,4.0,0.6557377049180327
18.0,False,CAL FIRE Humboldt Del-Norte Unit,2.0,1,/incidents/2014/1/3/bridge-fire/,All road closures have been lifted.,11,12,6.0,2.0,11.0,2014-01-04T18:30:00Z,3.0,False,True,Grass,2.0,3.0,0.0,near the community of Bridgeville,0.0,False,Bridge Fire,100.0,151.5,True,"The Bridge Fire started on January 3, 2014 and burned 18 acres near the community of Bridgeville in San Diego County. ",2014-01-03T10:30:00Z,6.0,7.0,0.0,45.0,4.0,12.625,4.0,0.6557377049180327
15.0,False,Shasta - Trinity National Forest,2.0,1,/incidents/2014/7/1/west-fire/,All road closures have been lifted.,53,53,6.0,2.0,11.0,2014-07-03T10:45:00Z,3.0,False,True,Grass,2.0,3.0,40.41,near the Trinity Pines community,-123.24,False,West Fire,100.0,151.5,True,"The West Fire started on July 1, 2014 and burned 15 acres near the Trinity Pines community on Shasta - Trinity National Forest in Trinity County.",2014-07-01T03:45:00Z,6.0,7.0,0.0,45.0,4.0,12.625,4.0,0.6557377049180327
14.0,False,CAL FIRE Nevada-Yuba-Placer Unit,2.0,1,/incidents/2014/7/21/iowa-fire/,All road closures have been lifted.,30,31,6.0,2.0,11.0,2014-07-22T18:00:00Z,3.0,False,True,Grass,2.0,3.0,0.0,Iowa Hill Road south of Colfax,0.0,False,Iowa Fire,100.0,151.5,True,"The Iowa Fire started on July 21, 2014 off Iowa Hill Road south of Colfax and burned 14 acres.",2014-07-21T14:49:00Z,6.0,7.0,0.0,45.0,4.0,12.625,4.0,0.6557377049180327
14.0,False,CAL FIRE Riverside Unit,2.0,1,/incidents/2014/6/4/santa-fire/,All road closures have been lifted.,32,33,6.0,2.0,11.0,2014-06-04T16:30:00Z,3.0,False,True,Grass,2.0,3.0,0.0,off Santa Rosa & Rancho California Road in Temecula ,0.0,False,Santa Fire,100.0,151.5,True,"The Santa Fire started on June 4, 2014 and burned 30 acres off Santa Rosa & Rancho California Road in Temecula.",2014-06-04T15:18:00Z,6.0,7.0,0.0,45.0,4.0,12.625,4.0,0.6557377049180327
10.0,False,USFS - Sierra National Forest,2.0,1,/incidents/2014/8/26/pines-fire/,All road closures have been lifted.,18,20,6.0,2.0,11.0,2014-12-12T13:45:00Z,3.0,False,True,Grass,2.0,3.0,37.0,Malum Ridge Road near Bass Lake,18.4,False,Pines Fire,100.0,151.5,True,The Pines Fire burned 10 acres at Malum Ridge Road near Bass Lake in Madera County. CAL FIRE is assisting USFS with the fire.,2014-08-26T16:23:00Z,6.0,7.0,0.0,45.0,4.0,12.625,4.0,0.6557377049180327
6.0,False,CAL FIRE / Napa County Fire,2.0,1,/incidents/2014/8/24/south-napa-earthquake/,All road closures have been lifted.,27,28,6.0,2.0,11.0,2014-08-31T18:00:00Z,3.0,False,True,Grass,2.0,3.0,0.0,City and County of Napa,0.0,False,South Napa Earthquake,100.0,151.5,True,On August 24 a 6.0 magnitude earthquake occurred northwest of the City of American Canyon in Napa County. ,2014-08-24T03:20:00Z,6.0,7.0,0.0,45.0,4.0,12.625,4.0,0.6557377049180327
0.0,False,US Forest Service - Klamath National Forest,2.0,1,/incidents/2014/8/11/happy-camp-complex/,All road closures have been lifted.,45,47,6.0,2.0,11.0,2014-08-14T09:30:00Z,3.0,False,True,Grass,2.0,3.0,41.796,in the Happy Camp area,-123.374,False,Happy Camp Complex,100.0,151.5,True,"The Happy Camp Complex started on August 11, 2014 and is burning in the Happy Camp area on the Klamath National Forest in Siskiyou County",2014-08-11T22:00:00Z,6.0,7.0,0.0,45.0,4.0,12.625,4.0,0.6557377049180327
151623.0,False,Sierra National Forest ,2.0,2,/incidents/2015/7/31/rough-fire/,All road closures have been lifted.,9,10,6.0,2.0,11.0,2015-11-09T12:00:00Z,3.0,False,True,Grass,2.0,3.0,36.874,5 miles North of Hume Lake and 2.5 miles to the southwest of Spanish Mountain 5,-118.905,False,Rough Fire ,100.0,151.5,True,"The Rough Fire started on July 31 near Hume Lake, southwest of Spanish Mountain 5 on the Sierra National Forest in Fresno County. ",2015-07-31T19:00:00Z,6.0,7.0,0.0,45.0,4.0,12.625,4.0,0.6557377049180327
77081.0,False,USFS - Shasta-Trinity National Forest,2.0,2,/incidents/2015/7/30/river-complex/,All road closures have been lifted.,53,53,6.0,2.0,11.0,2015-07-31T20:25:00Z,3.0,False,True,Grass,2.0,3.0,0.0,"Near the communities of Dailey Ranch, Hoboken, Denny and Trinity Village.",0.0,False,River Complex,100.0,151.5,True,"River Complex started on July 31 Near the communities of Dailey Ranch, Hoboken, Denny and Trinity Village in Trinity County.",2015-07-30T22:30:00Z,6.0,7.0,0.0,45.0,4.0,12.625,4.0,0.6557377049180327
69438.0,False,CAL FIRE Sonoma-Lake-Napa Unit,2.0,2,/incidents/2015/7/29/rocky-fire/,All road closures have been lifted.,15,17,6.0,14.0,24.0,2015-08-14T18:15:00Z,3.0,False,True,Grass,2.0,3.0,38.8863538,"near Morgan Valley Road and Rocky Creek Road, east of Clear Lake",-122.4762475,True,Rocky Fire,100.0,227.0,True,"The Rock Fire started on July 29 near Morgan Valley Road and Rocky Creek Road, east of Lower Lake in Lake County. ",2015-07-29T15:29:00Z,8.0,96.0,0.0,45.0,8.0,9.08,16.0,0.43859649122807015
36503.0,False,USFS - Shasta-Trinity National Forest,2.0,2,/incidents/2015/7/30/fork-complex/,All road closures have been lifted.,53,53,6.0,2.0,11.0,2015-08-24T10:00:00Z,3.0,False,True,Grass,2.0,3.0,0.0,"Near the communities of Hayfork, Hyampom, and Harrison Gulch,",0.0,False,Fork Complex,100.0,151.5,True,"Fork Complex started on July 30 near the communities of Hayfork, Hyampom, and Harrison Gulch in Trinity County. ",2015-07-30T21:30:00Z,6.0,7.0,0.0,45.0,4.0,12.625,4.0,0.6557377049180327
31359.0,False,CAL FIRE / San Bernardino National Forest / San Bernardino County Fire/ San Bernardino County Sheriffs,2.0,2,/incidents/2015/6/17/lake-fire/,All road closures have been lifted.,35,36,6.0,2.0,11.0,2015-08-01T22:15:00Z,3.0,False,True,Grass,2.0,3.0,34.160277777778,"Off Hwy 38, south of Big Bear Lake",-116.89277777778,False,Lake Fire,100.0,151.5,True,"The Lake Fire started on June 17, 2015 east of Camp de Benneville Pines, off Hwy 38, south of Big Bear Lake in the San Bernardino National Forest (San Bernardino County)and burned 31,359 acres.",2015-06-17T15:52:00Z,6.0,7.0,0.0,45.0,4.0,12.625,4.0,0.6557377049180327
30361.0,False,USFS - Six Rivers National Forest,2.0,2,/incidents/2015/7/31/gasquet-complex/,All road closures have been lifted.,7,8,6.0,2.0,11.0,2015-08-04T09:00:00Z,3.0,False,True,Grass,2.0,3.0,0.0,Gasquet area,0.0,False,Gasquet Complex,100.0,151.5,True,"The Gasquet Complex started on July 31, 2015 and is burning Gasquet area in Del Norte County. ",2015-07-31T21:00:00Z,6.0,7.0,0.0,45.0,4.0,12.625,4.0,0.6557377049180327
29416.0,False,USFS - Shasta - Trinity National Forest,2.0,2,/incidents/2015/7/30/south-complex/,All road closures have been lifted.,53,53,6.0,2.0,11.0,2015-08-03T14:00:00Z,3.0,False,True,Grass,2.0,3.0,0.0,Hyampom area,0.0,False,South Complex,100.0,151.5,True,"South Complex fire in the (Hyampom area) which includes the Pattison Fire (Formerly known as the Gates Fire), the Castle Fires, Pelletreau Fire, and the Kerlin Fire.",2015-07-30T16:00:00Z,6.0,7.0,0.0,45.0,4.0,12.625,4.0,0.6557377049180327
25118.0,False,CAL FIRE Sonoma-Lake-Napa Unit,2.0,2,/incidents/2015/8/9/jerusalem-fire/,All road closures have been lifted.,15,"17,28",6.0,2.0,11.0,2015-08-25T06:45:00Z,3.0,False,True,Grass,2.0,3.0,38.8142503,"Jerusalem Valley area, northeast of Middletown",-122.4867319,True,Jerusalem Fire,100.0,151.5,True,"Jerusalem Fire started on August 9, 2015 near Jerusalem Grade Road and Soda Creek in Lower Lake/Lake County.",2015-08-09T15:34:00Z,6.0,27.0,0.0,0.0,4.0,12.625,4.0,0.6557377049180327
25118.0,False,CAL FIRE Sonoma-Lake-Napa Unit,2.0,2,/incidents/2015/8/9/jerusalem-fire/,All road closures have been lifted.,27,"17,28",6.0,2.0,11.0,2015-08-25T06:45:00Z,3.0,False,True,Grass,2.0,3.0,38.8142503,"Jerusalem Valley area, northeast of Middletown",-122.4867319,True,Jerusalem Fire,100.0,151.5,True,"Jerusalem Fire started on August 9, 2015 near Jerusalem Grade Road and Soda Creek in Lower Lake/Lake County.",2015-08-09T15:34:00Z,6.0,27.0,0.0,0.0,4.0,12.625,4.0,0.6557377049180327
10570.0,False,Bureau of Land Management,2.0,2,/incidents/2015/8/3/dodge-fire/,All road closures have been lifted.,16,18,6.0,2.0,11.0,2015-08-04T10:37:00Z,3.0,False,True,Grass,2.0,3.0,40.938,17 miles northeast of Ravendale,-120.105,False,Dodge Fire,100.0,151.5,True,"The Dodge Fire started on August 3, 2015 and burned 10,570 acres 17 miles northeast of Ravendale in Lassen County.",2015-08-03T14:15:00Z,6.0,7.0,0.0,45.0,4.0,12.625,4.0,0.6557377049180327
7509.0,False,USFS - Six Rivers National Forest,2.0,2,/incidents/2015/8/1/nickowitz-fire/,All road closures have been lifted.,7,8,6.0,2.0,11.0,2015-11-09T12:00:00Z,3.0,False,True,Grass,2.0,3.0,0.0,near Orleans,0.0,False,Nickowitz Fire,100.0,151.5,True,"The Nickowitz Fire started on August 1, 2015 near Orleans in Del Norte County. ",2015-08-01T23:23:00Z,6.0,7.0,0.0,45.0,4.0,12.625,4.0,0.6557377049180327
7000.0,False,CAL FIRE San Bernardino Unit,2.0,2,/incidents/2015/2/6/round-fire/,Open to residents only,12,"14,26",6.0,1.0,7.0,2015-02-12T07:35:00Z,3.0,False,True,Grass,2.0,4.0,0.0,Westside of Highway 395 at the Sherwin Grade,0.0,True,Round Fire,100.0,100.0,True,"The Round Fire burned 7,000 acres west of Highway 395 at the Sherwin Grade (Inyo County) in February 2015.",2015-02-06T14:07:00Z,5.0,40.0,0.0,45.0,4.0,12.5,3.0,0.9900990099009901
7000.0,False,CAL FIRE San Bernardino Unit,2.0,2,/incidents/2015/2/6/round-fire/,Open to residents only,25,"14,26",6.0,1.0,7.0,2015-02-12T07:35:00Z,3.0,False,True,Grass,2.0,4.0,0.0,Westside of Highway 395 at the Sherwin Grade,0.0,True,Round Fire,100.0,100.0,True,"The Round Fire burned 7,000 acres west of Highway 395 at the Sherwin Grade (Inyo County) in February 2015.",2015-02-06T14:07:00Z,5.0,40.0,0.0,45.0,4.0,12.5,3.0,0.9900990099009901
6980.0,False,USFS - Sequoia National Forest,2.0,2,/incidents/2015/7/19/cabin-fire/,All road closures have been lifted.,54,54,6.0,2.0,11.0,2015-09-05T18:00:00Z,3.0,False,True,Grass,2.0,3.0,36.24,"Golden Trout Wilderness, Sequoia National Forest",-118.54,False,Cabin Fire,100.0,151.5,True,"The Cabin Fire started on July 19, 2015 in the Golden Trout Wilderness on the Sequoia National Forest in Tulare County.",2015-07-19T08:00:00Z,6.0,7.0,0.0,45.0,4.0,12.625,4.0,0.6557377049180327
5702.0,False,US Forest Service - Sierra National Forest ,2.0,2,/incidents/2015/7/25/willow-fire/,All road closures have been lifted.,18,20,6.0,2.0,11.0,2015-08-13T10:30:00Z,3.0,False,True,Grass,2.0,3.0,37.279722,"off of Willow Canyon Drive and Road 274, southeast of Bass Lake",-119.50014,False,Willow Fire,100.0,151.5,True,"The Willow Fire started on July 25 off and burned 5,702 acres of Willow Canyon Drive and Road 274, southeast of Bass Lake in Madera County. ",2015-07-25T14:30:00Z,6.0,7.0,0.0,45.0,4.0,12.625,4.0,0.6557377049180327
4883.0,False,CAL FIRE Humboldt - Del Norte Unit,2.0,2,/incidents/2015/7/30/humboldt-lightning-fires/,All road closures have been lifted.,11,12,39.0,8.0,57.0,2015-08-19T19:15:00Z,3.0,False,True,Grass,10.0,14.0,0.0,"Alder Point-Blocksburg, Southeastern Humboldt County",0.0,True,Humboldt Lightning Fires,100.0,1392.0,True,"The Humboldt Lightning Fires started on June 30th near Alder Point-Blocksburg, in the Southeastern Humboldt County.",2015-07-30T16:02:00Z,6.0,7.0,0.0,45.0,10.0,24.0,18.0,0.07178750897343862
4863.0,False,USFS Modoc National Forest,2.0,2,/incidents/2015/7/30/frog-fire/,All road closures have been lifted.,24,25,6.0,2.0,11.0,2015-07-31T20:00:00Z,3.0,False,True,Grass,2.0,3.0,41.399,SW of Lava Campground,-121.392,False,Frog Fire,100.0,151.5,True,"Frog Fire started on July 30, 2015 and burned 4,863 acres southwest of Lava Campground on the Modoc National Forest in Modoc County. ",2015-07-30T17:45:00Z,6.0,7.0,0.0,45.0,4.0,12.625,4.0,0.6557377049180327
4250.0,False,CAL FIRE San Bernardino Unit/ San Bernardino National Forest / San Bernardino County Fire ,2.0,2,/incidents/2015/7/17/north-fire/,Hwy 15 open,35,36,4.0,1.0,11.0,2015-07-21T07:00:00Z,3.0,False,True,Grass,2.0,3.0,34.339,"off Interstate 15, south of Oaks Hills, in the Cajon Pass area",-117.478,True,North Fire,100.0,215.0,True,"The North Fire started on July 17 near Highway 15, near Cajon on the San Bernardino National Forest in San Bernardino County and burned 4,250 acres. ",2015-07-17T14:33:00Z,4.0,68.0,0.0,45.0,4.0,17.916666666666668,3.0,0.46296296296296297
3676.0,False,Inyo National Forest,2.0,2,/incidents/2015/8/14/walker-fire/,All road closures have been lifted.,25,26,6.0,2.0,11.0,2015-08-23T17:45:00Z,3.0,False,True,Grass,2.0,3.0,0.0,north of Walker Lake & north of June Lake Loop,0.0,False,Walker Fire,100.0,151.5,True,"The Walker Fire started on August 14, 2015 north of Walker Lake & north of June Lake Loop (Mono County).",2015-08-14T21:31:00Z,6.0,7.0,0.0,45.0,4.0,12.625,4.0,0.6557377049180327
2700.0,False,CAL FIRE Santa Clara Unit,2.0,2,/incidents/2015/8/19/tesla-fire/,All road closures have been lifted.,0,1,6.0,2.0,5.0,2015-08-22T18:30:00Z,3.0,False,True,Grass,2.0,3.0,37.3845,"off Tesla Rd near Correl Hollow, between Livermore and Tracy",-121.3732,True,Tesla Fire,100.0,18.0,True,"Tesla Fire burned 2500 acres off Tesla Road near Correl Hollow, between Livermore and Tracy in Alameda County in August 2015.",2015-08-19T14:45:00Z,6.0,7.0,0.0,45.0,1.0,3.0,4.0,5.2631578947368425
2446.0,False,CAL FIRE San Luis Obispo Unit/ Los Padres National Forest ,2.0,2,/incidents/2015/8/16/cuesta-fire/,All road closures have been lifted.,38,40,26.0,3.0,23.0,2015-08-28T18:15:00Z,3.0,False,True,Grass,3.0,1.0,35.3477,"Off Highway 101 in the Cuesta Grade, north of San Luis Obispo",-120.6269,True,Cuesta Fire,100.0,692.0,True,"The Cuesta Fire burned 2446 acres near Highway 101 in the Cuesta Grade, north of San Luis Obispo in San Luis Obispo County in August 2015.",2015-08-16T18:13:00Z,6.0,1.0,0.0,0.0,8.0,28.833333333333332,6.0,0.1443001443001443
2304.0,False,CAL FIRE Nevada-Yuba-Placer Unit,2.0,2,/incidents/2015/7/25/lowell-fire/,All road closures have been lifted.,28,29,6.0,2.0,1.0,2015-08-12T19:15:00Z,3.0,False,True,Grass,2.0,6.0,39.192088,In the Steep Hollow drainage west of Alta,-120.882313,True,Lowell Fire,100.0,27.0,True,"The Lowell Fire started on July 25, 2015 and burned 2,304 acres off Lowell Hill Rd & Chicago Park Powerhouse Rd, Alta in Nevada County.",2015-07-25T14:37:00Z,1.0,2.0,0.0,54.0,3.0,13.5,4.0,3.5714285714285716
1850.0,False,Camp Pendleton Military Base,2.0,2,/incidents/2015/8/13/horno-fire/,All road closures have been lifted.,36,37,6.0,2.0,11.0,2015-08-18T19:00:00Z,3.0,False,True,Grass,2.0,3.0,0.0,Camp Pendleton,0.0,False,Horno Fire,100.0,151.5,True,"The Horno Fire started on August 13, 2015 and burned 1,850 acres on Camp Pendleton Military Base in San Diego County.",2015-08-13T13:03:00Z,6.0,7.0,0.0,45.0,4.0,12.625,4.0,0.6557377049180327
1791.0,False,CAL FIRE San Luis Obispo Unit,2.0,2,/incidents/2015/6/20/park-hill-fire/,All road closures have been lifted.,38,40,6.0,2.0,3.0,2015-06-24T18:30:00Z,3.0,False,True,Grass,2.0,4.0,0.0,"Park Hill Rd & Las Pilitas Rd, east of Santa Margarita",0.0,True,Park Hill Fire,100.0,15.0,True,"The Park Hill Fire started on June 20, 2015 off Park Hill Rd & Las Pilitas Rd, east of San Margarita (San Luis Obispo County)",2015-06-20T14:41:00Z,6.0,23.0,0.0,45.0,4.0,3.75,4.0,6.25
1542.0,False,USFS Shasta-Trinity National Forest ,2.0,2,/incidents/2015/6/10/saddle-fire/,All road closures have been lifted.,53,53,6.0,2.0,11.0,2015-06-29T09:00:00Z,3.0,False,True,Grass,2.0,3.0,40.924,4 miles northwest of Hyampom,-123.168,False,Saddle Fire ,100.0,151.5,True,"The Saddle Fire started June 10, 4 miles northwest of Hyampom in Trinity on the Shasta-Trinity National Forest and burned 1,542 acres. ",2015-06-10T15:00:00Z,6.0,7.0,0.0,45.0,4.0,12.625,4.0,0.6557377049180327
1450.0,False,CAL FIRE Madera-Mariposa-Merced Unit,2.0,2,/incidents/2015/7/31/creek-fire/,All road closures have been lifted.,22,24,6.0,2.0,11.0,2015-08-01T19:00:00Z,3.0,False,True,Grass,2.0,3.0,0.0,"off Hwy 152 & San Luis Creek, west of Santa Nella ",0.0,False,Creek Fire,100.0,151.5,True,"Creek Fire started on July 31, 2015 and burned 1,450 acres off Hwy 152 & San Luis Creek, west of Santa Nella in Merced County.
 ",2015-07-31T21:37:00Z,6.0,7.0,0.0,45.0,4.0,12.625,4.0,0.6557377049180327
1333.0,False,CAL FIRE Madera-Mariposa-Merced Unit,2.0,2,/incidents/2015/7/18/mccabe-fire/,All road closures have been lifted.,22,24,6.0,1.0,2.0,2015-07-21T07:15:00Z,3.0,False,True,Grass,2.0,3.0,0.0,"off McCabe Rd and I-5, north of San Luis Reservoir",0.0,True,McCabe Fire,100.0,13.0,True,"The McCabe Fire started on July 18 off McCabe Road and Hwy I-5, north of San Luis Reservoir in Merced County and burned 1,333 acres.",2015-07-18T22:27:00Z,6.0,7.0,0.0,45.0,4.0,4.333333333333333,3.0,7.142857142857143
1086.0,False,CAL FIRE San Benito-Monterey Unit,2.0,2,/incidents/2015/9/19/tassajara-fire/,All road closures have been lifted.,26,27,6.0,2.0,11.0,2015-09-27T18:15:00Z,1.0,False,True,Grass,2.0,0.0,36.3699644,Tassajara Rd at Carmel Valley Rd,-121.589554,True,Tassajara Fire,100.0,55.0,True,"The Tassajara Fire started on September 19, 2015 off Tassajara Rd at Carmel Valley Rd (Monterey County)",2015-09-19T15:00:00Z,1.0,20.0,0.0,45.0,4.0,4.583333333333333,4.0,1.7857142857142858
1049.0,False,CAL FIRE/Riverside County Fire,2.0,2,/incidents/2015/4/18/highway-fire/,All road closures have been lifted.,32,33,3.0,2.0,4.0,2015-04-24T07:30:00Z,3.0,False,True,Grass,2.0,3.0,33.884313,at Hwy 71/Hwy 91 near the Prado Basin,-117.642759,True,Highway Fire,100.0,54.0,True,"The Highway Fire, at Hwy 71/Hwy 91 near Prado Basin, burned 1,020 acres in April 2015",2015-04-18T18:12:00Z,6.0,7.0,0.0,45.0,4.0,10.8,4.0,1.8181818181818181
1042.0,False,CAL FIRE Butte Unit,2.0,2,/incidents/2015/9/11/lumpkin-fire/,All road closures have been lifted.,3,4,20.0,12.0,35.0,2015-09-17T19:30:00Z,3.0,False,True,Grass,2.0,1.0,39.5218,"off Lumpkin Road and Forbestown Road, Robinson Mill",-121.3363,True,Lumpkin Fire,100.0,613.0,True,"Lumpkin Fire started on September 11, 2015 off of Lumpkin Road and Forbestown Rd, Robinson Mill (Butte County) and burned 1,042 acres.",2015-09-11T14:15:00Z,6.0,7.0,0.0,45.0,6.0,17.02777777777778,14.0,0.16286644951140064
920.0,False,CAL FIRE Madera-Mariposa-Merced Unit,2.0,2,/incidents/2015/6/18/corrine-fire/,All road closures have been lifted.,18,20,2.0,2.0,11.0,2015-06-25T18:45:00Z,3.0,False,True,Grass,2.0,3.0,37.165767,"Road 222 and Tunoi Place, north of Auberry",-119.523943,True,Corrine Fire,100.0,43.0,True,"The Corrine Fire started on June 18, 2015 north of Auberry in Madera County.",2015-06-18T21:00:00Z,6.0,3.0,0.0,45.0,2.0,3.5833333333333335,4.0,2.272727272727273
860.0,False,CAL FIRE Butte Unit / Butte County Fire,2.0,2,/incidents/2015/10/3/meridian-fire/,All road closures have been lifted.,3,4,2.0,3.0,18.0,2015-10-04T18:40:00Z,3.0,False,True,Grass,2.0,3.0,0.0,"off Hwy 99 & Meridian Rd, north of Chico",0.0,True,Meridian Fire,100.0,102.0,True,"The Meridian Fire started on October 3 off Hwy 99 & Meridian Rd, north of Chico in Butte County.",2015-10-03T21:15:00Z,6.0,7.0,0.0,45.0,2.0,5.368421052631579,5.0,0.970873786407767
673.0,False,CAL FIRE Sonoma-Lake-Napa Unit / Mendocino National Forest,2.0,2,/incidents/2015/9/2/elk-fire/,All road closures have been lifted.,15,17,4.0,1.0,10.0,2015-09-08T19:28:00Z,3.0,False,True,Grass,2.0,3.0,55.23,"Off of Elk Mountain Road and Mount Dinger Road, north of Upper Lake",-122.0,True,Elk Fire,100.0,270.0,True,"The Elk Fire started on September 2, 2015 off of Elk Mountain Road and Mount Dinger Road north of Upper Lake (Lake County) and burned 673 acres.",2015-09-02T14:57:00Z,6.0,7.0,0.0,45.0,6.0,24.545454545454547,3.0,0.36900369003690037
670.0,False,CAL FIRE San Benito - Monterey Unit,2.0,2,/incidents/2015/10/12/cienega-fire/,All road closures have been lifted.,34,35,2.0,3.0,4.0,2015-10-16T18:00:00Z,3.0,False,True,Grass,2.0,3.0,36.70854,"Cienega Rd & Limekiln Rd, south of Hollister",-121.32734,True,Cienega Fire,100.0,108.0,True,"The Cienega Fire started on October 12, 2015 off Cienega Rd & Limekiln Rd, south of Hollister (San Benito County)",2015-10-12T16:00:00Z,6.0,7.0,0.0,45.0,4.0,21.6,5.0,0.9174311926605505
543.0,False,CAL FIRE/Riverside County Fire,2.0,2,/incidents/2015/8/10/anza-fire/,All road closures have been lifted.,32,33,6.0,2.0,11.0,2015-08-15T17:30:00Z,3.0,False,True,Grass,2.0,3.0,33.5736,Highway 74 east of Highway 371,-116.5387,False,Anza Fire,100.0,151.5,True,"The Anza Fire started on August 10, 2015 off Highway 74 east of Highway 371 near Anza, in Riverside County.",2015-08-10T11:44:00Z,6.0,7.0,0.0,45.0,4.0,12.625,4.0,0.6557377049180327
509.0,False,USFS - Inyo National Forest,2.0,2,/incidents/2015/2/6/van-dyke-fire/,All road closures have been lifted.,25,26,6.0,2.0,11.0,2015-02-20T19:00:00Z,3.0,False,True,Grass,2.0,3.0,0.0,"Point Ranch, South of Bridgeport",0.0,False,Van Dyke Fire,100.0,151.5,True,"The Van Dyke Fire started on February 6, 2015 in the Inyo National Forest in Mono County.",2015-02-06T16:52:00Z,6.0,7.0,0.0,45.0,4.0,12.625,4.0,0.6557377049180327
500.0,False,Sierra National Forest,2.0,2,/incidents/2015/6/18/sky-fire/,All road closures have been lifted.,18,20,6.0,2.0,11.0,2015-06-19T08:15:00Z,3.0,False,True,Grass,2.0,3.0,0.0,"Rd 632, 2 miles from Hwy 41, Community of Calvin Crest",0.0,False,Sky Fire,100.0,151.5,True,"The Sky Fire started on June 18, 2015 near Rd 632, e miles from Hwy 41, near the community of Calvin Crest in Madera County and burned 500 acres.",2015-06-18T14:31:00Z,6.0,7.0,0.0,45.0,4.0,12.625,4.0,0.6557377049180327
430.0,False,CAL FIRE Tulare Unit,2.0,2,/incidents/2015/7/21/triple-fire/,All road closures have been lifted.,54,54,6.0,2.0,11.0,2015-07-26T10:30:00Z,3.0,False,True,Grass,2.0,3.0,36.085212,"Globe Dr and Mountain Rd, Springville",-118.824235,True,Triple Fire,100.0,151.5,True,"Triple Fire started on July 21, 2015 off of Globe Dr and Mountain Rd in the town of Springville in Tulare County. and burned 430 acres.",2015-07-21T12:35:00Z,6.0,7.0,0.0,45.0,4.0,12.625,4.0,0.6557377049180327
415.0,False,USFS - Yosemite National Park,2.0,2,/incidents/2015/9/7/tenaya-fire/,All road closures have been lifted.,20,22,6.0,2.0,11.0,2015-09-11T11:00:00Z,3.0,False,True,Grass,2.0,3.0,0.0,"north rim of Yosemite Valley, east of Yosemite Falls",0.0,False,Tenaya Fire,100.0,151.5,True,"The Yenaya Fire started on September 7, 2015, near the north rim of Yosemite Valley, east of Yosemite Falls in Yosemite National Park (Mariposa County).",2015-09-07T21:23:00Z,6.0,7.0,0.0,45.0,4.0,12.625,4.0,0.6557377049180327
415.0,False,Los Angeles County Fire ,2.0,2,/incidents/2015/6/24/calgrove-fire/,All road closures have been lifted.,17,19,6.0,2.0,11.0,2015-06-26T17:00:00Z,3.0,False,True,Grass,2.0,3.0,34.361007,"Southbound Interstate 5, North of Calgrove, Santa Clarita ",-118.535793,False,Calgrove Fire ,100.0,151.5,True,"The Calgrove Fire started on June 24 and burned 415 acres off Southbound Interstate 5, North of Calgrove in Santa Clarita (Los Angeles County.",2015-06-24T13:22:00Z,6.0,7.0,0.0,45.0,4.0,12.625,4.0,0.6557377049180327
400.0,False,CAL FIRE Butte Unit,2.0,2,/incidents/2015/7/29/swedes-fire/,All road closures have been lifted.,3,4,6.0,2.0,11.0,2015-08-03T17:00:00Z,3.0,False,True,Grass,2.0,3.0,39.43963,"Swedes Flat Road, 3 miles north of Bangor",-121.38794,True,Swedes Fire,100.0,8.0,True,"The Swedes fire started on July 29, 2015 and burned 400 acres off Swedes Flat Road, 3 miles north of Bangor in Butte County.",2015-07-29T11:25:00Z,6.0,16.0,0.0,45.0,4.0,0.6666666666666666,4.0,11.11111111111111
374.0,False,Los Angeles County Fire Department /  Montebello Fire Department,2.0,2,/incidents/2015/8/16/lincoln-fire/,All road closures have been lifted.,17,19,6.0,2.0,11.0,2015-08-20T08:10:00Z,3.0,False,True,Grass,2.0,3.0,0.0,"off Lincoln Ave, in the Whittier Narrows Park, City of Montebello",0.0,False,Lincoln Fire,100.0,151.5,True,"The Lincoln Fire started on August 16, 2015 off Lincoln Ave, in the Whittier Narrows Park in the City of Montebello in Los Angeles County.",2015-08-16T13:30:00Z,6.0,7.0,0.0,45.0,4.0,12.625,4.0,0.6557377049180327
355.0,False,CAL FIRE Amador El Dorado Unit,2.0,2,/incidents/2015/7/2/ione-fire/,All road closures have been lifted.,2,3,1.0,2.0,13.0,2015-07-02T06:36:00Z,3.0,False,True,Grass,2.0,3.0,0.0,"off Ione Rd & Hwy 16, east of Rancho Murietta",0.0,True,Ione Fire,100.0,151.5,True,"The Ione Fire off Ione Rd & Hwy 16, east of Rancho Murietta (Amador County) burned 355 acres in July 2015 and burned 355 acres.",2015-07-02T01:58:00Z,6.0,7.0,0.0,45.0,5.0,10.821428571428571,4.0,0.6557377049180327
300.0,False,Angeles National Forest,2.0,2,/incidents/2015/8/16/warm-fire/,All road closures have been lifted.,17,19,6.0,2.0,11.0,2015-08-16T20:00:00Z,3.0,False,True,Grass,2.0,3.0,0.0,Lake Hughes Rd at Warm Springs Rehab Center,0.0,False,Warm Fire,100.0,151.5,True,The Warm Fire burned 300 acres in the Angeles National Forest near Lake Hughes Road at Warm Springs Rehab Center in August 2015,2015-08-16T15:30:00Z,6.0,7.0,0.0,45.0,4.0,12.625,4.0,0.6557377049180327
300.0,False,CAL FIRE Santa Clara Unit,2.0,2,/incidents/2015/6/5/site-fire/,All road closures have been lifted.,0,1,6.0,2.0,11.0,2015-06-06T07:15:00Z,3.0,False,True,Grass,2.0,3.0,0.0,near Corral Hollow Road and the Alameda-San Joaquin county line.,0.0,False,Site Fire,100.0,151.5,True,The Site Fire burned 300 acres in Alameda Co. near Corral Hollow Rd close to the Alameda-San Joaquin Co. line in June 2015.,2015-06-05T20:22:00Z,6.0,7.0,0.0,45.0,4.0,12.625,4.0,0.6557377049180327
282.0,False,USFS - Los Padres National Forest,2.0,2,/incidents/2015/8/2/chorro-fire/,All road closures have been lifted.,56,56,6.0,2.0,11.0,2015-08-12T08:00:00Z,3.0,False,True,Grass,2.0,3.0,0.0,"Maricopa Highway 33 & Chorro Grande Canyon, north of Ojai ",0.0,False,Chorro Fire,100.0,151.5,True,"The Chorro Fire started on August 2, 2015 and burned 282 acres off Maricopa Highway 33 and Chorro Grande Canyon, North of Ojai in Ventura County.",2015-08-02T13:15:00Z,6.0,7.0,0.0,45.0,4.0,12.625,4.0,0.6557377049180327
275.0,False,CAL FIRE Madera-Mariposa-Merced Unit,2.0,2,/incidents/2015/5/11/forebay-fire/,All road closures have been lifted.,22,24,6.0,2.0,11.0,2015-05-11T12:15:00Z,3.0,False,True,Grass,2.0,3.0,37.08312,off Hwy 152 near the O’Neill Forebay ,-121.06963,False,Forebay Fire,100.0,151.5,True,"The Forebay Fire burned 275 acres off Hwy 152 near the O’Neill Forebay in Merced County in May, 2015.",2015-05-11T10:26:00Z,6.0,7.0,0.0,45.0,4.0,12.625,4.0,0.6557377049180327
242.0,False,CAL FIRE Santa Clara Unit,2.0,2,/incidents/2015/5/28/christensen-fire/,All road closures have been lifted.,0,1,6.0,2.0,11.0,2015-05-28T10:30:00Z,3.0,False,True,Grass,2.0,3.0,0.0,Christensen Rd and Burns Rd in the Altamont Pass area,0.0,False,Christensen Fire,100.0,151.5,True,The Christensen Fire burned 242 acres in May 2015 off Christensen Rd and Burns Rd in the Altamont Pass area in Alameda County. ,2015-05-28T17:00:00Z,6.0,7.0,0.0,45.0,4.0,12.625,4.0,0.6557377049180327
227.0,False,USFS - Mendocino National Forest,2.0,2,/incidents/2015/7/30/mendocino-national-forest-lightning-complex/,All road closures have been lifted.,21,23,6.0,2.0,11.0,2015-08-07T21:00:00Z,3.0,False,True,Grass,2.0,3.0,0.0,throughout Mendocino National Forest,0.0,False,Mendocino National Forest Lightning Complex,100.0,151.5,True,"The Mendocino National Forest Lightning Complex started on July 30, 2015 and was a total of 15 fire that burned 227 acres throughout Mendocino National Forest in Mendocino County.",2015-07-30T14:00:00Z,6.0,7.0,0.0,45.0,4.0,12.625,4.0,0.6557377049180327
215.0,False,CAL FIRE Santa Clara Unit,2.0,2,/incidents/2015/9/9/pacheco-fire/,All road closures have been lifted.,41,43,6.0,2.0,11.0,2015-09-10T18:50:00Z,3.0,False,True,Grass,2.0,3.0,0.0,"off Hwy 152 at Dinosaur Point, 3 miles west of San Luis Reservoir",0.0,False,Pacheco Fire,100.0,151.5,True,"Pacheco Fire started on September 9, 2015 off Hwy 152 at Dinosaur Point, 3 miles west of San Luis Reservoir (Santa Clara County) and burned 215 acres.",2015-09-09T15:58:00Z,6.0,7.0,0.0,45.0,4.0,12.625,4.0,0.6557377049180327
215.0,False,CAL FIRE Sonoma-Lake-Napa Unit,2.0,2,/incidents/2015/8/22/peterson-fire/,All road closures have been lifted.,15,17,6.0,2.0,4.0,2015-08-27T15:15:00Z,3.0,False,True,Grass,2.0,3.0,38.925764,"off Peterson Lane and Adobe Creek Road, near Kelseyville",-122.879272,True,Peterson Fire,100.0,151.5,True,"The Peterson Fire burned 215 acres off Peterson Lane cross of Adobe Creek Road, near Kelseyville in Lake County in August 2015.",2015-08-22T17:30:00Z,6.0,7.0,0.0,45.0,4.0,30.3,4.0,0.6557377049180327
214.0,False,Orange County Fire Authority,2.0,2,/incidents/2015/7/13/241-fire/,All road closures have been lifted.,29,30,6.0,2.0,11.0,2015-07-15T18:45:00Z,3.0,False,True,Grass,2.0,3.0,33.7626,"Hwy 241, south of Santiago Canyon Rd, near Irvine Lake (Orange County)",-117.7274,False,241 Fire,100.0,151.5,True,"241 Fire started on July 13 off Hwy 241, south of Santiago Canyon Rd, near Irvine Lake (Orange County) and burned 214 acres.",2015-07-13T10:47:00Z,6.0,7.0,0.0,45.0,4.0,12.625,4.0,0.6557377049180327
212.0,False,CAL FIRE Shasta-Trinity Unit,2.0,2,/incidents/2015/7/29/china-fire/,All road closures have been lifted.,43,45,3.0,1.0,20.0,2015-08-01T19:00:00Z,3.0,False,True,Grass,2.0,2.0,40.415108,"China Gulch, Happy Valley, Southwest of Redding",-122.439939,True,China Fire,100.0,120.0,True,"The China Fire started on July 29, 2015 and burned 212 acres off China Gulch, southwest of Redding in Shasta County.",2015-07-29T17:55:00Z,1.0,5.0,0.0,45.0,5.0,5.714285714285714,3.0,0.8264462809917356
211.0,False,Santa Barnara County Fire Department,2.0,2,/incidents/2015/6/29/mesa-fire/,All road closures have been lifted.,40,42,6.0,2.0,11.0,2015-06-29T17:05:00Z,3.0,False,True,Grass,2.0,3.0,0.0,off Burton Mesa Blvd in Lompoc,0.0,False,Mesa Fire,100.0,151.5,True,"The Mesa Fire off Burton Mesa Blvd in Lompoc, in Santa Barbara County. Burned 211 acres in June 2015 and burned 211 acres. ",2015-06-29T13:11:00Z,6.0,7.0,0.0,45.0,4.0,12.625,4.0,0.6557377049180327
204.0,False,CAL FIRE Tuolumne-Calaveras Unit,2.0,2,/incidents/2015/7/29/big-creek-fire/,All road closures have been lifted.,55,55,5.0,1.0,9.0,2015-08-04T18:00:00Z,3.0,False,True,Grass,2.0,3.0,37.823,off Hwy120 and Sprague Rd near Groveland ,-120.15644,True,Big Creek Fire,100.0,115.0,True,"The Big Creek Fire started on July 29, 2015 and burned 204 acres off Hwy 120 and Sprague Rd near Groveland in Tuolumne County and burned 204 acres.",2015-07-29T16:30:00Z,6.0,7.0,0.0,45.0,2.0,11.5,3.0,0.8620689655172413
200.0,False,USFS - Angeles National Forest ,2.0,2,/incidents/2015/7/17/pines-fire/,All road closures have been lifted.,17,19,6.0,2.0,11.0,2015-08-04T08:15:00Z,3.0,False,True,Grass,2.0,3.0,34.367,Angeles Crest Highway (Hwy 2) north of Wrightwood and near Big Pines,-117.683,False,Pines Fire ,100.0,151.5,True,The Pines Fire started on July 17 off Angeles Crest Highway (Hwy 2) north of Wrightwood and near Big Pines on the Angeles National Forest in Los Angeles County and burned 200 acres. ,2015-07-17T21:30:00Z,6.0,7.0,0.0,45.0,4.0,12.625,4.0,0.6557377049180327
200.0,False,Shasta-Trinity National Forest,2.0,2,/incidents/2015/2/24/stephens-fire/,All road closures have been lifted.,45,47,6.0,2.0,11.0,2015-03-02T09:00:00Z,3.0,False,True,Grass,2.0,3.0,41.485,"Approx. 18 miles northeast of McCloud, just south of Horse Peak",-121.851,False,Stephens Fire,100.0,151.5,True,"The Stephens Fire burned 200 acres about 18 miles northeast of McCloud, just south of Horse Peak on the Shasta-Trinity National Forest(Siskiyou County) in February 2015. ",2015-02-24T12:15:00Z,6.0,7.0,0.0,45.0,4.0,12.625,4.0,0.6557377049180327
195.0,False,CAL FIRE Santa Clara Unit,2.0,2,/incidents/2015/7/30/vasco-fire/,All road closures have been lifted.,6,7,6.0,2.0,11.0,2015-07-30T16:00:00Z,3.0,False,True,Grass,2.0,3.0,37.81629,"Vasco Rd,  3 miles southwest of Byron",-121.68113,False,Vasco Fire,100.0,151.5,True,"The Vasco Fire started on July 30, 2015 and burned 195 acres off Vasco Rd., 3 miles southwest of Byron in Contra Costa County.",2015-07-30T11:18:00Z,6.0,7.0,0.0,45.0,4.0,12.625,4.0,0.6557377049180327
186.0,False,Ventura County Fire Department,2.0,2,/incidents/2015/8/14/rustic-fire/,All road closures have been lifted.,56,56,6.0,2.0,11.0,2015-08-16T12:00:00Z,3.0,False,True,Grass,2.0,3.0,0.0,Rustic Hills Drive in the Wood Ranch area Simi Valley,0.0,False,Rustic Fire,100.0,151.5,True,"The Rustic Fire started on August 14, 2015 and burned 186 acres off Rustic Hills Drive in the Wood Ranch area of Simi Valley in Ventura County. ",2015-08-14T15:22:00Z,6.0,7.0,0.0,45.0,4.0,12.625,4.0,0.6557377049180327
181.0,False,CAL FIRE Siskiyou Unit ,2.0,2,/incidents/2015/7/13/cooley-fire/,All road closures have been lifted.,45,47,6.0,2.0,11.0,2015-07-14T08:30:00Z,3.0,False,True,Grass,2.0,3.0,41.8048,5 miles North of the community of Montague on Cooley Rd,-122.5029,False,Cooley Fire,100.0,151.5,True,"Cooley Fire started on July 13 north of Montague on Cooley Road, in Siskiyou County and burned 181 acres. ",2015-07-13T17:56:00Z,6.0,7.0,0.0,45.0,4.0,12.625,4.0,0.6557377049180327
171.0,False,CAL FIRE San Diego Unit,2.0,2,/incidents/2015/6/17/wildcat-fire/,All road closures have been lifted.,36,37,6.0,2.0,11.0,2015-06-19T17:45:00Z,3.0,False,True,Grass,2.0,3.0,32.9421,"Wildcat Canyon Rd and Barona Rd, east of Fernbrook",-116.8534,False,Wildcat Fire,100.0,151.5,True,"The Wildcat Fire started on June 17, 2015 off Wildcat Canyon Rd and Barona Rd, east of Fernbrook (San Diego County)",2015-06-17T17:03:00Z,6.0,7.0,0.0,45.0,4.0,12.625,4.0,0.6557377049180327
170.0,False,CAL FIRE Fresno Kings Unit,2.0,2,/incidents/2015/9/9/creek-fire/,All road closures have been lifted.,9,10,6.0,2.0,11.0,2015-09-11T19:17:00Z,3.0,False,True,Grass,2.0,3.0,40.400196,Squaw Valley Road and Sand Creek Road,-120.553075,False,Creek Fire,100.0,151.5,True,"Creek Fire Started on September 9, 2015 off Squaw Valley Road and Sand Creek Road, (Fresno County) and burned 170 acres.",2015-09-09T14:30:00Z,6.0,7.0,0.0,45.0,4.0,12.625,4.0,0.6557377049180327
170.0,False,CAL FIRE Tehama-Glenn Unit,2.0,2,/incidents/2015/7/4/black-fire/,All road closures have been lifted.,52,52,6.0,2.0,11.0,2015-07-04T20:15:00Z,3.0,False,True,Grass,2.0,3.0,39.8448,"off Black Butte Rd, near Black Butte Lake",-122.3638,False,Black Fire,100.0,151.5,True,"The Black Fire started on July 4, 2015 off Black Butte Rd, near Black Butte Lake (Tehama County) and burned 170 acres.",2015-07-04T16:33:00Z,6.0,7.0,0.0,45.0,4.0,12.625,4.0,0.6557377049180327
167.0,False,Kern County Fire Department ,2.0,2,/incidents/2015/8/20/flat-fire/,All road closures have been lifted.,13,15,6.0,2.0,11.0,2015-08-21T18:45:00Z,3.0,False,True,Grass,2.0,3.0,0.0,"southeast of Woody, south of Poso Flat Road & Burke Creek",0.0,False,Flat Fire ,100.0,151.5,True,"The Flat Fire burned 167 acres in Kern County southeast of Woody, south of Poso Flat Road and Burke Creek in August 2015.",2015-08-20T15:57:00Z,6.0,7.0,0.0,45.0,4.0,12.625,4.0,0.6557377049180327
167.0,False,USFS - Cleveland National Forest,2.0,2,/incidents/2015/7/24/cutca-fire/,All road closures have been lifted.,36,37,6.0,2.0,11.0,2015-07-26T06:45:00Z,3.0,False,True,Grass,2.0,3.0,33.383889,"On Palomar Mountain, north of the Palomar Observatory",-116.868611,False,Cutca Fire,100.0,151.5,True,"The Cutca Fire started on July 24, 2015 and burned 167 acres on Palomar Mountain, north of the Palomar Observatory in San Diego County.",2015-07-24T16:18:00Z,6.0,7.0,0.0,45.0,4.0,12.625,4.0,0.6557377049180327
164.0,False,Ventura County Fire,2.0,2,/incidents/2015/6/22/river-fire/,All road closures have been lifted.,56,56,6.0,2.0,11.0,2015-06-25T07:00:00Z,3.0,False,True,Grass,2.0,3.0,0.0," Acacia Way and Corporation Court, Santa Paula  ",0.0,False,River Fire,100.0,151.5,True,"The River Fire started on June 22, 2015 and burned 164 acres off Acacia Way and Corporation Court, Santa Paula in Ventura county",2015-06-22T07:00:00Z,6.0,7.0,0.0,45.0,4.0,12.625,4.0,0.6557377049180327
158.0,False,CAL FIRE Humboldt-Del Norte Unit,2.0,2,/incidents/2015/7/24/queen-fire/,All road closures have been lifted.,11,12,6.0,5.0,10.0,2015-08-01T21:45:00Z,3.0,False,True,Grass,2.0,2.0,41.295667,"off Hwy 169 & McKinnon Hill Rd, 5 miles southeast of Pecwan",-123.784067,True,Queen Fire,100.0,57.0,True,"The Queen Fire started on July 24, 2015 and burned 158 acres off Hwy 169 & McKinnon Hill Rd, 5 miles southeast of Pecwan in Humboldt County.",2015-07-24T23:00:00Z,6.0,7.0,0.0,45.0,4.0,5.181818181818182,7.0,1.7241379310344827
158.0,False,CAL FIRE Nevada-Yuba-Placer Unit,5.0,2,/incidents/2015/6/18/cook-fire/,All road closures have been lifted.,58,58,11.0,9.0,25.0,2015-06-22T11:45:00Z,3.0,False,True,Grass,4.0,3.0,39.2688,"UC Field Station, Scott Forbes Road",-121.26471,True,Cook Fire,100.0,250.0,True,"The Cook Fire started June 18, 2015 near the UC Field Station, Scott Forbes Road in Yuba County.",2015-06-18T13:07:00Z,6.0,7.0,0.0,45.0,4.0,9.615384615384615,13.0,0.398406374501992
150.0,False,CAL FIRE Sonoma-Lake-Napa,0.0,2,/incidents/2015/7/6/sky-fire/,Mix Canyon Road,46,48,13.0,3.0,15.0,2015-07-08T20:45:00Z,3.0,False,True,Grass,0.0,3.0,38.4113,"Mix Canyon Rd & Sky Ranch Road, northwest of Vacaville",-122.0789,True,Sky Fire,100.0,275.0,True,"The Sky Fire started on July 6, 2015 off Mix Canyon Rd & Sky Ranch Rd in Solano County and burned 150 acres.",2015-07-06T10:47:00Z,6.0,7.0,0.0,45.0,5.0,17.1875,3.0,0.36231884057971014
150.0,False,CAL FIRE Riverside County Fire,2.0,2,/incidents/2015/7/1/merwin-fire/,All road closures have been lifted.,32,33,6.0,2.0,11.0,2015-07-04T13:00:00Z,3.0,False,True,Grass,2.0,3.0,0.0,off Merwin St in Moreno Valley ,0.0,False,Merwin Fire,100.0,151.5,True,"The Merwin Fire started on July 1, 2015 off Merwin St in Moreno Valley (Riverside County) in July 2015 and burned 150 acres.",2015-07-01T20:38:00Z,6.0,7.0,0.0,45.0,4.0,12.625,4.0,0.6557377049180327
146.0,False,CAL FIRE Humboldt-Del Norte Unit,2.0,2,/incidents/2015/8/18/horse-fire/,All road closures have been lifted.,11,12,6.0,2.0,11.0,2015-08-29T07:00:00Z,3.0,False,True,Grass,2.0,3.0,40.1058823,"Saddle Mountain Road, 6 miles NE Shelter Cove",-124.0720419,True,Horse Fire,100.0,45.0,True,"The Horse Fire near Saddle Mountain Road, 6 miles northeast of Shelter Cove burned 137 acres in August 2015.",2015-08-18T18:30:00Z,6.0,7.0,0.0,45.0,4.0,3.75,4.0,2.1739130434782608
137.0,False,**This was NOT a CAL FIRE Incident. Click this link for more information from the US Forest Service  ,2.0,2,/incidents/2015/4/13/ward-fire/,All road closures have been lifted.,31,32,6.0,2.0,11.0,2015-04-18T23:50:00Z,3.0,False,True,Grass,2.0,3.0,40.050833333333,East of Taylorsville,-120.70166666667,False,Ward Fire,100.0,151.5,True,The Ward Fire east of Taylorsville burned in Plumas County in April 2015.,2015-04-13T05:30:00Z,6.0,7.0,0.0,45.0,4.0,12.625,4.0,0.6557377049180327
135.0,False,CAL FIRE Madera-Mariposa-Merced Unit,2.0,2,/incidents/2015/6/21/red-fire/,All road closures have been lifted.,18,20,6.0,2.0,11.0,2015-06-23T18:25:00Z,3.0,False,True,Grass,2.0,3.0,37.072561,"Red Tail Road and Road 211, south of O'Neal",-119.6958,False,Red Fire,100.0,151.5,True,"The Red Fire started on June 21, 2015 off Red Tail Road and Road 211, south of O'Neal (Madera County).",2015-06-21T12:08:00Z,6.0,7.0,0.0,45.0,4.0,12.625,4.0,0.6557377049180327
128.0,False,CAL FIRE Shasta-Trinity Unit,2.0,2,/incidents/2015/8/25/democrat-fire/,All road closures have been lifted.,53,53,6.0,2.0,11.0,2015-08-29T18:45:00Z,3.0,False,True,Grass,2.0,3.0,40.724898,"Democrat Gulch, west of Weaverville ",-122.96174,True,Democrat Fire,100.0,151.5,True,"The Democrat Fire burned 128 acres near Democrat Gulch, west of Weaverville in Trinity County in August 2015.",2015-08-25T14:08:00Z,6.0,7.0,0.0,45.0,4.0,12.625,4.0,0.6557377049180327
122.0,False,CAL FIRE Amador-El Dorado Unit,2.0,2,/incidents/2015/6/18/collier-fire/,All road closures have been lifted.,37,39,6.0,2.0,11.0,2015-06-18T21:15:00Z,3.0,False,True,Grass,2.0,3.0,0.0,"Jack Tone Rd & Collier Rd, east of Herald",0.0,False,Collier Fire,100.0,151.5,True,"The Collier Fire started on June 18, 2015 off Jack Tone Rd & Collier Rd, east of Herald (San Joaquin County).",2015-06-18T14:09:00Z,6.0,7.0,0.0,45.0,4.0,12.625,4.0,0.6557377049180327
116.0,False,CAL FIRE Lassen-Modoc Unit,2.0,2,/incidents/2015/7/23/3-11-fire/,All road closures have been lifted.,24,25,6.0,2.0,11.0,2015-07-26T10:10:00Z,3.0,False,True,Grass,2.0,3.0,41.29226,"on Splawn Mountain, northeast of Bieber",-121.172117,False,3-11 Fire,100.0,151.5,True,"The 3-11 Fire start on July 23, 2015 on Splawn Mountain, northeast of Bieber in Modoc County and burned 116 acres.",2015-07-23T16:40:00Z,6.0,7.0,0.0,45.0,4.0,12.625,4.0,0.6557377049180327
114.0,False,CAL FIRE Tuolumne Calaveras Unit,2.0,2,/incidents/2015/8/13/mark-fire/,All road closures have been lifted.,4,5,6.0,2.0,5.0,2015-08-18T07:15:00Z,3.0,False,True,Grass,2.0,3.0,38.052,Marks Ranch Rd south of Angels Camp,-120.5577,True,Mark Fire,100.0,20.0,True,The Marks Fire burned 114 acres off Marks Ranch Rd south of Angels Camp in Calaveras County in August 2015.,2015-08-13T16:15:00Z,6.0,7.0,0.0,45.0,4.0,3.3333333333333335,4.0,4.761904761904762
112.0,False,CAL FIRE Tuolumne-Calaveras Unit,2.0,2,/incidents/2015/8/15/tulloch-fire/,All road closures have been lifted.,55,55,6.0,2.0,11.0,2015-08-16T19:20:00Z,3.0,False,True,Grass,2.0,3.0,37.83618,"south of Hwy 108 & Tulloch Rd, south of Lake Tulloch",-120.61691,False,Tulloch Fire,100.0,151.5,True,"The Tulloch Fire started on August 15, 2015 and burned 112 acres south near Hwy 108 & Tulloch Rd, south of Lake Tulloch (Tuolumne County).",2015-08-15T16:11:00Z,6.0,7.0,0.0,45.0,4.0,12.625,4.0,0.6557377049180327
111.0,False,Bureau of Land Management - Northern California District,2.0,2,/incidents/2015/6/30/shinn-fire/,All road closures have been lifted.,16,18,6.0,2.0,11.0,2015-07-03T18:00:00Z,3.0,False,True,Grass,2.0,3.0,0.0,"near Shinn Mountain, 10 miles southeast of Ravendale",0.0,False,Shinn Fire,100.0,151.5,True,"The Shinn Fire started on June 30, 2015 near Shinn Mountain, 10 miles southeast of Ravendale (Lassen County) and burned 111 acres.",2015-06-30T18:00:00Z,6.0,7.0,0.0,45.0,4.0,12.625,4.0,0.6557377049180327
110.0,False,CAL FIRE Amador-El Dorado Unit,2.0,2,/incidents/2015/9/3/apple-fire/,All road closures have been lifted.,33,34,1.0,2.0,11.0,2015-09-03T14:30:00Z,3.0,False,True,Grass,2.0,3.0,0.0,Off Apple Rd in Wilton,0.0,True,Apple Fire,100.0,151.5,True,"The Apple Fire started on September 3, 2015 off Apple Road in Wilton, California (Sacramento County).",2015-09-03T12:12:00Z,6.0,7.0,0.0,45.0,4.0,12.625,4.0,0.6557377049180327
110.0,False,CAL FIRE Tehama-Glenn Unit,2.0,2,/incidents/2015/8/8/36-fire/,All road closures have been lifted.,52,52,6.0,2.0,11.0,2015-08-09T20:30:00Z,3.0,False,True,Grass,2.0,3.0,40.3506868,off Highwat 36 near Paynes Creek,-121.7786799,True,36 Fire,100.0,151.5,True,"Fire started on August 8, 2015 off Highway 36 near Paynes Creek (Tehama County) and burned 110 acres.",2015-08-08T14:55:00Z,6.0,1.0,0.0,45.0,4.0,12.625,4.0,0.6557377049180327
110.0,False,CAL FIRE Nevada-Yuba-Placer Unit,2.0,2,/incidents/2015/6/8/riosa-fire/,All road closures have been lifted.,30,31,6.0,2.0,11.0,2015-06-08T11:45:00Z,3.0,False,True,Grass,2.0,3.0,0.0,"Riosa Rd & Thousand Oaks Dr, north of Lincoln",0.0,True,Riosa Fire,100.0,151.5,True,"The Riosa Fire burned 110 acres on June 8th off Riosa Road and Thousand Oaks Dr, north of Lincoln in Placer County.",2015-06-08T10:33:00Z,6.0,7.0,0.0,45.0,4.0,12.625,4.0,0.6557377049180327
109.0,False,CAL FIRE Shasta-Trinity Unit,2.0,2,/incidents/2015/9/11/walker-fire/,All road closures have been lifted.,43,45,2.0,2.0,2.0,2015-09-13T10:15:00Z,3.0,False,True,Grass,2.0,3.0,40.47512,Windwalker Ln & Small Farms Dr in Igo,-122.52541,True,Walker Fire,100.0,45.0,True,"Walker Fire started on September 11, 2015 on Windwalker Ln & Small Farms Dr in Igo (Shasta County) and burned 109 acres.",2015-09-11T15:08:00Z,6.0,7.0,0.0,45.0,1.0,15.0,4.0,2.1739130434782608
108.0,False,CAL FIRE Tuolumne-Calaveras Unit,2.0,2,/incidents/2015/9/8/oak-fire/,Old Oak Ranch Road  remains closed. Big Hill Road is open.,55,55,3.0,2.0,3.0,2015-09-15T19:15:00Z,3.0,False,True,Grass,2.0,1.0,38.04684,"off Old Oak Ranch Rd & Big Hill Rd in the Cedar Ridge area, northeast of Sonora ",-120.30188,True,Oak Fire,100.0,59.0,True,"The Oak Fire started on September 8, 2015 off Old Oak Ranch Rd & Big Hill Rd in the Cedar Ridge area, northeast of Sonora in (Tuolumne County) and burned 108 acres.",2015-09-08T13:23:00Z,6.0,3.0,0.0,45.0,4.0,14.75,4.0,1.6666666666666667
104.0,False,CAL FIRE Butte Unit ,2.0,2,/incidents/2015/10/2/munjar-fire/,All road closures have been lifted.,3,4,6.0,2.0,11.0,2015-10-02T17:50:00Z,3.0,False,True,Grass,2.0,3.0,39.8707,"Munjar Rd, 10 miles north of Chico",-121.8938,False,Munjar Fire,100.0,151.5,True,"The Munjar Fire started on October 2, off Munjar Rd, 10 miles north of Chico in Butte County. ",2015-10-02T14:38:00Z,6.0,7.0,0.0,45.0,4.0,12.625,4.0,0.6557377049180327
100.0,False,San Bernardino National Forest,2.0,2,/incidents/2015/6/25/sterling-fire/,All road closures have been lifted.,35,36,6.0,2.0,11.0,2015-06-29T09:00:00Z,3.0,False,True,Grass,2.0,3.0,34.165974,Sterling Avenue x Foothill Drive East,-117.243878,False,Sterling Fire,100.0,151.5,True,"The Sterling Fire started on June 25, 2015 off Sterling Avenue and Foothill Drive East in San Bernardino County and burned 100 acres.",2015-06-25T18:30:00Z,6.0,7.0,0.0,45.0,4.0,12.625,4.0,0.6557377049180327
95.0,False,CAL FIRE San Benito-Monterey Unit,2.0,2,/incidents/2015/9/19/laureles-fire/,All road closures have been lifted.,26,27,6.0,2.0,11.0,2015-09-21T18:20:00Z,3.0,False,True,Grass,2.0,3.0,36.5696373,off Laureles Grade and Highway 68 ,-121.7556029,False,Laureles Fire,100.0,151.5,True,The Laureles Fire in Monterey County burned 95 acres in September 2015,2015-09-19T15:25:00Z,6.0,7.0,0.0,45.0,4.0,12.625,4.0,0.6557377049180327
95.0,False,CAL FIRE San Luis Obispo Unit,2.0,2,/incidents/2015/7/10/deer-fire/,All road closures have been lifted.,38,40,14.0,1.0,15.0,2015-07-15T07:00:00Z,3.0,False,True,Grass,2.0,3.0,35.7183,southwest of Lake Nacimiento ,-121.0157,True,Deer Fire,100.0,379.0,True,Firefighters are battling a 150 acre fire southwest of Lake Nacimiento (San Luis Obispo County). ,2015-07-10T12:41:00Z,6.0,7.0,0.0,45.0,2.0,23.6875,3.0,0.2631578947368421
90.0,False,CAL FIRE Shasta-Trinity Unit,2.0,2,/incidents/2015/7/30/sprig-fire/,All road closures have been lifted.,43,45,6.0,2.0,11.0,2015-07-31T18:30:00Z,3.0,False,True,Grass,2.0,3.0,40.49865,"Sprig Way and Millville Plains Rd, Millville; 10 miles southeast of Redding",-122.20109,False,Sprig Fire,100.0,151.5,True,"The Sprig Fire started on July 30, 2015 and burned 90 acres of Sprig Way and Millville Plains Rd., 10 miles southeast of Redding in Shasta County.",2015-07-30T12:57:00Z,6.0,7.0,0.0,45.0,4.0,12.625,4.0,0.6557377049180327
86.0,False,CAL FIRE Tulare Unit,2.0,2,/incidents/2015/7/30/advance-fire/,All road closures have been lifted.,54,54,6.0,2.0,10.0,2015-08-05T17:45:00Z,3.0,False,True,Grass,2.0,4.0,36.49845,5 miles north of the community of Three Rivers near Advance,-118.9009,True,Advance Fire,100.0,150.0,True,"The Advance Fire started on July 30, 2015 and burned 86 acres near 5 miles north of the community of Three Rivers near Advance in Tulare County.",2015-07-30T12:40:00Z,6.0,7.0,0.0,45.0,1.0,13.636363636363637,4.0,0.6622516556291391
80.0,False,CAL FIRE San Diego Unit / Chula Vista Fire Department,2.0,2,/incidents/2015/6/26/otay-fire/,All road closures have been lifted.,36,37,6.0,2.0,11.0,2015-06-26T22:15:00Z,3.0,False,True,Grass,2.0,3.0,32.6449163,off Otay Lakes Road and Woods Drive in Chula Vista,-116.9454387,False,Otay Fire,100.0,151.5,True,"The Otay Fire started on June 26, 2016 off Otay Lakes Rd. and Woods Drive in Chula Vista (San Diego County.) Fire burned 80 acres in June 2015.",2015-06-26T16:06:00Z,6.0,7.0,0.0,45.0,4.0,12.625,4.0,0.6557377049180327
80.0,False,"**This is no longer a CAL FIRE incident.  At 6 pm on Thursday, June 04, BIA took over management of the fire**",2.0,2,/incidents/2015/6/1/harrison-fire/,All road closures have been lifted.,32,33,6.0,2.0,11.0,2015-06-05T16:32:00Z,3.0,False,True,Grass,2.0,3.0,0.0,Avenue 66 and Harrison Street near Thermal  ,0.0,False,Harrison Fire,100.0,151.5,True,"The Harrison Fire, near Ave. 66 and Harrison St. near Thermal, burned 80 acres and was 95% contained when command was turned over to BIA on June 04, 2015. ",2015-06-01T10:16:00Z,6.0,7.0,0.0,45.0,4.0,12.625,4.0,0.6557377049180327
77.0,False,CAL FIRE Lassen-Modoc Unit,2.0,2,/incidents/2015/7/23/3-12-fire/,All road closures have been lifted.,24,25,6.0,2.0,11.0,2015-07-25T22:00:00Z,3.0,False,True,Grass,2.0,3.0,40.856422,"in Dixie Valley, southwest of Bieber",-121.101623,False,3-12 Fire,100.0,151.5,True,"The 3-12 Fire started on July 23, 2015 in Dixie Valley, southwest of Bieber in Modoc County and burned 77 acres.",2015-07-23T17:30:00Z,6.0,7.0,0.0,45.0,4.0,12.625,4.0,0.6557377049180327
75.0,False,CAL FIRE Shasta-Trinity Unit,2.0,2,/incidents/2015/8/2/fern-fire/,All road closures have been lifted.,43,45,6.0,2.0,11.0,2015-08-04T18:00:00Z,3.0,False,True,Grass,2.0,3.0,40.67868,"Fern Rd and Oak Run Rd, 1 mile east of the Community of Oak Run",-121.93244,True,Fern Fire,100.0,151.5,True,"The Fern Fire started on August 2, 2015 and burned 75 acres off Fern Rd and Oak Run Rd, 1 mile east of the Community of Oak Run in Shasta County.",2015-08-02T03:00:00Z,6.0,7.0,0.0,45.0,4.0,12.625,4.0,0.6557377049180327
75.0,False,CAL FIRE Shasta-Trinity Unit,2.0,2,/incidents/2015/7/29/mallard-fire/,All road closures have been lifted.,43,45,1.0,2.0,4.0,2015-07-31T18:40:00Z,3.0,False,True,Grass,2.0,2.0,40.509552,off Mallard Way in Millville ,-122.199227,True,Mallard Fire,100.0,40.0,True,"The Mallard fire started on July 29, 2015 and burned 75 acres off Mallard Way in Millville (Shasta County.)",2015-07-29T16:30:00Z,6.0,1.0,0.0,45.0,4.0,8.0,4.0,2.4390243902439024
75.0,False,USFS - El Dorado National Forest ,2.0,2,/incidents/2015/7/23/kyburz-fire/,All road closures have been lifted.,8,9,6.0,2.0,11.0,2015-07-29T14:15:00Z,3.0,False,True,Grass,2.0,3.0,38.776,off Hwy 50 at White Hall Canyon Dr in Kyburz,-120.404,False,Kyburz Fire,100.0,151.5,True,The Kyburz Fire started on July 23 and burned 75 acres off Hwy 50 at White Hall Canyon Dr on the El Dorado National Forest in El Dorado County. ,2015-07-23T14:00:00Z,6.0,7.0,0.0,45.0,4.0,12.625,4.0,0.6557377049180327
75.0,False,CAL FIRE Butte Unit,2.0,2,/incidents/2015/7/1/webb-fire/,All road closures have been lifted.,3,4,6.0,2.0,11.0,2015-07-01T20:20:00Z,3.0,False,True,Grass,2.0,3.0,0.0,"off LaPorte Rd, east of Bangor",0.0,False,Webb Fire,100.0,151.5,True,"The Webb Fire started on July 1, 2015 off LaPorte Rd, east of Bangor (Butte County) burned 75 acres in July 2015.",2015-07-01T13:05:00Z,6.0,7.0,0.0,45.0,4.0,12.625,4.0,0.6557377049180327
72.0,False,CAL FIRE Butte Unit,4.0,2,/incidents/2015/9/2/olive-fire/,Temporary road closure to Mission Olive Road,3,4,5.0,3.0,14.0,2015-09-03T19:35:00Z,3.0,False,True,Grass,3.0,3.0,26.42,"Off of Olive Tree Lane, south of Oroville ",-121.0,True,Olive Fire,100.0,190.0,True,"Olive Fire, Butte County, Olive Tree Lane, south of Oroville",2015-09-02T13:18:00Z,6.0,1.0,0.0,45.0,5.0,12.666666666666666,6.0,0.5235602094240838
69.0,False,Klamath National Forest,2.0,2,/incidents/2015/8/20/prairie-fire/,All road closures have been lifted.,45,47,6.0,2.0,11.0,2015-08-22T18:00:00Z,3.0,False,True,Grass,2.0,3.0,0.0,LaHonda Well area northeast of the community of Tennant,0.0,False,Prairie Fire,100.0,151.5,True,The Prairie Fire burned 69 acres in the LaHonda Well area northeast of Tennant in Siskiyou County in August 2015.,2015-08-20T16:00:00Z,6.0,7.0,0.0,45.0,4.0,12.625,4.0,0.6557377049180327
67.0,False,Kern County Fire,2.0,2,/incidents/2015/6/15/pass-fire/,All road closures have been lifted.,13,15,6.0,2.0,11.0,2015-06-15T18:45:00Z,3.0,False,True,Grass,2.0,3.0,35.77937,Off of Hwy 41 near Cottonwood Pass,-120.19482,False,Pass Fire,100.0,151.5,True,"The Pass Fire started on June 15, 2015 off Highway 41 near Cottonwood Pass (Kern County).",2015-06-15T15:46:00Z,6.0,7.0,0.0,45.0,4.0,12.625,4.0,0.6557377049180327
65.0,False,San Bernardino National Foerst,2.0,2,/incidents/2015/8/1/scales-fire/,All road closures have been lifted.,35,36,6.0,2.0,11.0,2015-08-05T09:00:00Z,3.0,False,True,Grass,2.0,3.0,0.0,"Cajon Pass, I-15 and Highway 138",0.0,False,Scales Fire,100.0,151.5,True,"The Scales fire started on August 1, 2015 and burned 65 acres near I-15 and Highway 138 in the Cajon Pass in the San Bernardino National Forest, San Bernardino County.",2015-08-01T13:04:00Z,6.0,7.0,0.0,45.0,4.0,12.625,4.0,0.6557377049180327
60.0,False,CAL FIRE Fresno Unit/Fresno County Fire,2.0,2,/incidents/2015/7/18/kerkhoff-fire/,All road closures have been lifted.,9,10,6.0,2.0,11.0,2015-07-22T10:00:00Z,3.0,False,True,Grass,2.0,3.0,0.0,"off Powerhouse Rd, near Kercknoff Lake, north of the community of Auberry",0.0,False,Kerkhoff Fire,100.0,151.5,True,The Kerkhoff Fire started on July 18 off Powerhouse rd north of the community of Auberry in Fresno County and burned 60 acres. ,2015-07-18T16:31:00Z,6.0,7.0,0.0,45.0,4.0,12.625,4.0,0.6557377049180327
60.0,False,CAL FIRE Lassen-Modoc Unit,2.0,2,/incidents/2015/6/19/dixie-fire/,All road closures have been lifted.,16,18,6.0,2.0,11.0,2015-06-20T19:35:00Z,3.0,False,True,Grass,2.0,3.0,40.875667,"Dixie Valley, south of Bieber",-121.033667,False,Dixie Fire,100.0,151.5,True,"The Dixie Fire started on June 19, 2015 in the Dixie Valley, south of Bieber in Lassen County and burned 60 acres.",2015-06-19T16:15:00Z,6.0,7.0,0.0,45.0,4.0,12.625,4.0,0.6557377049180327
60.0,False,CAL FIRE Riverside Unit / Riverside County Fire,2.0,2,/incidents/2015/6/18/grapefruit-fire/,All road closures have been lifted.,32,33,6.0,2.0,11.0,2015-06-21T07:25:00Z,3.0,False,True,Grass,2.0,3.0,0.0,Off Grapefruit Blvd in Thermal,0.0,False,Grapefruit Fire,100.0,151.5,True,"The Grapefruit Fire started on June 18, 2015 off Grapefruit Blvd in Thermal (Riverside County).",2015-06-18T14:16:00Z,6.0,7.0,0.0,45.0,4.0,12.625,4.0,0.6557377049180327
60.0,False,CAL FIRE Madera-Mariposa-Merced Unit,2.0,2,/incidents/2015/6/18/triangle-fire/,All road closures have been lifted.,20,22,6.0,2.0,11.0,2015-06-19T20:05:00Z,3.0,False,True,Grass,2.0,3.0,0.0,"Triangle Rd and Nickel Plate Rd, north of Bootjack",0.0,True,Triangle Fire,100.0,151.5,True,"The Triangle Fire started on June 18 off Triangle Rd and Nickel Plate Rd, north of Bootjack (Mariposa County)",2015-06-18T12:03:00Z,6.0,7.0,0.0,45.0,4.0,12.625,4.0,0.6557377049180327
60.0,False,CAL FIRE Amador-El Dorado Unit,2.0,2,/incidents/2015/6/16/north-fire/,All road closures have been lifted.,2,3,6.0,2.0,11.0,2015-06-17T06:45:00Z,3.0,False,True,Grass,2.0,3.0,38.260777,"Dry Creek and E Prouty Rd, west of Herald",-121.135426,False,North Fire,100.0,151.5,True,"The North Fire started on June 16, 2015 near Dry Creek and E Prouty Rd, west of Herald (San Joaquin County).",2015-06-16T16:42:00Z,6.0,7.0,0.0,45.0,4.0,12.625,4.0,0.6557377049180327
59.0,False,CAL FIRE Shasta-Trinity Unit,2.0,2,/incidents/2015/8/3/point-fire/,All road closures have been lifted.,43,45,6.0,2.0,2.0,2015-08-04T08:15:00Z,3.0,False,True,Grass,2.0,3.0,40.3929,"Gas Point and Happy Valley Rd, west of Cottonwood",-122.40546,True,Point Fire,100.0,151.5,True,"The Point Fire started on August 3, 2015 and burned 59 acres off Gas Point and Happy Valley Rd, west of Cottonwood in Shasta County.",2015-08-03T14:28:00Z,6.0,7.0,0.0,45.0,1.0,50.5,4.0,0.6557377049180327
58.0,False,Shasta-Trinity National Forest ,2.0,2,/incidents/2015/10/10/military-fire/,All road closures have been lifted.,45,47,6.0,2.0,11.0,2015-10-10T18:45:00Z,3.0,False,True,Grass,2.0,3.0,0.0,Along Military Pass Road ,0.0,False,Military Fire,100.0,151.5,True,The Military Fire started on October 10 off Military Pass Road on the Shasta-Trinity National Forest in Shasta County.,2015-10-10T12:00:00Z,6.0,7.0,0.0,45.0,4.0,12.625,4.0,0.6557377049180327
55.0,False,USFS - San Bernardino National Forest,2.0,2,/incidents/2015/8/23/summit-fire/,All road closures have been lifted.,35,36,6.0,2.0,11.0,2015-09-11T15:00:00Z,3.0,False,True,Grass,2.0,3.0,34.23,"at Knickerbocker Road and Pine Knot, south of Big Bear Lake",-116.883,False,Summit Fire,100.0,151.5,True,"Summit fire started on August 23, 2015 at Knickerbocker Road and Pine Knot, south of Big Bear Lake (San Bernardino County) and burned 55 acres.",2015-08-23T12:25:00Z,6.0,7.0,0.0,45.0,4.0,12.625,4.0,0.6557377049180327
55.0,False,CAL FIRE San Diego Unit,2.0,2,/incidents/2015/8/9/de-luz-fire/,All road closures have been lifted.,36,37,6.0,2.0,11.0,2015-08-10T15:05:00Z,3.0,False,True,Grass,2.0,3.0,33.4115972,De Luz Rd and De Luz Murrieta Rd,-117.2886249,False,De Luz Fire,100.0,151.5,True,"De Luz Fire started on August 9, 2015 off De Luz Road near the community of De Luz (San Diego County) and burned 55 acres.",2015-08-09T08:22:00Z,6.0,7.0,0.0,45.0,4.0,12.625,4.0,0.6557377049180327
55.0,False,CAL FIRE Tehama-Glenn Unit,2.0,2,/incidents/2015/6/17/fork-fire/,All road closures have been lifted.,52,52,6.0,2.0,11.0,2015-06-17T18:30:00Z,3.0,False,True,Grass,2.0,3.0,40.0133,"Off Lowery Rd, north of Paskenta",-122.552,False,Fork Fire,100.0,151.5,True,"The Fork Fire started on June 17, 2015 off Lowrey Rd, north of Paskenta (Tehama County).",2015-06-17T12:50:00Z,6.0,7.0,0.0,45.0,4.0,12.625,4.0,0.6557377049180327
54.0,False,CAL FIRE San Bernardino Unit/San Bernardino National Forest ,2.0,2,/incidents/2015/7/12/mill-2-fire/,All road closures have been lifted.,35,36,6.0,2.0,11.0,2015-07-21T07:20:00Z,3.0,False,True,Grass,2.0,3.0,34.0783472,"Mill Creek Rd and Bryant St, east of Mentone",-117.0487863,True,Mill 2 Fire,100.0,151.5,True,"Mill 2 Fire started on July 12, 2015 off Mill Creek Rd and Bryant St, east of Mentone (San Bernardino County)and burned 54 acres.",2015-07-12T14:46:00Z,6.0,7.0,0.0,45.0,4.0,12.625,4.0,0.6557377049180327
53.0,False,CAL FIRE Santa Clara Unit,2.0,2,/incidents/2015/6/25/tesla-fire/,All road closures have been lifted.,0,1,6.0,2.0,11.0,2015-06-25T18:45:00Z,3.0,False,True,Grass,2.0,3.0,0.0,"off Tesla Road, southeast of Livermore",0.0,False,Tesla Fire,100.0,151.5,True,The Tesla Fire southeast of Livermore burned 53 acres in Alameda County.,2015-06-25T16:10:00Z,6.0,7.0,0.0,45.0,4.0,12.625,4.0,0.6557377049180327
52.0,False,Santa Barbara County Fire,2.0,2,/incidents/2015/8/1/white-fire/,All road closures have been lifted.,40,42,6.0,2.0,11.0,1969-12-31T16:00:00Z,3.0,False,True,Grass,2.0,3.0,34.9522,"off White Oak Ln, east of Santa Maria",-120.2903,False,White Fire,100.0,151.5,True,"The White Fire started on August 1, 2015 and burned 52 acres off White Oak Lane, east of Santa Maria in Santa Barbara County.",2015-08-01T14:32:00Z,6.0,7.0,0.0,45.0,4.0,12.625,4.0,0.6557377049180327
50.0,False,Ventura County Fire Department,2.0,2,/incidents/2015/11/7/potrero-fire/,All road closures have been lifted.,56,56,6.0,2.0,11.0,2015-11-07T16:45:00Z,3.0,False,True,Grass,2.0,3.0,34.15,"Hidden Valley area, southwest of Thousand Oaks",-118.879444,False,Potrero Fire,100.0,151.5,True,CAL FIRE is assisting @VCFD with a 50 acre wildfire one mile southwest of Thousand Oaks (Ventura County). #PotreroFire,2015-11-07T01:45:00Z,6.0,7.0,0.0,45.0,4.0,12.625,4.0,0.6557377049180327
50.0,False,CAL FIRE Mendocino Unit,2.0,2,/incidents/2015/7/30/mendocino-lightning-fires/,All road closures have been lifted.,21,23,6.0,2.0,11.0,2015-08-03T08:55:00Z,3.0,False,True,Grass,2.0,3.0,39.43301,Community of Willits and Brooktrails,-123.36316,False,Mendocino Lightning Fires,100.0,151.5,True,"The Mendocino Lightning Fires started on July 30, 2015 and was a total of 6 fires that burned 50 acres near the communities of Willits and Brooktrails in Mendocino County.",2015-07-30T13:36:00Z,6.0,7.0,0.0,45.0,4.0,12.625,4.0,0.6557377049180327
45.0,False,Kern County Fire Department,2.0,2,/incidents/2015/9/9/antelope-fire/,All road closures have been lifted.,13,15,6.0,2.0,11.0,2015-09-15T19:10:00Z,3.0,False,True,Grass,2.0,3.0,0.0,Antelope Canyon south of Tehachapi,0.0,False,Antelope Fire,100.0,151.5,True,"Antelope Fire started on September 9, 2015 in Antelope Canyon, south of Tehachapi (Kern County) and burned 45 acres.",2015-09-09T11:45:00Z,6.0,7.0,0.0,45.0,4.0,12.625,4.0,0.6557377049180327
45.0,False,CAL FIRE Santa Clara Unit,2.0,2,/incidents/2015/7/2/geary-fire/,All road closures have been lifted.,0,1,6.0,2.0,11.0,2015-07-03T20:00:00Z,3.0,False,True,Grass,2.0,3.0,0.0,"off Geary Road in the Sunol Wilderness, 10 miles east of Fremont",0.0,False,Geary Fire,100.0,151.5,True,"The Geary Fire started on July 2, 2015 off Geary Road in the Sunol Wilderness, 10 miles east of Fremont (Alameda County)and burned 45 acres in July 2015.",2015-07-02T04:40:00Z,6.0,7.0,0.0,45.0,4.0,12.625,4.0,0.6557377049180327
45.0,False,CAL FIRE Fresno-Kings Unit,2.0,2,/incidents/2015/6/5/fku-lightning-fires/,All road closures have been lifted.,9,10,6.0,2.0,11.0,2015-06-06T20:00:00Z,3.0,False,True,Grass,2.0,3.0,0.0,near Auberry,0.0,False,FKU Lightning Fires,100.0,151.5,True,The FKU Lightning Fires burned 45 acres near Auberry in Fresno Co. in June 2015.,2015-06-05T17:00:00Z,6.0,7.0,0.0,45.0,4.0,12.625,4.0,0.6557377049180327
43.0,False,USFS - Modoc National Forest ,2.0,2,/incidents/2015/7/9/mason-fire/,All road closures have been lifted.,24,25,6.0,2.0,11.0,2015-07-13T11:00:00Z,3.0,False,True,Grass,2.0,3.0,0.0,Near Clear Lake and Mason Reservoir,0.0,False,Mason Fire ,100.0,151.5,True,The Mason Fire started on July 9 in Modac County on the Modoc National Forest near Clear Lake and Mason Reservoir and burned 43 acres.,2015-07-09T15:00:00Z,6.0,7.0,0.0,45.0,4.0,12.625,4.0,0.6557377049180327
42.0,False,CAL FIRE Santa Clara Unit,2.0,2,/incidents/2015/6/30/highway-fire/,All road closures have been lifted.,41,43,6.0,2.0,11.0,2015-07-03T17:55:00Z,3.0,False,True,Grass,2.0,3.0,0.0,"off Hwy 101 near Monterey Frontage Rd, South of Gilroy",0.0,False,Highway Fire,100.0,151.5,True,"The Highway Fire started on June 30, 2015 off Hwy 101 near Monterey Frontage Rd, South of Gilroy in Santa Clara County and burned 42 acres.",2015-06-30T15:23:00Z,6.0,7.0,0.0,45.0,4.0,12.625,4.0,0.6557377049180327
40.0,False,CAL FIRE Lassen - Modoc Unit,2.0,2,/incidents/2015/9/9/center-fire/,All road closures have been lifted.,16,18,6.0,2.0,11.0,2015-09-10T07:49:00Z,3.0,False,True,Grass,2.0,3.0,40.400196,"Center Rd, east of Susanville",-120.553075,False,Center Fire,100.0,151.5,True,"Center Fire started on September 9, 2015 off Center Road, west of High Desert State Prison, east of Susanville (Lassen County) and burned 40 acres.",2015-09-09T14:12:00Z,6.0,7.0,0.0,45.0,4.0,12.625,4.0,0.6557377049180327
40.0,False,CAL FIRE Santa Clara Unit,2.0,2,/incidents/2015/7/28/sullivan-fire/,All road closures have been lifted.,48,50,6.0,2.0,11.0,2015-07-28T15:00:00Z,3.0,False,True,Grass,2.0,3.0,37.24523,"Sullivan Rd and Orestimba Rd, 10 miles West of Newman",-121.20324,False,Sullivan Fire,100.0,151.5,True,"The Sullivan Fire started on July 28, 2015 off Sullivan Rd and Orestimba Rd, 10 miles West of Newman (Stanislaus County) and burned 40 acres.",2015-07-28T12:10:00Z,6.0,7.0,0.0,45.0,4.0,12.625,4.0,0.6557377049180327
40.0,False,CAL FIRE Sonoma-Lake-Napa Unit,2.0,2,/incidents/2015/7/10/ascot-fire/,All road closures have been lifted.,46,48,2.0,2.0,5.0,2015-07-10T17:00:00Z,3.0,False,True,Grass,1.0,3.0,38.1029,Lake Herman Rd and Sky Valley Rd,-122.1578,True,Ascot Fire,100.0,70.0,True,The Ascot Fire is burning off Lake Herman Road and Sky Valley Road in Vallejo in Solano County and burned 40 acres in July 2015.,2015-07-10T13:36:00Z,6.0,7.0,0.0,45.0,2.0,11.666666666666666,3.0,1.408450704225352
38.0,False,CAL FIRE Sonoma-Lake-Napa Unit,3.0,2,/incidents/2015/6/16/chiles-fire/,Chiles Pope Valley Road between highway 128 and Lower Chiles Valley until at least 8:00 AM 6/17/15.,27,28,4.0,2.0,8.0,2015-06-17T13:10:00Z,3.0,False,True,Grass,2.0,3.0,38.5287,"Chiles Pope Valley Rd. & Lower Chiles Valley Rd., East of St. Helena",-122.3415,True,Chiles Fire,100.0,120.0,True,"The Chiles Fire started on June 16, 2015 nears Chiles Pope Valley Rd. & Lower Chiles Valley Rd., East of St. Helena (Napa County)",2015-06-16T14:27:00Z,6.0,7.0,0.0,45.0,4.0,13.333333333333334,4.0,0.8264462809917356
36.0,False,CAL FIRE Sonoma-Lake-Napa Unit,4.0,2,/incidents/2015/6/9/garage-fire/,Howell Mountain Road between Pope Valley Road and Ink Grade Road. Will remain closed until PG&E completes power line repair.,27,28,2.0,2.0,9.0,2015-06-10T09:45:00Z,3.0,False,True,Grass,2.0,3.0,0.0,off Pope Valley Road & Howell Mountain Road in Pope Valley ,0.0,True,Garage Fire,100.0,103.0,True,The Garage Fire burned 36 acres on June 9 off Pope Valley Road and Howell Mountain Road in Napa County.,2015-06-09T15:23:00Z,6.0,7.0,0.0,45.0,2.0,10.3,4.0,0.9615384615384616
35.0,False,CAL FIRE Shasta-Trinity Unit,2.0,2,/incidents/2015/9/8/browns-fire/,All road closures have been lifted.,53,53,6.0,2.0,11.0,2015-09-10T17:05:00Z,3.0,False,True,Grass,2.0,3.0,40.0,Hwy 299 and Little Browns Creek Rd east of Weaverville,41.46,False,Browns Fire,100.0,151.5,True,"Browns Fire started on September 8, 2015 off Highway 299 & Little Browns Creek Rd east of Weaverville (Trinity County) and burned 35 acres. 
",2015-09-08T15:56:00Z,6.0,7.0,0.0,45.0,4.0,12.625,4.0,0.6557377049180327
35.0,False,CAL FIRE Amador El-Dorado Unit,2.0,2,/incidents/2015/7/3/ranch-fire/,All road closures have been lifted.,8,9,6.0,2.0,11.0,2015-07-05T11:30:00Z,3.0,False,True,Grass,2.0,3.0,0.0,"off French Creek Rd, south of Shingle Springs",0.0,False,Ranch Fire,100.0,151.5,True,"The Ranch Fire started on July 3, 2015 off French Creek Rd, south of Shingle Springs (El Dorado County).",2015-07-03T09:28:00Z,6.0,7.0,0.0,45.0,4.0,12.625,4.0,0.6557377049180327
35.0,False,CAL FIRE Mendocino Unit,2.0,2,/incidents/2015/6/28/covelo-fire/,All road closures have been lifted.,21,23,6.0,2.0,11.0,2015-06-29T07:15:00Z,3.0,False,True,Grass,2.0,3.0,39.7806004,"off Highway 162 and Cemetery Lane, Covelo",-123.248214,False,Covelo Fire,100.0,151.5,True,"The Covelo Fire started on June 28, 2015 off Highway 162 and Cemetery Lane, near the community of Covelo (Mendocino County). Fire burned 35 acres in June 2015.",2015-06-28T13:30:00Z,6.0,7.0,0.0,45.0,4.0,12.625,4.0,0.6557377049180327
30.0,False,CAL FIRE Nevada-Yuba-Placer Unit,2.0,2,/incidents/2015/9/22/mccourtney-fire/,All road closures have been lifted.,28,29,6.0,2.0,11.0,2015-09-21T14:36:00Z,3.0,False,True,Grass,2.0,3.0,39.081,"off McCourtney Rd & Perimeter Rd, east of Camp Far West Reservoir ",-121.194,False,McCourtney Fire,100.0,151.5,True,"McCourtney Fire started on September 21, 2015 off McCourtney Rd & Perimeter Rd, east of Camp Far West Reservoir (Nevada County).",2015-09-22T07:00:00Z,6.0,7.0,0.0,45.0,4.0,12.625,4.0,0.6557377049180327
30.0,False,CAL FIRE Lassen-Modoc Unit,2.0,2,/incidents/2015/8/29/kramer-fire/,All road closures have been lifted.,16,18,6.0,2.0,11.0,2015-08-30T08:00:00Z,3.0,False,True,Grass,2.0,3.0,41.12362,"off of Kramer Road and 4 Corners Road, west of Beiber ",-121.194256,False,Kramer Fire ,100.0,151.5,True,"The Kramer Fire started on August 29 off of Kramer Road and 4 Corners Road, west of Beiber in Lassen County.",2015-08-29T16:06:00Z,6.0,7.0,0.0,45.0,4.0,12.625,4.0,0.6557377049180327
30.0,False,CAL FIRE Nevada-Yuba-Placer Unit,2.0,2,/incidents/2015/8/3/francis-fire/,All road closures have been lifted.,58,58,6.0,2.0,11.0,2015-08-05T07:30:00Z,3.0,False,True,Grass,2.0,3.0,39.33303,Colgate Powerhouse south of Dobbins,-121.18735,False,Francis Fire,100.0,151.5,True,"The Francis Fire started on August 3, 2015 and burned 30 acres near the Colgate Powerhouse south of Dobbins in Yuba County.",2015-08-03T18:07:00Z,6.0,7.0,0.0,45.0,4.0,12.625,4.0,0.6557377049180327
29.0,False,Ventura County Fire Department,2.0,2,/incidents/2015/11/11/banister-fire/,All road closures have been lifted.,56,56,6.0,2.0,11.0,2015-11-12T18:00:00Z,3.0,False,True,Grass,2.0,3.0,0.0,off Wood Ranch Parkway 2 miles sw of Simi Valley,0.0,False,Banister Fire,100.0,151.5,True,CAL FIRE is assisting @VCFD with a 40 acre wildfire off Wood Ranch Parkway 2 miles sw of Simi Valley (Ventura County). #BanisterFire,2015-11-11T17:40:00Z,6.0,7.0,0.0,45.0,4.0,12.625,4.0,0.6557377049180327
26.0,False,CAL FIRE Nevada Yuba Placer Unit,2.0,2,/incidents/2015/7/22/baxter-fire/,All road closures have been lifted.,30,31,6.0,2.0,11.0,2015-07-22T19:50:00Z,3.0,False,True,Grass,2.0,3.0,38.9361,"Baxter Grade Rd, 3 miles West of Auburn",-121.1548,False,Baxter Fire,100.0,151.5,True,"The Baxter Fire off Baxter Grade Rd, 3 miles West of Auburn burned in July 2015 and burned 26 acres.",2015-07-22T18:17:00Z,6.0,7.0,0.0,45.0,4.0,12.625,4.0,0.6557377049180327
25.0,False,CAL FIRE San Diego Unit,2.0,2,/incidents/2015/7/24/park-fire/,All road closures have been lifted.,36,37,6.0,2.0,11.0,2015-07-25T16:05:00Z,3.0,False,True,Grass,2.0,3.0,32.682547,"Off of Lake Morena Drive near Lake Morena Park, north of Campo",-116.51684,False,Park Fire,100.0,151.5,True,"The Park Fire started on July 24, 2015 off Lake Morena Drive near Lake Morena Park, north of Campo in San Diego County and burned 25 acres.",2015-07-24T12:43:00Z,6.0,7.0,0.0,45.0,4.0,12.625,4.0,0.6557377049180327
25.0,False,CAL FIRE San Benito-Monterey Unit,2.0,2,/incidents/2015/7/20/betabel-fire/,All road closures have been lifted.,34,35,6.0,2.0,11.0,2015-07-20T15:30:00Z,3.0,False,True,Grass,2.0,3.0,36.8727,"off Hwy 101 between Anzar Rd & Hwy 156, in Aromas",-121.5681,False,Betabel Fire,100.0,151.5,True,"The Betabel Fire started on July 20 off Hwy 101 between Anzar Rd & Hwy 156, in Aromas in San Benito County and burned 25 acres. ",2015-07-20T13:23:00Z,6.0,7.0,0.0,45.0,4.0,12.625,4.0,0.6557377049180327
25.0,False,CAL FIRE San Diego Unit,2.0,2,/incidents/2015/7/16/lake-fire/,All road closures have been lifted.,36,37,6.0,2.0,11.0,2015-07-17T15:15:00Z,3.0,False,True,Grass,2.0,3.0,33.21407,"off Highway 76, near Moretti Junction, near Lake Henshaw",-116.73472,False,Lake Fire,100.0,151.5,True,"The Lake Fire was started on July 16 off Highway 76, near Moretti Junction, near Lake Henshaw in San Diego County and burned 25 acres. ",2015-07-16T11:30:00Z,6.0,7.0,0.0,45.0,4.0,12.625,4.0,0.6557377049180327
25.0,False,CAL FIRE Amador El Dorado Unit,2.0,2,/incidents/2015/7/2/buckaroo-fire/,All road closures have been lifted.,8,9,6.0,2.0,11.0,2015-07-05T11:30:00Z,3.0,False,True,Grass,2.0,3.0,0.0,off Bucks Bar Cir & Buckaroo Trail near Somerset,0.0,False,Buckaroo Fire,100.0,151.5,True,"The Buckaroo Fire started July 2, 2015 off Bucks Bar Circle and Buckaroo Trail near Somerset (El Dorado County) and burned 25 acres.",2015-07-02T17:10:00Z,6.0,7.0,0.0,45.0,4.0,12.625,4.0,0.6557377049180327
25.0,False,CAL FIRE Madera-Mariposa-Merced Unit  ,2.0,2,/incidents/2015/6/7/fox-fire/,All road closures have been lifted.,20,22,2.0,2.0,5.0,2015-06-09T09:00:00Z,3.0,False,True,Grass,2.0,3.0,0.0,"Lookout Mountain Rd & Fox Field Lane, south of Mormon Bar",0.0,True,Fox Fire,100.0,60.0,True,"The Fox Fire burned 25 acres near Lookout Mountain Rd & Fox Field Lane, south of Mormon Bar in Mariposa Co. in June 2015.",2015-06-07T12:06:00Z,6.0,7.0,0.0,45.0,1.0,10.0,4.0,1.639344262295082
25.0,False,CAL FIRE Sonoma-Lake-Napa Unit,2.0,2,/incidents/2015/6/5/oasis-fire/,All road closures have been lifted.,15,17,6.0,2.0,11.0,2015-06-06T06:45:00Z,3.0,False,True,Grass,2.0,3.0,0.0,Hwy 20 near Lake County- Colusa County Line,0.0,False,Oasis Fire,100.0,151.5,True,The Oasis Fire burned 25 acres by Hwy 20 near the Lake-Colusa Co. line in June 2015.,2015-06-05T19:57:00Z,6.0,7.0,0.0,45.0,4.0,12.625,4.0,0.6557377049180327
25.0,False,CAL FIRE Riverside Unit,2.0,2,/incidents/2015/6/5/snow-fire/,All road closures have been lifted.,32,33,6.0,2.0,11.0,2015-06-05T19:00:00Z,3.0,False,True,Grass,2.0,3.0,0.0,"Snow Creek Road, south of Highway 111",0.0,False,Snow Fire,100.0,151.5,True,"The Snow Fire burned 25 acres off Snow Creek Rd, south of Hwy 111 in Riverside Co. in June 2015.",2015-06-05T13:32:00Z,6.0,7.0,0.0,45.0,4.0,12.625,4.0,0.6557377049180327
24.0,False,CAL FIRE Siskiyou Unit,2.0,2,/incidents/2015/7/21/dorris-fire/,"Hwy 97 closed, Stateline Hwy 161 open with traffic control.",45,47,2.0,2.0,3.0,2015-07-22T17:00:00Z,3.0,False,True,Grass,2.0,3.0,41.999341,"Off Hwy 161 & Hwy 97, northeast of Dorris",-121.891226,True,Dorris Fire,100.0,49.0,True,"The Dorris Fire started on July 21, 2015 off Hwy 161 & Hwy 97, northeast of Dorris and burned 24 acres.",2015-07-21T17:00:00Z,6.0,7.0,0.0,45.0,1.0,12.25,4.0,2.0
23.0,False,CAL FIRE Mendocino Unit,2.0,2,/incidents/2015/7/4/soda-fire/,All road closures have been lifted.,21,23,6.0,2.0,11.0,2015-07-05T09:00:00Z,3.0,False,True,Grass,2.0,3.0,39.0263,"off Hwy 253, 4 miles northeast of Boonville (Mendocino County).",-123.303,False,Soda Fire,100.0,151.5,True,"The Soda Fire started on July 4, 2015 off Hwy 253, 4 miles northeast of Boonville (Mendocino County) and burned 23 acres.",2015-07-04T15:30:00Z,6.0,7.0,0.0,45.0,4.0,12.625,4.0,0.6557377049180327
22.0,False,CAL FIRE Sonoma Lake Napa,2.0,2,/incidents/2015/8/24/grade-fire/,All road closures have been lifted.,15,17,6.0,2.0,11.0,2015-08-25T18:30:00Z,3.0,False,True,Grass,2.0,3.0,38.831478,"Jerusalem Grade Rd & June Bug Rd, 7 miles northeast of Middletown",-122.53428,False,Grade Fire,100.0,151.5,True,"The Grade Fire burned 22 acres near Jerusalem Grade Rd & June Bug Rd, 7 miles northeast of Middletown,  in Lake County in August 2015.",2015-08-24T12:12:00Z,6.0,7.0,0.0,45.0,4.0,12.625,4.0,0.6557377049180327
21.0,False,Los Padres National Forest,2.0,2,/incidents/2015/10/29/gibraltar-fire/,All road closures have been lifted.,40,42,6.0,2.0,11.0,2015-11-09T12:00:00Z,3.0,False,True,Grass,2.0,3.0,34.4828,between Montecito Peak and Coldspring Saddle,-119.63216,False,Gibraltar Fire,100.0,151.5,True,CAL FIRE is assisting Los Padres National Forest with a wildfire north of the community of Montecito (Santa Barbara County) #GibralterFire or #GibraltarFire,2015-10-29T05:30:00Z,6.0,7.0,0.0,45.0,4.0,12.625,4.0,0.6557377049180327
21.0,False,CAL FIRE Riverside County Fire,2.0,2,/incidents/2015/7/12/spider-fire/,All road closures have been lifted.,32,33,2.0,3.0,11.0,2015-07-12T19:48:00Z,3.0,False,True,Grass,1.0,3.0,33.986204,"San Timoteo Canyon Rd and Redlands Blvd, northeast of Moreno Valley",-117.43942,True,Spider Fire,100.0,151.5,True,"Spider Fire started on July 12, 2015 off San Timoteo Canyon and Redlands Blvd, northeast of Moreno Valley and burned 21 acres.",2015-07-12T13:52:00Z,6.0,7.0,0.0,45.0,2.0,12.625,4.0,0.6557377049180327
20.0,False,CAL FIRE Humboldt-Del Norte Unit ,2.0,2,/incidents/2015/6/10/bald-fire/,Bald Hills Road has one lane closed with controlled traffic. Motorist advised to stay out of the area if possible.,11,12,10.0,2.0,12.0,2015-06-11T18:15:00Z,3.0,False,True,Grass,2.0,3.0,41.1513,"off Bald Hills Rd, 15 miles east of Hwy 101 & Orick ",-123.8292,True,Bald Fire,100.0,195.0,True,"The Bald Fire started on June 10 off off Bald Hills Rd, 15 miles east of Hwy 101 & Orick in Humboldt County. ",2015-06-10T07:42:00Z,6.0,7.0,0.0,45.0,5.0,15.0,4.0,0.5102040816326531
19.0,False,CAL FIRE Sonoma-Lake-Napa Unit,2.0,2,/incidents/2015/6/27/pleasure-fire/,All road closures have been lifted.,27,28,6.0,2.0,11.0,2015-06-28T18:00:00Z,3.0,False,True,Grass,2.0,3.0,38.519132,"Steele Canyon Rd. and Headlands Dr., Lake Berryessa",-122.181878,False,Pleasure Fire,100.0,151.5,True,"The Pleasure Fire started on June 27, 2015 off Steel Canyon Rd. and Headlands Dr., near Lake Berryessa in Napa County and burned 19 acres in June 2015.",2015-06-27T12:51:00Z,6.0,7.0,0.0,45.0,4.0,12.625,4.0,0.6557377049180327
18.0,False,CAL FIRE Shasta-Trinity Unit,2.0,2,/incidents/2015/7/7/keswick-fire/,All road closures have been lifted.,43,45,2.0,2.0,6.0,2015-07-08T16:30:00Z,3.0,False,True,Grass,2.0,1.0,40.5953,"Middle Creek Road, north of Hwy 299",-122.4397,True,Keswick Fire,100.0,151.5,True,"Keswick Fire started on July 7, 2015 off Middle Creek Rd north Hwy 299 in Keswick (Shasta County) and burned 18 acres.",2015-07-07T12:34:00Z,6.0,7.0,0.0,45.0,3.0,21.642857142857142,4.0,0.6557377049180327
16.0,False,CAL FIRE Humboldt-Del Norte Unit,2.0,2,/incidents/2015/7/28/buck-fire/,All road closures have been lifted.,11,12,6.0,2.0,11.0,2015-07-31T19:00:00Z,3.0,False,True,Grass,2.0,3.0,40.1093,off Alderpoint Road & Wallan Road near Garberville ,-123.774,False,Buck Fire,100.0,151.5,True,"The Buck fire started on July 28, 2015 and burned 16 acres off Alderpoint Road & Wallan Road near Garberville (Humboldt County).",2015-07-28T17:19:00Z,6.0,7.0,0.0,45.0,4.0,12.625,4.0,0.6557377049180327
0.0,False,USFS - Six Rivers National Forest,2.0,2,/incidents/2015/7/30/mad-river-complex/,All road closures have been lifted.,53,53,6.0,2.0,11.0,2015-08-01T15:25:00Z,3.0,False,True,Grass,2.0,3.0,0.0,Near Ruth Lake area,0.0,False,Mad River Complex,100.0,151.5,True,Mad River Complex started on July 30 near Ruth Lake on the Shasta-Trinity National Forest in Trinity County. ,2015-07-30T16:00:00Z,6.0,7.0,0.0,45.0,4.0,12.625,4.0,0.6557377049180327
0.0,False,US Forest Service - Humboldt - Toiyabe National Forest,2.0,2,/incidents/2015/6/19/washington-fire/,All road closures have been lifted.,1,2,6.0,2.0,11.0,2015-06-22T12:05:00Z,3.0,False,True,Grass,2.0,3.0,38.598056,south of Markleeville,-119.751944,False,Washington Fire,100.0,151.5,True,"The Washington Fire started on June 19, 2015  south of Markleeville, in the Silver Creek Drainage (Alpine County).",2015-06-19T19:00:00Z,6.0,7.0,0.0,45.0,4.0,12.625,4.0,0.6557377049180327
132127.0,False,US Forest Service - Los Padres National Forest,2.0,3,/incidents/2016/7/22/soberanes-fire/,All road closures have been lifted.,26,27,6.0,2.0,11.0,2016-10-13T11:30:00Z,3.0,False,True,Grass,2.0,3.0,36.45994,"Soberanes Creek, Garrapata State Park, Palo Colorado, north of Big Sur",-121.89938,True,Soberanes Fire,100.0,151.5,True,"The Sobranes Fire started on July 22, 2016  east of Sobranes Creek,  5 miles south of Carmel Garrapata State Park in Monterey County.",2016-07-22T08:48:00Z,6.0,7.0,0.0,45.0,4.0,12.625,4.0,0.6557377049180327
48019.0,False,Bureau of Land Management,2.0,3,/incidents/2016/6/23/erskine-fire/,All road closures have been lifted.,13,15,6.0,2.0,11.0,2016-07-11T09:40:00Z,3.0,False,True,Grass,2.0,3.0,35.6115,Off Erskine Creek Rd in Lake Isabella,-118.45628,False,Erskine Fire,100.0,151.5,True,"The Erskine Fire started on June 23, 2016 off of Erskine Creek Road in Lake Isabella (Kern County) and burned 48,019 acres.",2016-06-23T15:51:00Z,6.0,7.0,0.0,45.0,4.0,12.625,4.0,0.6557377049180327
46344.0,False,CAL FIRE San Luis Obispo Unit,2.0,3,/incidents/2016/8/13/chimney-fire/,All road closures have been lifted. ,38,40,6.0,2.0,11.0,2016-09-06T07:30:00Z,3.0,False,True,Grass,2.0,1.0,35.70595,Running Deer Rd & Chimney Rock Rd south of Lake Nacimiento ,-120.98316,True,Chimney Fire,100.0,151.5,True,"The Chimney Fire started on August 13, 2016 at Running Deer Rd and Chimney Rock Rd., south of Lake Nacimiento in San Luis Obispo County. ",2016-08-13T16:03:00Z,8.0,70.0,0.0,45.0,4.0,12.625,4.0,0.6557377049180327
36274.0,False,San Bernardino National Forest ,2.0,3,/incidents/2016/8/16/blue-cut-fire/,All evacuations orders have been lifted.  Residents only will be allowed beyond the road closures. ,35,36,21.0,6.0,47.0,2016-08-23T07:45:00Z,3.0,False,True,Grass,5.0,3.0,34.30372,"off of I-15 and Hwy 138, north of San Bernardino ",-117.49342,True,Blue Cut Fire,100.0,914.0,True,"The Bluecut Fire started on August 16 off of I-15 and Hwy 138, north of San Bernardino on the San Bernardino National Forest.  ",2016-08-16T10:44:00Z,3.0,321.0,0.0,45.0,9.0,19.041666666666668,11.0,0.1092896174863388
33867.0,False,USFS Klamath National Forest,2.0,3,/incidents/2016/8/27/gap-fire/,All road closures have been lifted.,45,47,6.0,2.0,11.0,2016-08-28T18:15:00Z,3.0,False,True,Grass,2.0,3.0,41.851,"off Seiad Creek Rd, 5 miles northeast o Seiad Valley",-123.118,False,Gap Fire,100.0,151.5,True,"The Gap Fire started on August 27, 2016 off Seiad Creek Rd, 5 miles northeast of Seiad Valley (Siskiyou County).",2016-08-27T18:00:00Z,6.0,7.0,0.0,45.0,4.0,12.625,4.0,0.6557377049180327
32606.0,False,Los Padres National Forest,2.0,3,/incidents/2016/8/18/rey-fire/,All road closures have been lifted.,40,42,6.0,2.0,11.0,2016-09-15T15:20:00Z,3.0,False,True,Grass,2.0,3.0,0.0,"off of Hwy 154 and Paradise Rd, north of Santa Barbara",0.0,False,Rey Fire ,100.0,151.5,True,"The Rey Fire started on August 18 off of Hwy 154 and Paradise Rd, north of Santa Barbara on the Los Padres National Forest in Santa Barbara County and burned 32,606 acres.",2016-08-18T17:57:00Z,6.0,7.0,0.0,45.0,4.0,12.625,4.0,0.6557377049180327
29322.0,False,Sequoia National Forest,2.0,3,/incidents/2016/8/16/cedar-fire/,All road closures have been lifted.,13,15,6.0,2.0,11.0,2016-10-01T06:00:00Z,3.0,False,True,Grass,2.0,3.0,35.7506,"off of Hwy 155 in the Greenhorn Mountains, west of Wofford Heights",-118.5678,False,Cedar Fire,100.0,151.5,True,"The Cedar Fire started on August 16 off of Hwy 155 in the Greenhorn Mountains, west of Wofford Heights, on the Sequoia National Forest in Kern County.",2016-08-16T16:35:00Z,6.0,7.0,0.0,45.0,4.0,12.625,4.0,0.6557377049180327
12518.0,False,Vandenberg Air Force Base,2.0,3,/incidents/2016/9/17/canyon-fire/,All road closures have been lifted.,40,42,6.0,2.0,11.0,2016-09-27T14:00:00Z,3.0,False,True,Grass,2.0,3.0,34.63445,"Santa Ynez Ridge Road and Egress Road, south side of Vandenberg Air Force Base",-120.54421,False,Canyon Fire,100.0,151.5,True,"The Canyon Fire started on September 18, 2016 off of Santa Ynez Ridge Road, south side of Vandenberg Air Force Base (Santa Barbara County)",2016-09-17T17:20:00Z,6.0,7.0,0.0,45.0,4.0,12.625,4.0,0.6557377049180327
8110.0,False,San Bernardino National Forest,0.0,3,/incidents/2016/8/7/pilot-fire/,"Highway 173 between Grass Valley Rd. and Rock Camp<br>Forest Service Roads 2N33, 2N17X, 2N36, 2N37",35,36,30.0,3.0,37.0,2016-08-16T08:00:00Z,3.0,False,True,Grass,10.0,1.0,34.28771,"Pilot Rock & Hwy 138, southeast of Hesperia",-117.27338,True,Pilot Fire,100.0,960.0,True,"The Pilot Fire started on August 7, 2016, near Pilot Rock & Hwy 138, southeast of Hesperia, (San Bernardino County.)",2016-08-07T12:18:00Z,6.0,7.0,0.0,45.0,7.0,25.263157894736842,13.0,0.1040582726326743
7609.0,False,CAL FIRE San Diego Unit,2.0,3,/incidents/2016/6/19/border-fire/,No current road closures.,36,37,6.0,2.0,11.0,2016-06-30T18:30:00Z,3.0,False,True,Grass,2.0,3.0,32.60729,off Highway 188 and Highway 94 near Tecate,-116.63028,True,Border Fire,100.0,78.0,True,"The Border Fire started on June 19 off Highway 188 and Highway 94 near Tecate in San Diego County and burned 7,609 acres.",2016-06-19T11:03:00Z,6.0,16.0,0.0,45.0,4.0,6.5,4.0,1.2658227848101267
7474.0,False,U.S Los Padres National Forest ,2.0,3,/incidents/2016/6/15/sherpa-fire/,All road closures have been lifted.,40,42,6.0,2.0,11.0,2016-07-12T14:30:00Z,3.0,False,True,Grass,2.0,3.0,34.776,west of Goleta,-119.643,True,Sherpa Fire,100.0,151.5,True,The Sherpa Fire started June 15 on the Los Padres National Forest in Santa Barbara County.,2016-06-15T15:21:00Z,6.0,7.0,0.0,45.0,4.0,12.625,4.0,0.6557377049180327
7050.0,False,CAL FIRE Fresno Kings Unit,2.0,3,/incidents/2016/8/9/mineral-fire/,All road closures have been lifted.,9,10,6.0,2.0,11.0,2016-08-18T19:00:00Z,3.0,False,True,Grass,2.0,3.0,36.09974,"off Hwy 198 & Mineral Springs Rd, W of Coalinga",-120.51057,True,Mineral Fire,100.0,20.0,True,"The Mineral Fire started on August 9, 2016 off Highway 198 cross of Mineral Springs Road, 8 miles West of Coalinga in Fresno County.",2016-08-09T13:08:00Z,6.0,2.0,0.0,0.0,4.0,1.6666666666666667,4.0,4.761904761904762
5731.0,False,CAL FIRE Sonoma Lake Napa Unit,2.0,3,/incidents/2016/8/2/cold-fire/,All road closures have been lifted.,57,57,2.0,2.0,5.0,2016-08-12T15:00:00Z,3.0,False,True,Grass,2.0,3.0,38.52513,"off of Highway 128 west of Pleasants Valley Road, west of Winters",-122.06788,True,Cold Fire,100.0,58.0,True,"Cold Fire started on August 2, 2016 off of Highway 128 west of Pleasants Valley Road, west of Winters (Yolo County)",2016-08-02T16:36:00Z,6.0,2.0,0.0,45.0,4.0,9.666666666666666,4.0,1.694915254237288
5646.0,False,CAL FIRE Nevada-Yuba-Placer Unit / El Dorado National Forest,2.0,3,/incidents/2016/6/28/trailhead-fire/,All road closures have been lifted.,8,"9,31",6.0,2.0,11.0,2016-07-18T09:50:00Z,3.0,False,True,Grass,2.0,3.0,38.96741,along the  Middle Fork of the American River near Todd Valley,-120.9375,True,Trailhead Fire,100.0,151.5,True,"The Trailhead Fire was started on July 6, 2016 along the  Middle Fork of the American River near Todd Valley (El Dorado County)burning a total of 5,646 acres. ",2016-06-28T13:55:00Z,6.0,7.0,0.0,2600.0,4.0,12.625,4.0,0.6557377049180327
5646.0,False,CAL FIRE Nevada-Yuba-Placer Unit / El Dorado National Forest,2.0,3,/incidents/2016/6/28/trailhead-fire/,All road closures have been lifted.,30,"9,31",6.0,2.0,11.0,2016-07-18T09:50:00Z,3.0,False,True,Grass,2.0,3.0,38.96741,along the  Middle Fork of the American River near Todd Valley,-120.9375,True,Trailhead Fire,100.0,151.5,True,"The Trailhead Fire was started on July 6, 2016 along the  Middle Fork of the American River near Todd Valley (El Dorado County)burning a total of 5,646 acres. ",2016-06-28T13:55:00Z,6.0,7.0,0.0,2600.0,4.0,12.625,4.0,0.6557377049180327
5443.0,False,Inyo National Forest,2.0,3,/incidents/2016/9/17/owens-river-fire/,All road closures have been lifted.,12,14,6.0,2.0,11.0,2016-09-18T08:10:00Z,3.0,False,True,Grass,2.0,3.0,37.75985,"Clark Canyon, north of Mammoth Lakes, east of Hwy 395",-118.95309,False,Owens River Fire,100.0,151.5,True,"The Owens River Fire started on September 17, 2016 in Clark Canyon north of Mammoth Lakes, east of Hwy 395 (Inyo County)",2016-09-17T13:49:00Z,6.0,7.0,0.0,45.0,4.0,12.625,4.0,0.6557377049180327
5399.0,False,Angeles National Forest,2.0,3,/incidents/2016/6/20/san-gabriel-complex-formerly-fish-reservoir-fires/,All road closures have been lifted.,17,19,6.0,2.0,11.0,2018-04-23T15:07:00Z,3.0,False,True,Grass,2.0,3.0,0.0,south of Azusa,0.0,False,San Gabriel Complex (Formerly Fish & Reservoir Fires),100.0,151.5,True,"The Reservoir Fire started on June 20 south of Azusa on the Angeles National Forest in Los Angeles County and burned 5,399 acres.",2016-06-20T13:59:00Z,6.0,7.0,0.0,45.0,4.0,12.625,4.0,0.6557377049180327
4824.0,False,Angeles National Forest ,2.0,3,/incidents/2016/11/14/marek-fire/,All road closures have been lifted.,17,19,6.0,2.0,11.0,2016-11-14T14:00:00Z,3.0,False,True,Grass,2.0,3.0,34.31,Lake View Terrace,-118.335,False,Marek Fire,100.0,151.5,True,The Marek Fire started north of Lake View Terrace in the Los Angeles National Forest. ,2016-11-14T05:45:00Z,6.0,7.0,0.0,45.0,4.0,12.625,4.0,0.6557377049180327
4474.0,False,CAL FIRE Santa Clara Unit,2.0,3,/incidents/2016/9/26/loma-fire/,All road closures have been lifted.,41,43,1.0,1.0,3.0,2017-09-19T10:30:00Z,3.0,False,True,Grass,2.0,3.0,37.10632,off Loma Prieta Rd and Loma Chiquita Rd 10 miles NW of Morgan Hill,-121.85318,True,Loma Fire,100.0,62.0,True,"The Loma Fire started on September 26, 2016 off Loma Prieta Rd and Loma Chiquita Rd 10 miles NW of Morgan Hill (Santa Clara County) and burned 4,474 acres.",2016-09-26T14:42:00Z,1.0,28.0,0.0,45.0,5.0,15.5,3.0,1.5873015873015872
4347.0,False,Sequoia National Forest,2.0,3,/incidents/2016/10/29/meadow-fire/,All road closures have been lifted.,54,54,6.0,2.0,11.0,2016-12-19T13:30:00Z,3.0,False,True,Grass,2.0,3.0,35.984,	East of Trail of 100 Giants between Lloyd Meadow Road and Western Divide Highway.,-118.551,False,Meadow Fire,100.0,151.5,True,"Meadow Fire, Sequoia National Forest, Tulare County",2016-10-29T11:15:00Z,6.0,7.0,0.0,45.0,4.0,12.625,4.0,0.6557377049180327
3929.0,False,CALFIRE Sonoma-Lake-Napa Unit,2.0,3,/incidents/2016/8/13/clayton-fire/,All road closures have been lifted.,15,17,6.0,2.0,2.0,2016-08-26T18:00:00Z,3.0,False,True,Grass,1.0,3.0,38.89741,off Hwy 29 and Clayton Creek south of Lower Lake,-122.60664,True,Clayton Fire,100.0,32.0,True,"The Clayton Fire started on August 13, 2016 off Hwy 29 and Clayton Creek south of Lower Lake (Lake County).",2016-08-13T18:03:00Z,28.0,300.0,0.0,45.0,4.0,10.666666666666666,3.0,3.0303030303030303
3876.0,False,CAL FIRE San Benito-Monterey Unit,2.0,3,/incidents/2016/5/22/metz-fire/,All road closures have been lifted.,26,27,6.0,2.0,5.0,2016-05-25T18:15:00Z,3.0,False,True,Grass,2.0,1.0,36.38123,"Metz Rd & Blue Jay Ln, southeast of Soledad",-121.20059,True,Metz Fire,100.0,22.0,True,"The Metz Fire started on May 22, off Metz Road and Blue Jay Lane, southeast of Soledad in Monterey County and burned 3,876 acres.",2016-05-22T15:27:00Z,6.0,7.0,0.0,45.0,4.0,3.6666666666666665,4.0,4.3478260869565215
3712.0,False,Camp Roberts Fire Department,2.0,3,/incidents/2016/5/18/roberts-fire/,All road closures have been lifted.,38,40,6.0,2.0,11.0,2016-05-20T18:00:00Z,3.0,False,True,Grass,2.0,3.0,0.0,10 miles northwest of Paso Robles on Camp Roberts Military Base,0.0,False,Roberts Fire,100.0,151.5,True,"The Camp Roberts Fire started on May 18 on Camp Roberts Military Base, 10 miles northwest of Paso Robles. ",2016-05-18T14:27:00Z,6.0,7.0,0.0,45.0,4.0,12.625,4.0,0.6557377049180327
2944.0,False,CAL FIRE Fresno Unit,2.0,3,/incidents/2016/7/1/curry-fire/,All road closures have been lifted.,9,10,12.0,5.0,29.0,2016-07-05T07:05:00Z,3.0,False,True,Grass,2.0,3.0,36.0749,"Curry Mountain, 7 miles SW of Coalinga",-120.452041,True,Curry Fire,100.0,188.0,True,"The Curry Fire Started on July 1, 2016 off Curry Mountain Road and Highway 198, 7 miles Southwest of Coalinga (Fresno County) and burned 2,944 acres.",2016-07-01T17:16:00Z,6.0,7.0,0.0,45.0,13.0,6.266666666666667,7.0,0.5291005291005291
2860.0,False,USFS Klamath National Forest ,2.0,3,/incidents/2016/6/7/pony-fire/,All road closures have been lifted.,45,47,6.0,2.0,11.0,2016-11-08T10:15:00Z,3.0,False,True,Grass,2.0,3.0,41.623,15 miles SW of Happy Camp (Siskiyou County),-123.557,False,Pony Fire,100.0,151.5,True,The Pony fire burned in the Klamath NF 15 miles SW of Happy Camp in Siskiyou County in June 2016,2016-06-07T02:45:00Z,6.0,7.0,0.0,45.0,4.0,12.625,4.0,0.6557377049180327
2819.0,False,Inyo National Forest,2.0,3,/incidents/2016/8/4/clark-fire/,All road closures have been lifted.,25,26,6.0,2.0,11.0,2016-08-07T19:14:00Z,3.0,False,True,Grass,2.0,3.0,0.0,"on Bald Mountain, northeast of Mammoth",0.0,False,Clark Fire,100.0,151.5,True,"The Clark Fire started on August 4, 2016 on Bald Mountain, northeast of Mammoth, Inyo National Forest (Mono County)",2016-08-04T14:09:00Z,6.0,7.0,0.0,45.0,4.0,12.625,4.0,0.6557377049180327
2652.0,False,Modoc National Forest,2.0,3,/incidents/2016/9/17/soup-complex/,All road closures have been lifted.,24,25,6.0,2.0,11.0,2016-10-13T11:30:00Z,3.0,False,True,Grass,2.0,3.0,41.2649,"Soup Springs, 12 miles east of Likely",-120.3178,False,Soup Complex,100.0,151.5,True,"The Soup Complex Fires started on September 17 near Soup Springs, 12 miles east of Likely (Modoc County)",2016-09-17T14:37:00Z,6.0,7.0,0.0,45.0,4.0,12.625,4.0,0.6557377049180327
2575.0,False,CAL FIRE Lassen-Modoc Unit,2.0,3,/incidents/2016/9/11/willard-fire/,All road closures and traffic control points have lifted.,16,18,3.0,2.0,2.0,2016-09-22T07:00:00Z,3.0,False,True,Grass,2.0,1.0,40.3915,"off of Willard Creek Road, west of Susanville",-120.7845,True,Willard Fire,100.0,78.0,True,"The Willard Fire started on September 11, 2016 off of Willard Creek Road, west of Susanville in Lassen County.",2016-09-11T11:33:00Z,6.0,7.0,0.0,45.0,2.0,26.0,4.0,1.2658227848101267
2520.0,False,Los Padres National Forest,2.0,3,/incidents/2016/6/4/coleman-fire/,All road closures have been lifted.,26,27,6.0,2.0,11.0,2016-06-20T08:30:00Z,3.0,False,True,Grass,2.0,3.0,36.01542,off Mission Creek Rd and Milpitas Rd north of Fort Hunter Liggett,-121.25029,False,Coleman Fire,100.0,151.5,True,The Coleman Fire off Mission Creek Rd and Milpitas Rd north of Fort Hunter Liggett (Monterey County) burned in June 2016.,2016-06-04T14:33:00Z,6.0,7.0,0.0,45.0,4.0,12.625,4.0,0.6557377049180327
2304.0,False,Los Padres National Forest,2.0,3,/incidents/2016/6/30/pine-fire/,All road closures have been lifted.,56,56,6.0,2.0,11.0,2016-06-30T16:55:00Z,3.0,False,True,Grass,2.0,3.0,34.701,"Near Haddock Campground, 3 miles west of the Pine Mtn Lodge, above Middle Sespe.",-119.144,False,Pine Fire,100.0,151.5,True,"Pine Fire, Ventura County, June 30, 2016, Los Padres National Forest",2016-06-30T16:55:00Z,6.0,7.0,0.0,45.0,4.0,12.625,4.0,0.6557377049180327
2241.0,False,CAL FIRE Fresno-Kings Unit,2.0,3,/incidents/2016/7/30/goose-fire/,All road closures have been lifted.,9,10,4.0,2.0,7.0,2016-08-09T18:30:00Z,3.0,False,True,Grass,2.0,3.0,37.01591,"Off Gooseberry Ln & Morgan Canyon, south of Prather ",-119.50507,True,Goose Fire,100.0,167.0,True,"The Goose Fire started on July 30, 2016 off Gooseberry Ln & Morgan Canyon, south of Prather (Fresno County).",2016-07-30T16:40:00Z,5.0,4.0,0.0,45.0,6.0,20.875,4.0,0.5952380952380952
2100.0,False,USFS Sierra National Forest,2.0,3,/incidents/2016/10/11/sacata-fire/,All road closures have been lifted.,9,10,6.0,2.0,11.0,2016-10-20T07:00:00Z,3.0,False,True,Grass,2.0,3.0,36.94536,"near Sacata Ridge, located above Pine Flat",-119.25959,False,Sacata Fire,100.0,151.5,True,"The Sacata Fire started on October 11, 2016 on the Sierra National Forest, north of Pine Flat and south of Eagle Peak, in Fresno County. ",2016-10-11T12:58:00Z,6.0,7.0,0.0,45.0,4.0,12.625,4.0,0.6557377049180327
1785.0,False,Kern County Fire,2.0,3,/incidents/2016/7/1/deer-fire/,All road closures have been lifted.,13,15,6.0,2.0,11.0,2016-07-08T19:00:00Z,3.0,False,True,Grass,2.0,3.0,35.20993,"Hwy 223 & Deertrail Rd., east of Arvin",-118.72272,True,Deer Fire,100.0,151.5,True,"Deer Fire started on July 1, 2016 off Hwy 223 & Deertrail Road, east of Arvin (Kern County) and burned 1,785 acres.",2016-07-01T14:05:00Z,6.0,7.0,0.0,45.0,4.0,12.625,4.0,0.6557377049180327
1547.0,False,CAL FIRE Sonoma-Lake-Napa Unit,2.0,3,/incidents/2016/9/25/sawmill-fire/,none,47,49,6.0,2.0,3.0,2016-09-29T17:00:00Z,3.0,False,True,Grass,2.0,2.0,38.80017,"off Big Geysers Road and Geysers Resort Road, 10 miles east of Cloverdale",-122.82895,True,Sawmill Fire,100.0,14.0,True,"The Sawmill Fire burned 1500 acres off Geysers Rd and Geysers Resort Rd 10 miles east of Cloverdale, Sonoma County, in September 2016.",2016-09-25T10:43:00Z,6.0,7.0,0.0,45.0,4.0,3.5,4.0,6.666666666666667
1470.0,False,CAL FIRE / Riverside County Fire,2.0,3,/incidents/2016/8/30/bogart-fire/,All road closures have been lifted.,32,33,6.0,2.0,11.0,2016-09-02T18:10:00Z,3.0,False,True,Grass,2.0,1.0,0.0,"Off Winesap Avenue & International Park Road, north of Beaumont, near Cherry Valley",0.0,True,Bogart Fire,100.0,151.5,True,"The Bogart Fire started on August 30 off Winesap Avenue & International Park Road, north of Beaumont, near Cherry Valley (Riverside County).",2016-08-30T12:25:00Z,6.0,1.0,0.0,45.0,4.0,12.625,4.0,0.6557377049180327
1246.0,False,CAL FIRE Madera-Mariposa-Merced Unit,2.0,3,/incidents/2016/6/25/dinosaur-fire/,All road closures have been lifted.,22,24,6.0,2.0,11.0,2016-06-26T18:50:00Z,3.0,False,True,Grass,2.0,3.0,37.07147,"Off Hwy152 at Dinosaur Point, westside of San Luis Reservoir ",-121.20155,False,Dinosaur Fire,100.0,151.5,True,"The Dinosaur Fire started on June 26, 2016 off Hwy152 at Dinosaur Point, westside of San Luis Reservoir (Merced County)and burned 1,246 acres.",2016-06-25T23:45:00Z,6.0,7.0,0.0,45.0,4.0,12.625,4.0,0.6557377049180327
1245.0,False,Camp Pendleton Military Base,2.0,3,/incidents/2016/7/21/roblar-fire/,All road closures have been lifted.,36,37,6.0,2.0,11.0,2016-07-30T14:15:00Z,3.0,False,True,Grass,2.0,3.0,33.393,Roblar Rd and Case Springs (Camp Pendleton),-117.35093,False,Roblar Fire,100.0,151.5,True,The Roblar Fire started on July 21 off Roblar Road and Case Springs at Camp Pendleton in San Diego County,2016-07-21T16:06:00Z,6.0,7.0,0.0,45.0,4.0,12.625,4.0,0.6557377049180327
1109.0,False,Los Angeles County Fire,2.0,3,/incidents/2016/7/9/sage-fire/,All road closures have been lifted.,17,19,6.0,2.0,11.0,2016-07-16T12:00:00Z,3.0,False,True,Grass,2.0,3.0,34.36763,"off of Calgrove Blvd, southwest of Santa Clarita",-118.57245,False,Sage Fire,100.0,151.5,True,"The Sage Fire started on July 9, 2016 off of Calgrove Blvd, southwest of Santa Clarita (Los Angeles County)",2016-07-09T12:04:00Z,6.0,7.0,0.0,45.0,4.0,12.625,4.0,0.6557377049180327
1080.0,False,CAL FIRE Tuolumne-Calaveras Unit,2.0,3,/incidents/2016/9/26/marshes-fire/,Hwy. 49 between Hwy. 120 and the Tuolumne-Mariposa County line remains closed. Hwy. 49 opened for single-lane traffic with a pilot car at 8:00 o’clock this morning. Marshes Flat Road open to residents only. The Tuolumne County Sheriff’s Department is maintaining the roadblock. ,55,55,2.0,2.0,2.0,2016-10-04T22:00:00Z,3.0,False,True,Grass,2.0,3.0,37.79635,off Hwy. 49 and Marshes Flat Road north of Don Pedro Reservoir,-120.32484,True,Marshes Fire,100.0,92.0,True,"The Marshes Fire started on September 26 off Marshes Flat Road at highway 49 near Moccasin in Tuolumne County and burned 1,080 acres.",2016-09-26T12:20:00Z,6.0,7.0,0.0,45.0,4.0,30.666666666666668,4.0,1.075268817204301
850.0,False,CAL FIRE / Butte County Fire,2.0,3,/incidents/2016/9/5/saddle-fire/,Nelson Bar Road at Lunt Road will reopen at 6:00 p.m. tonight (9/7/2016),3,4,4.0,2.0,3.0,2016-09-12T14:51:00Z,3.0,False,True,Grass,2.0,3.0,39.6871,"Off Pentz Rd & Lime Saddle Rd, south of Paradise",-121.571,True,Saddle Fire,100.0,133.0,True,"The Saddle Fire started on September 5, 2016 off Pentz Rd & Lime Saddle Rd, south of Paradise (Butte County) and burned 850 acres.",2016-09-05T16:28:00Z,6.0,3.0,0.0,45.0,2.0,33.25,4.0,0.746268656716418
710.0,False,CAL FIRE Siskiyou Unit,2.0,3,/incidents/2016/8/24/grade-fire/,Rocky Gulch and Hawkinsville Humbug Rd will remain closed to non-residence.,45,47,6.0,2.0,11.0,2016-08-30T06:45:00Z,3.0,False,True,Grass,2.0,3.0,41.7813,"off Hwy 263, 2 miles north of Yreka ",-122.611,True,Grade Fire,100.0,151.5,True,The Grade Fire burned off Hwy 263 2 miles north of Yreka,2016-08-24T14:55:00Z,1.0,5.0,0.0,45.0,4.0,12.625,4.0,0.6557377049180327
650.0,False,Inyo National Forest,2.0,3,/incidents/2016/6/25/marina-fire/,All road closures have been lifted.,25,26,6.0,2.0,11.0,2016-07-09T08:30:00Z,3.0,False,True,Grass,2.0,3.0,37.97,Hwy 395 & Mono Lake,-119.14,False,Marina Fire,100.0,151.5,True,"The Marina Fire started on June 25, 2016 off Hwy 395 and Mono Lake (Mono County) and burned 654 acres.",2016-06-25T06:30:00Z,6.0,7.0,0.0,45.0,4.0,12.625,4.0,0.6557377049180327
599.0,False,CAL Fire Humboldt-Del Norte Unit,2.0,3,/incidents/2016/8/22/tully-fire/,All road closures have been lifted.,11,12,3.0,1.0,10.0,2016-09-04T06:55:00Z,3.0,False,True,Grass,2.0,3.0,41.28486,"off of Hwy 169 & Martin's Ferry Rd, northwest of Weitchpec ",-123.82268,True,Tully Fire,100.0,174.0,True,"The Tulley Fire started on August 22, 2016, off of Hwy 169 & Martin's Ferry Rd, northwest of Weitchpec,  in Humboldt County.",2016-08-22T16:03:00Z,6.0,3.0,0.0,45.0,2.0,15.818181818181818,3.0,0.5714285714285714
554.0,False,Kern County Fire,2.0,3,/incidents/2016/7/8/fort-fire/,All road closures have been lifted.,13,15,6.0,2.0,11.0,2016-07-10T19:37:00Z,3.0,False,True,Grass,2.0,3.0,34.913,"off of I-5, east of Grapevine",118.9082,False,Fort Fire,100.0,151.5,True,"The Fort Fire started on July 8, 2016 off I-5, east of Grapevine (Kern County) and burned 554 acres.",2016-07-08T11:15:00Z,6.0,7.0,0.0,45.0,4.0,12.625,4.0,0.6557377049180327
550.0,False,CAL FIRE Butte Unit,2.0,3,/incidents/2016/8/2/99-fire/,All road closures have been lifted.,3,4,6.0,2.0,11.0,2016-08-03T08:00:00Z,3.0,False,True,Grass,2.0,3.0,39.6708,"Off of Highway 99 and Neal Road, south of Chico",-121.7192,False,99 Fire,100.0,151.5,True,"The 99 Fire started on August 2, 2016 off of Highway 99 and Neal Rd, south of Chico (Butte County).",2016-08-02T14:35:00Z,6.0,7.0,0.0,45.0,4.0,12.625,4.0,0.6557377049180327
518.0,False,Kern County Fire Department,2.0,3,/incidents/2016/8/26/range-fire/,All road closures have been lifted.,13,15,6.0,2.0,11.0,2016-08-29T10:30:00Z,3.0,False,True,Grass,2.0,3.0,35.2013,"off Deer Trail Dr & Hwy 223, 6 miles east of Arvin",-118.7212,False,Range Fire,100.0,151.5,True,The Range fire burned in August 2016 off Deer Trail Drive and Hwy 223 near Arvin.,2016-08-26T10:10:00Z,6.0,7.0,0.0,45.0,4.0,12.625,4.0,0.6557377049180327
464.0,False,CAL FIRE Tehama-Glenn Unit,2.0,3,/incidents/2016/6/30/colyear-fire/,All road closures have been lifted.,52,52,6.0,2.0,11.0,2016-07-04T07:45:00Z,3.0,False,True,Grass,2.0,3.0,40.0353,"Colyear Springs Road, 7 miles west of Red Bank",-122.56939,True,Colyear Fire,100.0,151.5,True,"The Colyear Fire started on June 30, 2016 Colyear Springs Road, 7 miles west of Red Bank (Tehama County) and burned 464 acres.",2016-06-30T13:32:00Z,6.0,7.0,0.0,45.0,4.0,12.625,4.0,0.6557377049180327
450.0,False,CAL FIRE Tuolumne-Calaveras Unit,2.0,3,/incidents/2016/8/28/willow-fire/,All road closures have been lifted.,4,5,6.0,2.0,11.0,2016-08-31T18:50:00Z,3.0,False,True,Grass,2.0,3.0,38.1874,"Off Willow Creek Rd & Mountain Ranch Rd, east of San Andreas ",-120.6381,True,Willow Fire,100.0,151.5,True,"Willow Fire, Calaveras County, east of San Andreas.",2016-08-28T13:07:00Z,6.0,7.0,0.0,45.0,4.0,12.625,4.0,0.6557377049180327
441.0,False,CAL FIRE Shasta-Trinity Unit,2.0,3,/incidents/2016/7/8/fiddler-fire/,All Road closures have been lifted,43,45,10.0,2.0,20.0,2016-07-12T07:00:00Z,3.0,False,True,Grass,2.0,1.0,40.36873,"off Fiddlers Road, southwest of Igo",-122.72913,True,Fiddler Fire,100.0,241.0,True,"The Fiddler Fire started on July 8, 2016 off of Fiddlers Road, southwest of Igo (Shasta County)",2016-07-08T22:45:00Z,6.0,1.0,0.0,45.0,5.0,11.476190476190476,4.0,0.4132231404958678
400.0,False,CAL FIRE Nevada-Yuba-Placer Unit,2.0,3,/incidents/2016/8/18/beale-fire/,All road closures have been lifted.,58,58,6.0,2.0,11.0,2016-08-18T21:30:00Z,3.0,False,True,Grass,2.0,3.0,36.16965,"off of Hammonton Smartsville Rd and Doolittle Rd, near Beale AFB ",-121.38775,False,Beale Fire,100.0,151.5,True,"The Beale Fire started on August 18 off of Hammonton Smartsville Rd and Doolittle Rd, near Beale AFB in Yuba County.",2016-08-18T15:35:00Z,6.0,7.0,0.0,45.0,4.0,12.625,4.0,0.6557377049180327
395.0,False,US Forest Service - Sequoia National Forest,2.0,3,/incidents/2016/8/22/tule-fire/,All road closures have been lifted.,54,54,6.0,2.0,11.0,2016-11-08T10:15:00Z,3.0,False,True,Grass,2.0,3.0,36.1648,"off Hwy 190, 4 miles northeast of Springville",-118.73906,False,Tule Fire,100.0,151.5,True,"The Tule Fire started on August 22, 2016 and burned off Hwy 190 4 miles northeast of Springville.",2016-08-22T22:00:00Z,6.0,7.0,0.0,45.0,4.0,12.625,4.0,0.6557377049180327
380.0,False,CAL FIRE Lassen-Modoc Unit,2.0,3,/incidents/2016/9/11/howard-fire/,All road closures have been lifted.,24,25,6.0,2.0,11.0,2016-09-14T18:00:00Z,3.0,False,True,Grass,2.0,3.0,41.4657,"in Howards Gulch, north of Canby ",-120.9066,False,Howard Fire,100.0,151.5,True,"The Howard Fire started on September 11, 2016 in Howards Gulch, north of Canby, Modoc County and burned 380 acres.",2016-09-11T14:15:00Z,6.0,7.0,0.0,45.0,4.0,12.625,4.0,0.6557377049180327
372.0,False,CAL FIRE Amador- El Dorado Unit,2.0,3,/incidents/2016/6/28/rancho-fire/,All road closures have been lifted.,2,3,6.0,2.0,11.0,2016-06-29T07:30:00Z,3.0,False,True,Grass,2.0,3.0,38.385,"Hwy 104, west of Ione",-121.003611,False,Rancho Fire,100.0,151.5,True,"The Rancho Fire started on June 28, 2016 off Hwy 104, west of Ione in Amador County and burned 372 acres.",2016-06-28T19:02:00Z,6.0,7.0,0.0,45.0,4.0,12.625,4.0,0.6557377049180327
360.0,False,CAL FIRE Tehama-Glenn Unit,5.0,3,/incidents/2016/9/13/hog-fire/,All road closures have been lifted.,52,52,6.0,2.0,12.0,2016-09-13T14:30:00Z,3.0,False,True,Grass,2.0,3.0,40.30594,"Off Hwy 36 near Hog Lake, northeast of Red Bluff",-122.1295,True,Hog Fire,100.0,168.0,True,"The Hog Fire started on September 13, 2016 off Hwy 36 near Hog Lake, northeast of Red Bluff (Tehama County) and burned 360 acres.",2016-09-13T23:10:00Z,6.0,7.0,0.0,45.0,5.0,12.923076923076923,4.0,0.591715976331361
341.0,False,CAL FIRE Tuolumne Calaveras Unit,2.0,3,/incidents/2016/7/12/pacheco-fire/,All road closures have been lifted.,4,5,6.0,2.0,11.0,2016-07-16T18:30:00Z,3.0,False,True,Grass,2.0,3.0,38.08056,"off Lanford Pacheco Rd, south of Valley Springs",-120.81394,False,Pacheco Fire,100.0,151.5,True,"Pacheco Fire off Lanford Pacheco Rd, south of Valley Springs (Calaveras Unit) burned in July 2016.",2016-07-12T13:14:00Z,6.0,7.0,0.0,45.0,4.0,12.625,4.0,0.6557377049180327
310.0,False,CAL FIRE Tuolumne-Calaveras Unit,2.0,3,/incidents/2016/7/2/appaloosa-fire/,All road closures have been lifted.,4,5,6.0,2.0,11.0,2016-07-08T19:32:00Z,3.0,False,True,Grass,2.0,3.0,38.02845,"Appaloosa Rd. and Pinto Dr., 5 miles southwest of Angels Camp",-120.61153,False,Appaloosa Fire,100.0,151.5,True,"The Appaloosa Fire started on July 2, 2016 off Appaloosa Rd. and Pinto Dr., 5 miles southwest of Angels Camp (Calaveras County) and burned 310 acres.",2016-07-02T14:55:00Z,6.0,7.0,0.0,45.0,4.0,12.625,4.0,0.6557377049180327
306.0,False,Kern County Fire Department,2.0,3,/incidents/2016/9/19/flat-fire/,All road closures have been lifted.,13,15,6.0,2.0,11.0,2016-09-21T09:30:00Z,3.0,False,True,Grass,2.0,3.0,0.0," off Granite Rd and Poso Flat Rd., 5 miles south of Woody",0.0,False,Flat Fire,100.0,151.5,True,The Flat Fire burned in Kern County in September 2016 off Granite Rd and Poso Flat Rd near the town of Woody.,2016-09-19T14:13:00Z,6.0,7.0,0.0,45.0,4.0,12.625,4.0,0.6557377049180327
304.0,False,USFS Sequoia National Forest,2.0,3,/incidents/2016/8/28/havilah-fire/,All road closures have been lifted.,13,15,6.0,2.0,11.0,2016-08-28T18:50:00Z,3.0,False,True,Grass,2.0,3.0,35.4976,south of Lake Isabella,-118.5097,False,Havilah Fire,100.0,151.5,True,The Havilah Fire started on August 28 south of Lake Isabella in Kern County. ,2016-08-28T18:50:00Z,6.0,7.0,0.0,45.0,4.0,12.625,4.0,0.6557377049180327
300.0,False,Beale Air Force Base,2.0,3,/incidents/2016/9/20/butte-fire/,All road closures have been lifted.,51,51,6.0,2.0,11.0,2016-09-20T18:00:00Z,3.0,False,True,Grass,2.0,3.0,39.188321,off Pass Road and Kellogg Road (Near Sutter Buttes West of Yuba City,-121.78003,False,Butte Fire,100.0,151.5,True,The Butte Fire burned 300 acres off Pass Rd and Kellogg Rd near the Sutter Buttes west of Yuba City in September 2016.  The cause was a U2 jet crash that killed one pilot.,2016-09-20T09:30:00Z,6.0,7.0,0.0,45.0,4.0,12.625,4.0,0.6557377049180327
278.0,False,CAL FIRE Fresno-Kings Unit,2.0,3,/incidents/2016/5/25/dewolf-fire/,All road closures have been lifted.,9,10,6.0,2.0,11.0,2016-05-25T08:00:00Z,3.0,False,True,Grass,2.0,3.0,36.88286,"DeWolf Ave & Behymer Ave, 2 miles north of Clovis",-119.654,False,DeWolf Fire,100.0,151.5,True,"The DeWolf Fire started on May 25 off DeWolf Ave & Behymer Ave, 2 miles north of Clovis in Fresno County.",2016-05-25T01:03:00Z,6.0,7.0,0.0,45.0,4.0,12.625,4.0,0.6557377049180327
277.0,False,CAL FIRE Sonoma-Lake-Napa Unit,2.0,3,/incidents/2016/6/26/creek-fire/,All road closures have been lifted.,57,57,6.0,2.0,11.0,2016-06-27T06:15:00Z,3.0,False,True,Grass,2.0,3.0,38.69971,"off Hwy 16, 4 miles south of Brooks, near the Cache Creek Casino",-122.15457,False,Creek Fire,100.0,151.5,True,"The Creek Fire started on June 26, 2016 off Hwy 16, 4 miles south of Brooks, near the Cache Creek Casino (Yolo County) and burned 277 acres.",2016-06-26T15:45:00Z,6.0,7.0,0.0,45.0,4.0,12.625,4.0,0.6557377049180327
248.0,False,US Forest Service - Plumas NF,2.0,3,/incidents/2016/9/26/tobin-fire/,All road closures have been lifted.,31,32,6.0,2.0,11.0,2016-10-06T17:15:00Z,3.0,False,True,Grass,2.0,3.0,39.92,north of Hwy 70 and west of Jackass Creek Road ,-121.32,False,Tobin Fire,100.0,151.5,True,"The Tobin Fire started on September 26, 2016 in the Plumas National Forest north of Hwy 70 and west of Jackass Creek Road near the town of Tobin (Plumas County and burned 248 acres.",2016-09-26T13:23:00Z,6.0,7.0,0.0,45.0,4.0,12.625,4.0,0.6557377049180327
237.0,False,CAL FIRE San Benito-Monterey Unit,2.0,3,/incidents/2016/6/17/king-fire/,All road closures have been lifted.,34,35,6.0,2.0,11.0,2016-06-20T06:00:00Z,3.0,False,True,Grass,2.0,3.0,0.0,"north of Hwy 198, east of Hwy 25",0.0,True,King Fire ,100.0,151.5,True,"King Fire, north of Hwy 198, east of Hwy 25, San Benito",2016-06-17T14:30:00Z,6.0,2.0,0.0,45.0,4.0,12.625,4.0,0.6557377049180327
221.0,False,Kern County Fire / Sequoia National Forest ,2.0,3,/incidents/2016/7/13/onyx-fire/,All road closures have been lifted.,13,15,6.0,2.0,11.0,2016-07-14T12:00:00Z,3.0,False,True,Grass,2.0,3.0,35.68313,"off Coyote Trail & Rocky Hill, East of Onyx",-118.21793,False,Onyx Fire,100.0,151.5,True,"The Onyx Fire off Coyote Trail & Rocky Hill, East of Onyx (Kern County) burned in July 2016.",2016-07-13T17:08:00Z,6.0,7.0,0.0,45.0,4.0,12.625,4.0,0.6557377049180327
215.0,False,Vandenberg Air Force Base,2.0,3,/incidents/2016/9/22/washington-fire/,All road closures have been lifted.,40,42,6.0,2.0,11.0,2016-09-27T14:00:00Z,3.0,False,True,Grass,2.0,3.0,34.75134,"off Washington Ave. and Airfield Rd, north of California Blvd ",-120.55297,False,Washington Fire,100.0,151.5,True,The Washington Fire burned on the Vandenberg Air Force Base in September 2016.,2016-09-22T14:20:00Z,6.0,7.0,0.0,45.0,4.0,12.625,4.0,0.6557377049180327
215.0,False,CAL FIRE Sonoma-Lake-Napa Unit,2.0,3,/incidents/2016/6/26/reservoir-fire/,No road closures,15,17,14.0,7.0,25.0,2016-06-28T20:00:00Z,3.0,False,True,Grass,2.0,3.0,39.12366,"Near Indian Valley Reservoir, 7 miles Southwest of Leesville",-122.50373,True,Reservoir Fire,100.0,350.0,True,"The Reservoir Fire started on June 26, 2016 near Indian Valley Reservoir, 7 miles Southwest of Leesville (Lake County) and burned 215 acres.",2016-06-26T16:00:00Z,6.0,7.0,0.0,45.0,2.0,13.461538461538462,9.0,0.2849002849002849
211.0,False,CAL FIRE Santa Clara Unit,2.0,3,/incidents/2016/6/25/grant-fire/,All road closures have been lifted.,0,1,6.0,2.0,11.0,2016-06-26T07:00:00Z,3.0,False,True,Grass,2.0,3.0,37.74369,"In the Altamont Pass, 10 miles east of Livermore",-121.58677,False,Grant Fire,100.0,151.5,True,"Grant Fire, Santa Clara",2016-06-25T16:11:00Z,6.0,7.0,0.0,45.0,4.0,12.625,4.0,0.6557377049180327
210.0,False,CAL FIRE Amador El-Dorado Unit,2.0,3,/incidents/2016/6/17/camanche-fire/,All road closures have been lifted.,2,3,6.0,2.0,11.0,2016-06-21T18:30:00Z,3.0,False,True,Grass,2.0,3.0,38.26874,"off Camanche Parkway North & Coal Mine Road, south of Ione",-120.90265,True,Camanche Fire,100.0,151.5,True,"The Camanche Fire off Camanche Parkway North & Coal Mine Road, south of Ione (Amador County) burned in June 2016.",2016-06-17T14:54:00Z,6.0,7.0,0.0,45.0,4.0,12.625,4.0,0.6557377049180327
188.0,False,CAL FIRE Fresno County Fire,2.0,3,/incidents/2016/7/11/big-fire/,All road closures have been lifted.,9,10,6.0,2.0,11.0,2016-07-13T17:30:00Z,3.0,False,True,Grass,2.0,3.0,36.92244,"off Watts Valley Rd. & Big Springs Ln, east of Clovis",-119.39619,False,Big Fire,100.0,151.5,True,"The Big Fire off Watts Valley Rd. & Big Springs Ln, east of Clovis (Fresno County) burned in July 2016.",2016-07-11T14:30:00Z,6.0,7.0,0.0,45.0,4.0,12.625,4.0,0.6557377049180327
176.0,False,CAL FIRE Amador- El Dorado Unit / USFS El Dorado National Forest / Lake Valley Fire,2.0,3,/incidents/2016/10/14/emerald-fire/,Highway 89 is estimated to re-open today at noon.  Traffic will be metered through the fire area by Caltrans.  The Highway will be subject to future closure as repair work and tree removal continues and debris is removed from the highway. ,8,9,6.0,2.0,11.0,2016-10-17T11:45:00Z,3.0,False,True,Grass,2.0,3.0,38.93449,"off Highway 89, near Cascade Lake and Emerald Bay.",-120.10744,True,Emerald Fire,100.0,151.5,True,"The Emerald Fire started on October 14, 2016 off Highway 89, near Cascade Lake and Emerald Bay, in El Dorado County.",2016-10-14T01:28:00Z,6.0,7.0,0.0,45.0,4.0,12.625,4.0,0.6557377049180327
173.0,False,CAL FIRE Riverside County Fire Unit,2.0,3,/incidents/2016/7/12/briggs-fire/,All road closures have been lifted.,32,33,6.0,2.0,11.0,2016-07-15T08:00:00Z,3.0,False,True,Grass,2.0,3.0,0.0,off Briggs Rd & Louis Rd in Romoland,0.0,False,Briggs Fire,100.0,151.5,True,"Briggs Fire, Riverside County, Romoland",2016-07-12T15:20:00Z,6.0,7.0,0.0,45.0,4.0,12.625,4.0,0.6557377049180327
169.0,False,CAL FIRE Nevada-Yuba-Placer Unit,2.0,3,/incidents/2016/5/17/athens-fire/,All road closures have been lifted.,30,31,6.0,2.0,11.0,2016-05-19T18:00:00Z,3.0,False,True,Grass,2.0,3.0,38.8390117,"Off Athens Ave & Industrial Blvd, south of Lincoln",-121.3090268,False,Athens Fire,100.0,151.5,True,"The Athens Fire started on May 17, 2016 off Athens Ave & Industrial Blvd, south of Lincoln (Placer County).",2016-05-17T15:06:00Z,6.0,7.0,0.0,45.0,4.0,12.625,4.0,0.6557377049180327
158.0,False,CAL FIRE / Fresno County Fire,2.0,3,/incidents/2016/9/3/sunny-fire/,All road closures have been lifted.,9,10,6.0,2.0,11.0,2016-09-06T18:15:00Z,3.0,False,True,Grass,2.0,3.0,36.84479,off Sunnyslope Rd & Lakeside Ln near the Pine Flat Lake Reservoir,-119.34487,True,Sunny Fire,100.0,151.5,True,"The Sunny Fire started on September 3, 2016 off Sunnyslope Rd & Lakeside Ln near the Pine Flat Lake Reservoir (Fresno County).",2016-09-03T14:44:00Z,6.0,7.0,0.0,45.0,4.0,12.625,4.0,0.6557377049180327
156.0,False,LA County Fire Department/Angeles National Forest,2.0,3,/incidents/2016/5/23/wheatland-fire/,All road closures have been lifted.,17,19,6.0,2.0,11.0,2016-05-25T18:45:00Z,3.0,False,True,Grass,2.0,3.0,34.276,"Hwy 210 and Wheatland Ave, southeast of Lake View Terrace",-118.354,False,Wheatland Fire,100.0,151.5,True,"The Wheatland Fire started on May 23, southeast of the Lakeview Terrace, Los Angeles County and burned 156 acres.",2016-05-23T14:15:00Z,6.0,7.0,0.0,45.0,4.0,12.625,4.0,0.6557377049180327
151.0,False,CAL FIRE Fresno-Kings Unit,2.0,3,/incidents/2016/4/28/hills-fire/,All road closures have been lifted.,9,10,6.0,2.0,11.0,2016-04-29T17:15:00Z,3.0,False,True,Grass,2.0,3.0,0.0,four miles Northwest of Panoche and Interstate 5 ,0.0,False,Hills Fire,100.0,151.5,True,The Hills Fire burned 4 miles Northwest of Panoche and Interstate 5 in Fresno County in April 2016.,2016-04-28T17:45:00Z,6.0,7.0,0.0,45.0,4.0,12.625,4.0,0.6557377049180327
150.0,False,Stanislaus National Forest,2.0,3,/incidents/2016/9/13/old-fire/,All road closures have been lifted.,7,8,6.0,2.0,11.0,2016-09-17T18:00:00Z,3.0,False,True,Grass,2.0,3.0,37.75972,"off Old Yosemite Rd, 8 miles east of Greeley Hill",-120.029626,False,Old Fire,100.0,151.5,True,"The Old Fire started on September 13, 2016 off Old Yosemite Rd, 8 miles east of Greeley Hill (Mariposa county)",2016-09-13T13:55:00Z,6.0,7.0,0.0,45.0,4.0,12.625,4.0,0.6557377049180327
150.0,False,Cleveland National Forest,2.0,3,/incidents/2016/8/31/holy-fire/,All road closures have been lifted.,29,30,6.0,2.0,11.0,2016-09-05T06:55:00Z,3.0,False,True,Grass,2.0,3.0,33.6542,off Trabuco Creek Rd near Holy Jim Trail,-117.5221,False,Holy Fire,100.0,151.5,True,"The Holy Fire started on August 31, 2016 off Trabuco Creek Rd near Holy Jim Trail (Orange County).",2016-08-31T04:10:00Z,6.0,7.0,0.0,45.0,4.0,12.625,4.0,0.6557377049180327
150.0,False,CAL FIRE San Luis Obispo Unit,2.0,3,/incidents/2016/5/10/shedd-fire/,All road closures have been lifted.,38,40,6.0,2.0,11.0,2016-05-10T18:45:00Z,3.0,False,True,Grass,2.0,3.0,35.61961,Wood Canyon Rd & Hwy 41,-120.39993,False,Shedd Fire,100.0,151.5,True,The Shedd Fire off Wood Canyon Rd & Hwy 41 near Shandon (San Luis Obispo Co.) burned in May 2016.,2016-05-10T16:11:00Z,6.0,7.0,0.0,45.0,4.0,12.625,4.0,0.6557377049180327
147.0,False,CAL FIRE Santa Clara Unit,2.0,3,/incidents/2016/8/20/bird-fire/,All road closures have been lifted.,37,39,6.0,2.0,11.0,2016-08-20T18:45:00Z,3.0,False,True,Grass,2.0,3.0,37.62215,"off of Bird Rd & I-580, south of Tracy",-121.36665,False,Bird Fire,100.0,151.5,True,"The Bird Fire started on August 20, off of Bird Rd & I-580, south of Tracy in San Joaquin County.",2016-08-20T08:35:00Z,6.0,7.0,0.0,45.0,4.0,12.625,4.0,0.6557377049180327
145.0,False,CAL FIRE Fresno-Kings Unit,2.0,3,/incidents/2016/7/4/frame-fire/,All road closures have been lifted.,9,10,6.0,2.0,11.0,2016-07-07T19:00:00Z,3.0,False,True,Grass,2.0,3.0,36.14161,"Hwy 198 and Frame Ln, 14 miles west of Coalinga",-120.62048,False,Frame Fire,100.0,151.5,True,"The Frame Fire started on July 4, 2016 off Hwy 198 and Frame Ln, 14 miles west of Coalinga (Fresno County) and burned 145 acres.",2016-07-04T17:15:00Z,6.0,7.0,0.0,45.0,4.0,12.625,4.0,0.6557377049180327
140.0,False,CAL FIRE Santa Clara Unit,2.0,3,/incidents/2016/8/4/maze-fire/,All road closures have been lifted.,48,50,6.0,2.0,11.0,2016-08-04T20:00:00Z,3.0,False,True,Grass,2.0,3.0,0.0,"off of Maze & Kasson, west of Modesto",0.0,False,Maze Fire,100.0,151.5,True,"The Maze Fire started on August 4, 2016 off of Maze & Kasson, west of Modesto (Stanislaus County) and burned 140 acres.",2016-08-04T15:45:00Z,6.0,7.0,0.0,45.0,4.0,12.625,4.0,0.6557377049180327
139.0,False,CAL FIRE Riverside County Fire,2.0,3,/incidents/2016/6/4/temecula-fire/,All road closures have been lifted.,32,33,6.0,2.0,11.0,2016-06-07T18:15:00Z,3.0,False,True,Grass,2.0,1.0,33.476894,Off I-15 south of Temecula Parkway,-117.140883,True,Temecula Fire,100.0,151.5,True,The Temecula fire off I-15 south of Temecula Parkway (Riverside County) burned in June 2016.,2016-06-04T11:40:00Z,6.0,7.0,0.0,45.0,4.0,12.625,4.0,0.6557377049180327
138.0,False,Kern County Fire,2.0,3,/incidents/2016/7/15/famoso-fire/,All road closures have been lifted.,13,15,6.0,2.0,11.0,2016-07-16T07:40:00Z,3.0,False,True,Grass,2.0,3.0,35.60748,"off Granite Rd & Famoso Rd, 15 miles east of Famoso",-118.94811,False,Famoso Fire,100.0,151.5,True,"The Famoso Fire off Granite Rd & Famoso Rd, 15 miles east of Famoso (Kern County) burned in July 2016.",2016-07-15T23:55:00Z,6.0,7.0,0.0,45.0,4.0,12.625,4.0,0.6557377049180327
132.0,False,CAL FIRE Fresno-Kings Unit,2.0,3,/incidents/2016/5/15/avocado-fire/,All road closures have been lifted.,9,10,6.0,2.0,11.0,2016-05-17T19:10:00Z,3.0,False,True,Grass,2.0,3.0,36.78769,"Off Piedra Rd near Kings River, 10 miles northeast of Sanger",-119.38248,False,Avocado Fire,100.0,151.5,True,"The Avocado Fire started on May 15, 2016 off Piedra Rd near Kings River, 10 miles northeast of Sanger (Fresno County).",2016-05-15T16:38:00Z,6.0,7.0,0.0,45.0,4.0,12.625,4.0,0.6557377049180327
130.0,False,CAL FIRE Butte Unit,2.0,3,/incidents/2016/9/22/bangor-fire/,All road closures have been lifted.,3,4,6.0,2.0,11.0,2016-09-23T10:30:00Z,3.0,False,True,Grass,2.0,3.0,39.4403,"off Oro-Bangor Highway & Swedes Flat, 7 miles SE of Oroville",-121.42647,False,Bangor Fire,100.0,151.5,True,The Bangor Fire burned 130 acres off Oro-Bangor Hwy and Swedes Flat Rd 7 miles SE of Oroville in September 2016.,2016-09-22T11:45:00Z,6.0,7.0,0.0,45.0,4.0,12.625,4.0,0.6557377049180327
123.0,False,CAL FIRE Fresno County Fire,2.0,3,/incidents/2016/7/15/green-fire/,Auberry Rd. between Granite Creek & Little Wildhorse is closed to traffic.,9,10,6.0,2.0,11.0,2016-07-16T18:00:00Z,3.0,False,True,Grass,2.0,3.0,37.0099,"off Auberry Rd & White Thorne Rd, near Prather",-119.5792,True,Green Fire,100.0,151.5,True,"The Green Fire off Auberry Rd & White Thorne Rd, near Prather (Fresno County) burned in July 2016.",2016-07-15T16:45:00Z,6.0,7.0,0.0,45.0,4.0,12.625,4.0,0.6557377049180327
122.0,False,Inyo National Forest,2.0,3,/incidents/2016/8/5/rock-creek-fire/,All road closures have been lifted.,25,26,6.0,2.0,11.0,2016-08-07T19:33:00Z,3.0,False,True,Grass,2.0,3.0,0.0,southeast of Mammoth Lakes and a mile north of the community of Swall Meadows.,0.0,False,Rock Creek Fire,100.0,151.5,True,"Rock Creek Fire started on August 5, 2016 southeast of Mammoth Lakes and a mile north of the community of Swall Meadows, (Mono County)",2016-08-05T15:45:00Z,6.0,7.0,0.0,45.0,4.0,12.625,4.0,0.6557377049180327
120.0,False,CAL FIRE Santa Clara Unit,2.0,3,/incidents/2016/6/7/coe-fire/,All road closures have been lifted.,48,50,6.0,2.0,11.0,2016-06-09T17:10:00Z,3.0,False,True,Grass,2.0,3.0,37.17072,"Henry W. Coe State Park, Del Puerto Canyon, 20 miles west of Gustine (Stanislaus Co.)",-121.42238,False,Coe Fire,100.0,151.5,True,"In June, 2016 The Coe Fire burned in the Henry Coe State Park near Gustine.",2016-06-07T16:30:00Z,6.0,7.0,0.0,45.0,4.0,12.625,4.0,0.6557377049180327
114.0,False,CAL FIRE Santa Clara Unit,2.0,3,/incidents/2016/7/30/sierra-fire/,All road closures have been lifted.,41,43,6.0,2.0,11.0,2016-07-31T18:30:00Z,3.0,False,True,Grass,2.0,3.0,37.41896,"Off Sierra Rd & Calaveras Rd, Spring Valley",-121.79669,False,Sierra Fire,100.0,151.5,True,"The Sierra Fire started on July 30, 2016 off Sierra Rd & Calaveras Rd, Spring Valley (Santa Clara County)",2016-07-30T17:25:00Z,6.0,7.0,0.0,45.0,4.0,12.625,4.0,0.6557377049180327
112.0,False,CAL FIRE Butte Unit,2.0,3,/incidents/2016/6/20/coal-fire/,All road closures have been lifted.,3,4,6.0,2.0,11.0,2016-06-20T19:50:00Z,3.0,False,True,Grass,2.0,3.0,39.595,"Off Coal Canyon Rd & Hwy 70, north of Oroville",-121.6008,False,Coal Fire,100.0,151.5,True,"The Coal Fire started on June 20 off Coal Canyon Rd & Hwy 70, north of Oroville (Butte County)",2016-06-20T16:38:00Z,6.0,7.0,0.0,45.0,4.0,12.625,4.0,0.6557377049180327
103.0,False,CAL FIRE Madera-Mariposa-Merced Unit,2.0,3,/incidents/2016/7/4/broken-fire/,All road closures have been lifted.,18,20,6.0,2.0,11.0,2016-07-06T20:00:00Z,3.0,False,True,Grass,2.0,3.0,37.25601,"Hwy 41 and Hummingbird Ln, One mile east of Coarsgold",-119.65776,False,Broken Fire,100.0,151.5,True,"The Broken Fire started on July 4, 2016 off Hwy 41 and Hummingbird Ln, One mile east of Coarsgold (Madera County) and burned 103 acres.",2016-07-04T11:53:00Z,6.0,7.0,0.0,45.0,4.0,12.625,4.0,0.6557377049180327
100.0,False,CAL FIRE Shasta-Trinity Unit,2.0,3,/incidents/2016/9/25/cow-fire/,All road closures have been lifted.,43,45,6.0,2.0,11.0,2016-09-25T13:15:00Z,3.0,False,True,Grass,2.0,3.0,40.0,off Whitmore Road and Old Cow Creek Road,-121.93923,False,Cow Fire,100.0,151.5,True,The Cow Fire burned 100 acres in Shasta County off Whitmore Rd and Old Cow Creek Rd in September 2016.,2016-09-25T07:15:00Z,6.0,7.0,0.0,45.0,4.0,12.625,4.0,0.6557377049180327
100.0,False,CAL FIRE San Mateo-Santa Clara Unit,2.0,3,/incidents/2016/8/17/bailey-fire/,All road closures have been lifted.,41,43,6.0,2.0,11.0,2016-08-18T19:50:00Z,3.0,False,True,Grass,2.0,3.0,0.0,"Hwy 101 & Bailey Rd, South San Jose",0.0,False,Bailey Fire,100.0,151.5,True,"The Bailey Fire started on August 17 Hwy 101 & Bailey Rd, South San Jose in Santa Clara County. ",2016-08-17T15:19:00Z,6.0,7.0,0.0,45.0,4.0,12.625,4.0,0.6557377049180327
100.0,False,Kern County Fire,2.0,3,/incidents/2016/8/4/hart-fire/,All road closures have been lifted.,13,15,6.0,2.0,11.0,2016-08-07T20:15:00Z,3.0,False,True,Grass,2.0,3.0,35.24504,"off Hwy 58 and Hart Flat Rd, Tehachapi ",-118.60344,False,Hart Fire,100.0,151.5,True,"Hart Fire stared on August 4, 2016 off Hwy 58 and Hart Flat Rd, Tehachapi (Kern County) and burned 100 acres.",2016-08-04T17:10:00Z,6.0,7.0,0.0,45.0,4.0,12.625,4.0,0.6557377049180327
100.0,False,CAL FIRE Santa Clara Unit,2.0,3,/incidents/2016/8/3/diablo-fire/,All road closures have been lifted.,48,50,6.0,2.0,11.0,2016-08-04T07:45:00Z,3.0,False,True,Grass,2.0,3.0,0.0,"Off Diablo Grande Parkway and Morton Davis Circle, 9 miles SW of Patterson ",0.0,False,Diablo Fire,100.0,151.5,True,"Diablo Fire started on August 3, 2016 off Diablo Grande Parkway and Morton Davis Circle, 9 miles SW of Patterson  (Stanislaus County) and burned 100 acres.",2016-08-03T16:08:00Z,6.0,7.0,0.0,45.0,4.0,12.625,4.0,0.6557377049180327
100.0,False,CAL FIRE San Benito-Monterey Unit,2.0,3,/incidents/2016/7/22/bradley-fire/,All road closures have been lifted.,26,27,6.0,2.0,11.0,2016-07-23T08:45:00Z,3.0,False,True,Grass,2.0,3.0,35.85093,"off Highway 101 and San Antonio River, south of Bradley ",-120.81081,False,Bradley Fire,100.0,151.5,True,"The Bradley Fire started on July 22, 2016 off Highway 101 and San Antonio River, south of Bradley in Monterey County.",2016-07-22T15:15:00Z,6.0,7.0,0.0,45.0,4.0,12.625,4.0,0.6557377049180327
100.0,False,CAL FIRE San Diego,2.0,3,/incidents/2016/7/18/feather-fire/,All road closures have been lifted.,36,37,6.0,2.0,11.0,2016-07-20T13:45:00Z,3.0,False,True,Grass,2.0,3.0,32.9612,"off of El Capitan Truck Trail, south of Ramona ",-116.7945,False,Feather Fire,100.0,151.5,True,"The Feather Fire started on July 18 off of El Capitan Truck Trail, south of Ramona in San Diego County. ",2016-07-18T13:08:00Z,6.0,7.0,0.0,45.0,4.0,12.625,4.0,0.6557377049180327
95.0,False,CAL FIRE San Benito-Monterey Unit,2.0,3,/incidents/2016/7/9/mercury-fire/,All road closures have been lifted.,34,35,6.0,2.0,11.0,2016-07-10T19:30:00Z,3.0,False,True,Grass,2.0,3.0,5487.0,"off of New Idria Rd & Panoche Rd, south of Mercey Hot Springs ",-120.841536,False,Mercury Fire,100.0,151.5,True,"Mercury Fire started on July 9, 2016 off of off of New Idria Rd & Panoche Rd, south of Mercey Hot Springs (San Benito County) and burned 95 acres.",2016-07-09T12:43:00Z,6.0,7.0,0.0,45.0,4.0,12.625,4.0,0.6557377049180327
91.0,False,CAL FIRE Butte Unit,2.0,3,/incidents/2016/5/27/dunstone-fire/,All road closures have been lifted.,3,4,6.0,2.0,11.0,2016-05-27T17:00:00Z,3.0,False,True,Grass,2.0,3.0,39.33035,"La Porte Road at Dunstone Road, west of Bangor ",-121.78973,False,Dunstone Fire,100.0,151.5,True,"Dunstone Fire started on May 27, 2016 La Porte Road at Dunstone Road, west of Bangor, (Butte County) and burned 91 acres.",2016-05-27T13:43:00Z,6.0,7.0,0.0,45.0,4.0,12.625,4.0,0.6557377049180327
88.0,False,CAL FIRE Butte Unit,2.0,3,/incidents/2016/8/26/santos-fire/,Hwy 32 is open to one-lane traffic,3,4,6.0,2.0,11.0,2016-08-30T18:40:00Z,3.0,False,True,Grass,2.0,3.0,39.79547,"off Hwy 32 at Santos Ranch Rd, south of Forest Ranch",-121.71662,True,Santos Fire,100.0,151.5,True,"The Santos Fire started on August 30, 2016 off Hwy 32 at Santos Ranch Rd, south of Forest Ranch (Butte County).",2016-08-26T15:30:00Z,6.0,7.0,0.0,45.0,4.0,12.625,4.0,0.6557377049180327
88.0,False,CAL FIRE Tehama-Glen Unit,2.0,3,/incidents/2016/7/1/flores-fire/,All road closures have been lifted.,52,52,6.0,2.0,11.0,2016-07-01T17:45:00Z,3.0,False,True,Grass,2.0,3.0,40.07846,"Interstate 5 & Flores Ave, 5 miles south of Red Bluff",-122.2071,False,Flores Fire,100.0,151.5,True,"Fores Fire started on July 1, 2016 off Interstate 5 & Flores Ave, 5 miles south of Red Bluff (Tehama County) and burned 88 acres.",2016-07-01T13:54:00Z,6.0,7.0,0.0,45.0,4.0,12.625,4.0,0.6557377049180327
88.0,False,CAL FIRE Nevada Yuba Placer Unit,2.0,3,/incidents/2016/6/21/moore-fire/,All road closures have been lifted.,30,31,6.0,2.0,11.0,2016-06-21T15:45:00Z,3.0,False,True,Grass,2.0,3.0,38.86804,"off Moore Rd and South Dowd Rd, west of Lincoln",-121.37704,False,Moore Fire,100.0,151.5,True,"The Moore Fire off Moore Rd and South Dowd Rd, west of Lincoln (Placer County) burned in June 2016.",2016-06-21T12:24:00Z,6.0,7.0,0.0,45.0,4.0,12.625,4.0,0.6557377049180327
87.0,False,CAL FIRE Amador-Eldorado Unit,2.0,3,/incidents/2016/7/10/scott-fire/,All road closures have been lifted.,33,34,6.0,2.0,11.0,2016-07-11T06:35:00Z,3.0,False,True,Grass,2.0,3.0,38.517772,"off of Scotts Road and Latrobe Road, Rancho Murrieta",-121.103642,False,Scott Fire,100.0,151.5,True,"The Scott Fire started on July 10, 2016 off of Scotts Road and Latrobe Road, Rancho Murrieta (Sacramento County) and burned 87 acres.",2016-07-10T15:30:00Z,6.0,7.0,0.0,45.0,4.0,12.625,4.0,0.6557377049180327
86.0,False,CAL FIRE San Luis Obispo Unit,2.0,3,/incidents/2016/6/27/frazier-fire/,All road closures have been lifted.,38,40,6.0,2.0,11.0,2016-06-29T17:00:00Z,3.0,False,True,Grass,2.0,3.0,35.70821,off Nacimiento Lake Dr. and Frazier Rd.,-120.82266,False,Frazier Fire,100.0,151.5,True,"Frazier Fire started on June 27,2016 off Nacimiento Lake Dr. and Frazier Rd. (San Luis Obispo County) and burned 86 acres.",2016-06-27T12:07:00Z,6.0,7.0,0.0,45.0,4.0,12.625,4.0,0.6557377049180327
85.0,False,CAL FIRE Madera-Mariposa-Merced Unit,2.0,3,/incidents/2016/8/4/grub-fire/,All road closures have been lifted.,18,20,6.0,2.0,11.0,2016-08-06T19:50:00Z,3.0,False,True,Grass,2.0,3.0,37.3228,"off of Grub Gulch Road and Acton Grade Road, west of Oakhurst",-119.7738,False,Grub Fire,100.0,151.5,True,"The Grub Fire stared on August 4, 2016 off of Grub Gulch Road and Acton Grade Road, west of Oakhurst (Madera County) and burned 85 acres.",2016-08-04T14:13:00Z,6.0,7.0,0.0,45.0,4.0,12.625,4.0,0.6557377049180327
85.0,False,CAL FIRE Tuolumne-Calaveras Unit,2.0,3,/incidents/2016/5/30/tulloch-fire/,All road closures have been lifted.,55,55,3.0,2.0,6.0,2016-06-01T19:45:00Z,3.0,False,True,Grass,2.0,3.0,37.927613,"off New Peoria Flat Road and Old Melones Road, west of Sonora",-120.528836,True,Tulloch Fire,100.0,151.5,True,"Tulloch Fire started on Mary 30, 2016 off Peoria Flat Road and Old Melones Road, west of Sonora (Tuolmne County)",2016-05-30T15:10:00Z,6.0,7.0,0.0,45.0,4.0,21.642857142857142,4.0,0.6557377049180327
84.0,False,CAL FIRE Sonoma-Lake-Napa Unit,2.0,3,/incidents/2016/7/15/dunnigan-fire/,All road closures have been lifted.,57,57,6.0,2.0,11.0,2016-07-15T15:40:00Z,3.0,False,True,Grass,2.0,3.0,38.8866,"off County Road 86 & County Road 6, west of Dunnigan",-122.04726,False,Dunnigan Fire,100.0,151.5,True,"The Dunnigan Fire off County Road 86 & County Road 6, west of Dunnigan (Yolo County) burned in July 2016.",2016-07-15T14:00:00Z,6.0,7.0,0.0,45.0,4.0,12.625,4.0,0.6557377049180327
83.0,False,CAL FIRE Tuolumne-Calaveras Unit,2.0,3,/incidents/2016/6/15/cheyenne-fire/,All road closures have been lifted.,4,5,6.0,2.0,11.0,2016-06-16T10:00:00Z,3.0,False,True,Grass,2.0,1.0,0.0,"off Cheyenne Way, south of Camanche Reservoir ",0.0,True,Cheyenne Fire,100.0,151.5,True,"Cheyenne Fire, Camanche Reservoir, Calaveras County.",2016-06-15T12:46:00Z,1.0,2.0,0.0,45.0,4.0,12.625,4.0,0.6557377049180327
83.0,False,CAL FIRE San Benito Monterey Unit,2.0,3,/incidents/2016/6/12/old-fire/,All road closures have been lifted.,34,35,6.0,2.0,11.0,2016-06-12T15:45:00Z,3.0,False,True,Grass,2.0,3.0,36.49914,"off Old Hernandez Road, five miles east of Pinnacles National Park",-121.04993,False,Old Fire,100.0,151.5,True,"The Old Fire, off Old Hernandez Rd., 5 miles east of Pinnacles National Park, burned in June 2016.",2016-06-12T12:45:00Z,6.0,7.0,0.0,45.0,4.0,12.625,4.0,0.6557377049180327
80.0,False,CAL FIRE Tehama-Glenn Unit,2.0,3,/incidents/2016/8/3/baker-fire/,All road closures have been lifted.,52,52,6.0,2.0,11.0,2016-08-04T07:50:00Z,3.0,False,True,Grass,2.0,3.0,40.19611,"Off Baker Rd & Plymire Rd, 2 miles NW of Red Bluff",-122.26736,False,Baker Fire,100.0,151.5,True,"The Baker Fire started on August 3, 2016 Off Baker Rd & Plymire Rd, 2 miles NW of Red Bluff(Tehama County) and burned 80 acres.",2016-08-03T17:27:00Z,6.0,7.0,0.0,45.0,4.0,12.625,4.0,0.6557377049180327
80.0,False,CAL FIRE Madera-Mariposa-Merced Unit,2.0,3,/incidents/2016/7/21/serpa-fire/,All road closures have been lifted.,18,20,6.0,2.0,11.0,2016-07-25T19:20:00Z,3.0,False,True,Grass,2.0,3.0,0.0,off Hwy 41 northeast of Coarsegold,0.0,True,Serpa Fire,100.0,151.5,True,"Serpa Fire started on July 21, 2016 off of Hwy 41 northeast of Coarsegold (Madera County)",2016-07-21T12:53:00Z,6.0,7.0,0.0,45.0,4.0,12.625,4.0,0.6557377049180327
80.0,False,CAL FIRE Tehama Glenn Unit,2.0,3,/incidents/2016/6/11/hoag-fire/,All road closures have been lifted.,52,52,6.0,2.0,11.0,2016-06-11T16:15:00Z,3.0,False,True,Grass,2.0,3.0,39.7947,"off Corning Road and Gaylord Avenue, east of Corning",-121.857,False,Hoag Fire,100.0,151.5,True,In June 2016 the Hoag Fire burned 80 acres with 1 structure destroyed.,2016-06-11T14:30:00Z,6.0,7.0,0.0,45.0,4.0,12.625,4.0,0.6557377049180327
78.0,False,Ventura County Fire Department,2.0,3,/incidents/2016/7/13/sherwood-fire/,All road closures have been lifted.,56,56,6.0,2.0,11.0,2016-07-15T14:00:00Z,3.0,False,True,Grass,2.0,3.0,36.92244,"near Lake Sherwood, southwest of Thousand Oaks",-119.39619,False,Sherwood Fire,100.0,151.5,True,"The Sherman Fire near Lake Sherwood, southwest of Thousand Oaks (Ventura County) burned in July 2016.",2016-07-13T15:52:00Z,6.0,7.0,0.0,45.0,4.0,12.625,4.0,0.6557377049180327
75.0,False,CAL FIRE Shasta-Trinity Unit / Shasta Lake City Fire Department,2.0,3,/incidents/2016/9/10/lake-fire/,All road closures have been lifted.,43,45,6.0,2.0,11.0,2016-09-12T19:00:00Z,3.0,False,True,Grass,2.0,3.0,40.68192,"off of Lake Blvd south of Shasta Dam Blvd, Shasta Lake City",-122.4096,False,Lake Fire,100.0,151.5,True,"The Lake Fire started on September 10, 2016 off of Lake Blvd south of Shasta Dam Blvd, Shasta Lake City in Shasta County and burned 75 acres.",2016-09-10T15:45:00Z,6.0,7.0,0.0,45.0,4.0,12.625,4.0,0.6557377049180327
70.0,False,CAL FIRE Fresno-Kings unit,2.0,3,/incidents/2016/9/23/newmark-fire/,All road closures have been lifted.,9,10,6.0,2.0,11.0,2016-09-24T20:00:00Z,3.0,False,True,Grass,2.0,3.0,36.6543,"off Newmark Ave. and Fantz Ave., 3 miles southeast of Sanger",-119.5327,False,Newmark Fire,100.0,151.5,True,The Newmark Fire burned 70 acres in September 2016 off Newmark Ave and Fantz Ave 3 miles southeast of Sanger.,2016-09-23T12:40:00Z,6.0,7.0,0.0,45.0,4.0,12.625,4.0,0.6557377049180327
70.0,False,CAL FIRE San Benito-Monterey Unit,2.0,3,/incidents/2016/6/18/arroyo-fire/,All road closures have been lifted.,26,27,6.0,2.0,11.0,2016-06-20T18:15:00Z,3.0,False,True,Grass,2.0,3.0,36.2833,"Arroyo Seco Rd &  Elm Ave, E of Greenfield",-121.3306,False,Arroyo Fire,100.0,151.5,True,"The Arroyo Fire started on June 18 off Arroyo Seco Rd &  Elm Ave, E of Greenfield in Monterey County.",2016-06-18T16:47:00Z,6.0,7.0,0.0,45.0,4.0,12.625,4.0,0.6557377049180327
70.0,False,CAL FIRE San Diego Unit,2.0,3,/incidents/2016/5/31/pala-fire/,All road closures have been lifted.,36,37,6.0,2.0,11.0,2016-06-07T06:45:00Z,3.0,False,True,Grass,2.0,3.0,33.41639,"in the 38000 block of Pala Temecula Road, Temecula",-117.08829,True,Pala Fire,100.0,250.0,True,"The Pala Fire burned off Pala Temecula Road, Temecula (San Diego County) in May and June 2016. ",2016-05-31T13:48:00Z,6.0,7.0,0.0,45.0,4.0,20.833333333333332,4.0,0.398406374501992
69.0,False,CAL FIRE Sonoma-Lake-Napa Unit,2.0,3,/incidents/2016/7/19/foothill-fire/,All road closures have been lifted.,15,17,6.0,2.0,4.0,2016-07-22T18:15:00Z,3.0,False,True,Grass,2.0,3.0,39.0863,"off Foothill Drive, community of Lucerne",-122.7891,True,Foothill Fire,100.0,14.0,True,"The Foothill Fire started on July 19 off off Foothill Drive, community of Lucerne in Lake County.",2016-07-19T17:16:00Z,6.0,7.0,0.0,45.0,4.0,2.8,4.0,6.666666666666667
65.0,False,CAL FIRE Sonoma-Lake-Napa Unit,2.0,3,/incidents/2016/10/10/creek-fire/,All road closures have been lifted.,27,28,4.0,0.0,5.0,2016-10-12T18:00:00Z,3.0,False,True,Grass,2.0,3.0,38.40958,Dry Creek Road 3 miles west of Yountville,-122.43172,True,Creek Fire,100.0,86.0,True,"The Creek Fire started on October 10, 2016 off Dry Creek Rd., 3 miles west of Yountville in Napa County.",2016-10-10T16:13:00Z,6.0,7.0,0.0,45.0,2.0,14.333333333333334,2.0,1.1494252873563218
61.0,False,Kern County Fire Department,2.0,3,/incidents/2016/6/11/cotton-fire/,All road closures have been lifted.,13,15,6.0,2.0,11.0,2016-06-12T12:30:00Z,3.0,False,True,Grass,2.0,3.0,35.77135,"off Highway 41, one mile east of the county line",-120.251,False,Cotton Fire,100.0,151.5,True,CAL FIRE assisted Kern Co. Fire Dept. with the Cotton Fire off Hwy 41 one mile east of the Kern County line in June 2016.,2016-06-11T15:04:00Z,6.0,7.0,0.0,45.0,4.0,12.625,4.0,0.6557377049180327
57.0,False,CAL FIRE Sonoma-Lake-Napa Unit/Vacaville Fire Department,2.0,3,/incidents/2016/7/22/oak-fire/,All road closures have been lifted.,46,48,6.0,2.0,11.0,2016-07-22T16:07:00Z,3.0,False,True,Grass,2.0,3.0,38.33475,"off Cherry Glen Rd and Oak Canyon Ln, south of Vacaville ",-122.02564,False,Oak Fire,100.0,151.5,True,"The Oak Fire started on July 22, 2016 off Cherry Glen Rd and Oak Canyon Ln, south of Vacaville in Solano County. ",2016-07-22T13:01:00Z,6.0,7.0,0.0,45.0,4.0,12.625,4.0,0.6557377049180327
57.0,False,CAL FIRE Tuolumne-Calaveras Unit,2.0,3,/incidents/2016/7/21/baker-fire/,All road closures have been lifted.,4,5,6.0,2.0,11.0,2016-07-22T19:00:00Z,3.0,False,True,Grass,2.0,3.0,37.98171,off Baker St & School St near Copperopolis ,-120.64241,True,Baker Fire,100.0,151.5,True,The Baker Fire started on July 21 off Baker St & School St near Copperopolis in Calaveras County.  ,2016-07-21T15:06:00Z,6.0,7.0,0.0,45.0,4.0,12.625,4.0,0.6557377049180327
56.0,False,CAL FIRE Siskiyou Unit,2.0,3,/incidents/2016/5/19/mill-fire/,All road closures have been lifted.,45,47,6.0,2.0,11.0,2016-05-21T19:00:00Z,3.0,False,True,Grass,2.0,3.0,0.0,"Old Dump Road/T-3 Road, 2 miles east of Weed",0.0,False,Mill Fire,100.0,151.5,True,"The Mill Fire started on May 19 on Old Dump Road and T-3road, 2 miles east of Weed in Siskiyou County. ",2016-05-19T15:37:00Z,6.0,7.0,0.0,45.0,4.0,12.625,4.0,0.6557377049180327
52.0,False,CAL FIRE San Benito-Monterey Unit,2.0,3,/incidents/2016/6/23/lowe-fire/,All road closures have been lifted.,26,27,6.0,2.0,11.0,2016-06-24T18:20:00Z,3.0,False,True,Grass,2.0,3.0,36.1934,East of King City,-120.9293,False,Lowe Fire,100.0,151.5,True,Lowe Fire,2016-06-23T17:57:00Z,6.0,7.0,0.0,45.0,4.0,12.625,4.0,0.6557377049180327
50.0,False,CAL FIRE Mendocino Unit,2.0,3,/incidents/2016/9/10/ruff-fire/,All road closures have been lifted.,21,23,6.0,2.0,11.0,2016-09-15T09:10:00Z,3.0,False,True,Grass,2.0,3.0,39.7299,"off of Hwy 101 and Woodruff Rd, north of Laytonville",-123.5044,False,Ruff Fire ,100.0,151.5,True,"The Ruff Fire started on September 10, 2016 off Hwy 101 and Woodruff Rd., north of Laytonville, Mendocino County and burned 50 acres.",2016-09-10T14:06:00Z,6.0,7.0,0.0,45.0,4.0,12.625,4.0,0.6557377049180327
50.0,False,San Bernardino County Fire ,2.0,3,/incidents/2016/9/7/spring-fire/,All road closures have been lifted.,35,36,6.0,2.0,11.0,2016-09-09T06:00:00Z,3.0,False,True,Grass,2.0,3.0,34.3183,"off of Hwy 138 & Los Flores Rd, south of Hesperia",-117.3189,False,Spring Fire,100.0,151.5,True,"The Spring Fire started on September 7, 2016 off of Hwy 138 & Los Flores Rd, south of Hesperia in San Bernardino County. ",2016-09-07T16:53:00Z,6.0,7.0,0.0,45.0,4.0,12.625,4.0,0.6557377049180327
50.0,False,CAL FIRE Amador-El Dorado Unit,2.0,3,/incidents/2016/7/22/storksbill-fire/,All road closures have been lifted.,8,9,6.0,2.0,11.0,2016-07-23T18:00:00Z,3.0,False,True,Grass,2.0,3.0,38.79549,off Storksbill Rd in Pilot Hill ,-121.00299,True,Storksbill Fire,100.0,151.5,True,"The Storksbill Fire startedon July 22, 2016 off Storksbill Rd in Pilot Hill in El Dorado County. ",2016-07-22T13:15:00Z,6.0,7.0,0.0,45.0,4.0,12.625,4.0,0.6557377049180327
50.0,False,Ventura County Fire Department,2.0,3,/incidents/2016/4/28/casitas-fire/,All road closures have been lifted.,56,56,6.0,2.0,11.0,2016-04-30T07:00:00Z,3.0,False,True,Grass,2.0,3.0,0.0,"near Casitas Vista and Ventura Avenue, south of Casitas Springs  ",0.0,False,Casitas Fire,100.0,151.5,True,"The Casitas Fire burned near Casitas Vista and Ventura Avenue, south of Casitas Springs in April 2016.",2016-04-28T19:00:00Z,6.0,7.0,0.0,45.0,4.0,12.625,4.0,0.6557377049180327
49.0,False,CAL FIRE Butte County Fire,2.0,3,/incidents/2016/6/21/70-fire/,All road closures have been lifted.,3,4,6.0,2.0,11.0,2016-06-21T16:30:00Z,3.0,False,True,Grass,2.0,3.0,39.43351,off Highway 70 at Palermo Rd.,-121.6051,False,70 Fire,100.0,151.5,True,The 70 Fire off Highway 70 at Palermo Rd (Butte County) burned in June 2016.,2016-06-21T15:09:00Z,6.0,7.0,0.0,45.0,4.0,12.625,4.0,0.6557377049180327
47.0,False,CAL FIRE Nevada-Yuba-Placer Unit / Grass Valley Fire Department,2.0,3,/incidents/2016/9/17/auburn-fire/,All road closures have been lifted.,28,29,6.0,2.0,11.0,2016-09-20T18:00:00Z,3.0,False,True,Grass,2.0,3.0,39.20427,"Off South Auburn Street and Whiting Street, Grass Valley",-121.05948,False,Auburn Fire,100.0,151.5,True,"The Auburn Fire started on September 17, 2016 off of South Auburn Street and Whiting Street in Grass Valley (Nevada County)",2016-09-17T13:40:00Z,6.0,7.0,0.0,45.0,4.0,12.625,4.0,0.6557377049180327
47.0,False,Orange County Fire Authority,2.0,3,/incidents/2016/6/26/laguna-fire/,All road closures have been lifted.,29,30,6.0,2.0,11.0,2016-06-29T18:30:00Z,3.0,False,True,Grass,2.0,3.0,33.57872,"n Laguna Coast Wilderness Park, 2½ miles northeast of Laguna Beach",-117.77395,False,Laguna Fire,100.0,151.5,True,"The Laguna Fire started on June 26, 2016 in Laguna Coast Wilderness Park, 2½ miles northeast of Laguna Beach (Orange County) and burned 47 acres.",2016-06-26T13:10:00Z,6.0,7.0,0.0,45.0,4.0,12.625,4.0,0.6557377049180327
45.0,False,CAL FIRE Amador-El Dorado Unit,4.0,3,/incidents/2016/9/23/bell-fire/,All road closures have been lifted.,2,3,5.0,2.0,18.0,2016-09-25T17:45:00Z,3.0,False,True,Grass,2.0,3.0,38.5212,"off Hwy 49 and Bell Road, 4 miles north of Plymouth ",-120.8416,True,Bell Fire,100.0,150.0,True,The Bell Fire burned 45 acres in Amador County off Hwy 40 and Bell Road north of Plymouth in September 2016.,2016-09-23T13:12:00Z,6.0,7.0,0.0,45.0,3.0,7.894736842105263,4.0,0.6622516556291391
45.0,False,CAL FIRE Sonoma-Lake-Napa Unit,2.0,3,/incidents/2016/8/9/kugelman-fire/,All road closures have been lifted.,15,17,6.0,2.0,11.0,2016-08-10T17:00:00Z,3.0,False,True,Grass,2.0,3.0,36.09974,"off of Kugelman St and Hwy 53, community of Lower Lake",-120.51057,False,Kugelman Fire,100.0,151.5,True,"The Kugelman Fire started on August 9, 2016 off of Kugelman St and Hwy 53, community of Lower Lake in Lake County.",2016-08-09T17:30:00Z,6.0,7.0,0.0,45.0,4.0,12.625,4.0,0.6557377049180327
45.0,False,Ventura County Fire,2.0,3,/incidents/2016/7/1/kuehner-fire/,All road closures have been lifted.,56,56,6.0,2.0,11.0,2016-07-01T19:50:00Z,3.0,False,True,Grass,2.0,3.0,34.27619,"off Hwy 118 at Rocky Peak Rd, NE Simi Valley",-118.63264,False,Kuehner Fire,100.0,151.5,True,"Kuehner Fire started on July 1, 2016 off Hwy 118 at Rocky Peak Rd, NE Simi Valley (Ventura Co) and burned 45 acres.",2016-07-01T14:00:00Z,6.0,7.0,0.0,45.0,4.0,12.625,4.0,0.6557377049180327
43.0,False,CAL FIRE Tehama-Glenn Unit,2.0,3,/incidents/2016/6/21/paskenta-fire/,All road closures have been lifted.,52,52,6.0,2.0,11.0,2016-06-21T13:00:00Z,3.0,False,True,Grass,2.0,3.0,39.93965,"off Paskenta Rd & Boggs and Chaplin Rd, 18 miles west of Corning",-122.40142,False,Paskenta Fire,100.0,151.5,True,"The Paskenta Fire off Paskenta Rd & Boggs and Chaplin Rd, 18 miles west of Corning (Tehama County) burned in June 2016.",2016-06-21T10:26:00Z,6.0,7.0,0.0,45.0,4.0,12.625,4.0,0.6557377049180327
43.0,False,Kern County Fire Department,2.0,3,/incidents/2016/5/30/walker-fire/,All road closures have been lifted.,13,15,6.0,2.0,11.0,2016-06-04T17:00:00Z,3.0,False,True,Grass,2.0,3.0,0.0,"Jacobs Road, community of Caliente",0.0,False,Walker Fire,100.0,151.5,True,"Walker Fire started on May 30, 2016 of Jacobs Road, near the community of Caliente (Kern County)",2016-05-30T17:57:00Z,6.0,7.0,0.0,45.0,4.0,12.625,4.0,0.6557377049180327
42.0,False,CAL FIRE Lassen-Modoc Unit,2.0,3,/incidents/2016/7/30/dockery-fire/,All road closures have been lifted.,16,18,6.0,2.0,11.0,2016-08-01T19:40:00Z,3.0,False,True,Grass,2.0,3.0,0.0,"off Hwy 36E & County Rd A1, west of Susanville ",0.0,True,Dockery Fire,100.0,151.5,True,"The Dockery Fire started on July 30, 2016 off Hwy 36E & County Rd A1, west of Susanville (Lassen County) and burned 42 acres.",2016-07-30T16:25:00Z,6.0,7.0,0.0,45.0,4.0,12.625,4.0,0.6557377049180327
40.0,False,CAL FIRE Amador- El Dorado Unit / Sac Metro Fire,2.0,3,/incidents/2016/9/11/boys-fire/,All road closures have been lifted.,33,34,6.0,2.0,11.0,2016-09-12T19:00:00Z,3.0,False,True,Grass,2.0,3.0,38.558,"off of Boys Ranch Road and Scott Road, northwest of Rancho Murieta",-121.1309,False,Boys Fire,100.0,151.5,True,"The Boys fire started on September 11, 2016 off of Boys Ranch Road and Scott Road, northwest of Rancho Murieta in Sacramento County and burned 40 acres.",2016-09-11T11:25:00Z,6.0,7.0,0.0,45.0,4.0,12.625,4.0,0.6557377049180327
40.0,False,CAL FIRE Riverside Unit,2.0,3,/incidents/2016/8/28/evergreen-fire/,All road closures have been lifted.,32,33,6.0,2.0,11.0,2016-08-29T15:00:00Z,3.0,False,True,Grass,2.0,3.0,0.0,off Evergreen Street in Lakeland Village near Lake Elsinore ,0.0,False,Evergreen Fire,100.0,151.5,True,The Evergreen Fire started on August 28 off Evergreen Street in Lakeland Village near Lake Elsinore (Riverside County).,2016-08-28T15:23:00Z,6.0,7.0,0.0,45.0,4.0,12.625,4.0,0.6557377049180327
40.0,False,CAL FIRE Santa Clara Unit,2.0,3,/incidents/2016/7/24/franklin-fire/,All road closures have been lifted.,6,7,6.0,2.0,11.0,2016-07-24T19:00:00Z,3.0,False,True,Grass,2.0,3.0,38.01264,"Cummings Skyway & Franklin Canyon, 6 miles southeast of Rodeo",-122.1885,False,Franklin Fire,100.0,151.5,True,The Franklin Fire,2016-07-24T16:30:00Z,6.0,7.0,0.0,45.0,4.0,12.625,4.0,0.6557377049180327
38.0,False,Tahoe National Forest,2.0,3,/incidents/2016/9/7/phoenix-fire/,All road closures have been lifted.,28,29,6.0,2.0,11.0,1969-12-31T16:00:00Z,3.0,False,True,Grass,2.0,3.0,39.39051,west of Fordyce Lake near Soda Springs ,-120.51887,False,Phoenix Fire,100.0,151.5,True,CAL FIRE is assisting @Tahoe_NF with a fire west of Fordyce Lake near Soda Springs (Nevada County) #PhoenixFire,2016-09-07T15:09:00Z,6.0,7.0,0.0,45.0,4.0,12.625,4.0,0.6557377049180327
38.0,False,CAL FIRE Madera-Mariposa-Merced Unit,2.0,3,/incidents/2016/7/29/fork-fire/,All road closures have been lifted.,18,20,6.0,2.0,11.0,2016-07-31T18:55:00Z,3.0,False,True,Grass,2.0,3.0,37.24006,"Off Mammoth Pool Rd & Douglas Ranger Station Rd, east of North Fork",-119.4741,False,Fork Fire,100.0,151.5,True,"The Fork Fire started on July 29, 2016 off Mammoth Pool Rd & Douglas Ranger Station Rd, east of North Fork (Madera County)",2016-07-29T17:55:00Z,6.0,7.0,0.0,45.0,4.0,12.625,4.0,0.6557377049180327
36.0,False,CAL FIRE Mendocino Unit,2.0,3,/incidents/2016/8/30/mina-fire/,All road closures have been lifted.,21,23,6.0,2.0,11.0,2016-08-31T07:15:00Z,3.0,False,True,Grass,2.0,3.0,39.8748511,"off Mina Rd & Trinity County Line, 12 miles northeast of Covelo",-123.4267011,False,Mina Fire,100.0,151.5,True,"The Mina Fire started on August 30, 2016 off Mina Rd & Trinity County Line, northeast of Covelo (Mendocino County).",2016-08-30T13:35:00Z,6.0,7.0,0.0,45.0,4.0,12.625,4.0,0.6557377049180327
36.0,False,CAL FIRE Sonoma-Lake-Napa Unit,2.0,3,/incidents/2016/8/9/knoxville-fire/,All road closures have been lifted.,15,17,6.0,2.0,11.0,2016-08-10T17:00:00Z,3.0,False,True,Grass,2.0,3.0,38.68403,"Berryessa Knoxville Rd & East Side Rd, north of Lake Berryessa",-122.26015,False,Knoxville Fire,100.0,151.5,True,"The Knoxville Fire started on August 9, 2016 Berryessa Knoxville Rd & East Side Rd, north of Lake Berryessa in Lake County. ",2016-08-09T18:50:00Z,6.0,7.0,0.0,45.0,4.0,12.625,4.0,0.6557377049180327
35.0,False,CAL FIRE San Diego Unit,2.0,3,/incidents/2016/8/10/gopher-fire/,All road closures have been lifted.,36,37,6.0,2.0,11.0,2016-08-11T18:30:00Z,3.0,False,True,Grass,2.0,3.0,33.22558,"I-15 & Lawrence Welk Drive, Gopher Canyon",-117.14547,False,Gopher Fire,100.0,151.5,True,"The Gopher Fire started on August 8, 2016 near I-15 & Lawrence Welk Drive, Gopher Canyon in San Diego county. ",2016-08-10T09:14:00Z,6.0,7.0,0.0,45.0,4.0,12.625,4.0,0.6557377049180327
35.0,False,CAL FIRE Shasta-Trinity Unit,2.0,3,/incidents/2016/8/9/mountain-fire/,All road closures have been lifted.,43,45,6.0,2.0,11.0,2016-08-10T17:00:00Z,3.0,False,True,Grass,2.0,3.0,40.61213,"Near Iron Mountain Road, south of Keswick ",-122.47091,False,Mountain Fire,100.0,151.5,True,"The Mountain Fire started on August 9, 2016 near Iron Mountain Rd., south of Keswick in Shasta County.",2016-08-09T12:14:00Z,6.0,7.0,0.0,45.0,4.0,12.625,4.0,0.6557377049180327
35.0,False,CAL FIRE Butte Unit,2.0,3,/incidents/2016/7/28/neal-fire/,All road closures have been lifted.,3,4,6.0,2.0,11.0,2016-07-29T15:10:00Z,3.0,False,True,Grass,2.0,3.0,0.0,"Off Neal Rd east of Hwy 99e, south of Chico",0.0,False,Neal Fire,100.0,151.5,True,"The Neal Fire started on July 29 off Neal Rd east of Highway 99e, south of Chico (Butte County) and burned 35 acres.",2016-07-28T14:27:00Z,6.0,7.0,0.0,45.0,4.0,12.625,4.0,0.6557377049180327
35.0,False,CAL FIRE Tuolumne Calaveras Unit,2.0,3,/incidents/2016/7/12/stagecoach-fire/,All road closures have been lifted.,4,5,6.0,2.0,11.0,2016-07-13T19:00:00Z,3.0,False,True,Grass,2.0,3.0,37.96311,"off Stagecoach Rd and Hwy 4, south of Copperopolis",-120.67335,False,Stagecoach Fire,100.0,151.5,True,"The Stagecoach Fire off Stagecoach Rd and Hwy 4, south of Copperopolis (Riverside County) burned in July 2016.",2016-07-12T15:19:00Z,6.0,7.0,0.0,45.0,4.0,12.625,4.0,0.6557377049180327
33.0,False,CAL FIRE Tuolumne-Calaveras Unit,2.0,3,/incidents/2016/6/27/campo-fire/,All road closures have been lifted.,4,5,6.0,2.0,11.0,2016-06-30T07:00:00Z,3.0,False,True,Grass,2.0,3.0,38.22017,"off Campo Seco and Chili Camp Road, near Burson ",-120.8678,False,Campo Fire,100.0,151.5,True,"Campo Fire started on June 27, 2016 off Campo Seco and Chili Camp Road, near Burson (Calaveras County) and burned 33 acres.",2016-06-27T18:00:00Z,6.0,7.0,0.0,45.0,4.0,12.625,4.0,0.6557377049180327
32.0,False,CAL FIRE Siskiyou Unit,2.0,3,/incidents/2016/9/12/moffett-fire/,All road closures have been lifted.,45,47,6.0,2.0,11.0,2016-09-13T18:30:00Z,3.0,False,True,Grass,2.0,3.0,41.6314,"off of Moffett Creek Rd and Luce Gulch Rd, northeast of Fort Jones",-122.7933,False,Moffett Fire,100.0,151.5,True,"The Moffett Fire started on September 12, 2016 off of Moffett Creek Rd and Luce Gulch Rd, northeast of Fort Jones (Siskiyou County) and burned 32 acres.",2016-09-12T16:28:00Z,6.0,7.0,0.0,45.0,4.0,12.625,4.0,0.6557377049180327
32.0,False,CAL FIRE Tuolumne-Calaveras unit,2.0,3,/incidents/2016/7/30/frymire-fire/,All road closures have been lifted.,55,55,6.0,2.0,11.0,2016-08-01T08:05:00Z,3.0,False,True,Grass,2.0,3.0,37.81434,"Off Frymire Rd & Morrison Rd, east of Oakdale",-120.69521,False,Frymire Fire,100.0,151.5,True,"The Frymire Fire started on July 30, 2016 off Frymire Rd & Morrison Rd east of Oakdale (Tuolumne County).",2016-07-30T17:25:00Z,6.0,7.0,0.0,45.0,4.0,12.625,4.0,0.6557377049180327
32.0,False,CAL FIRE Amador El-Dorado,2.0,3,/incidents/2016/6/3/clay-fire/,All road closures have been lifted.,33,34,6.0,2.0,11.0,2016-06-03T19:55:00Z,3.0,False,True,Grass,2.0,3.0,38.3131,off Highway 104 and Clay East Road near Herald,-121.06452,False,Clay Fire,100.0,151.5,True,The Clay Fire off Highway 104 and Clay East Road near Herald (Sacramento County) burned in June 2016.,2016-06-03T16:57:00Z,6.0,7.0,0.0,45.0,4.0,12.625,4.0,0.6557377049180327
30.0,False,CAL FIRE Butte Unit,2.0,3,/incidents/2016/9/16/old-fire/,All road closures have been lifted.,3,4,6.0,2.0,11.0,2016-09-19T18:30:00Z,3.0,False,True,Grass,2.0,3.0,39.8851,"Off of Old Chico Canyon, west of Forest Ranch",-121.6998,False,Old Fire,100.0,151.5,True,"The Old Fire started on September 16, 2016 off Old Chico Canyon, west of Forest Ranch (Butte County)",2016-09-16T23:28:00Z,6.0,7.0,0.0,45.0,4.0,12.625,4.0,0.6557377049180327
30.0,False,CAL FIRE San Bernardino Unit,2.0,3,/incidents/2016/7/1/lone-pine-fire/,All road closures have been lifted.,12,14,6.0,2.0,11.0,2016-07-02T20:00:00Z,3.0,False,True,Grass,2.0,3.0,36.58972,"Whitney Portal Rd. and OlivasRanch Rd., 3 miles West of Lone Pine",-118.15589,False,Lone Pine Fire,100.0,151.5,True,"The Lone Pine Fire started on July 1, 2016 off of Whitney Portal Rd. and OlivasRanch Rd., 3 miles West of Lone Pine (Inyo County) and burned 30 acres.",2016-07-01T12:56:00Z,6.0,7.0,0.0,45.0,4.0,12.625,4.0,0.6557377049180327
30.0,False,CAL FIRE San Benito Monterey Unit,2.0,3,/incidents/2016/6/3/hidden-fire/,All road closures have been lifted.,34,35,6.0,2.0,11.0,2016-06-03T17:30:00Z,3.0,False,True,Grass,2.0,3.0,36.80296,"off Hidden Valley Rd & Cienega Rd, southwest of Hollister ",-121.40304,False,Hidden Fire,100.0,151.5,True,"The Hidden Fire started on June 3, 2016 in Hidden Valley Rd, in Hollister, in San Benito County.",2016-06-03T17:39:00Z,6.0,7.0,0.0,45.0,4.0,12.625,4.0,0.6557377049180327
30.0,False,CAL FIRE Butte Unit,2.0,3,/incidents/2016/5/29/70-fire/,Hwy 70 between Clark Rd and Wheelock Rd,3,4,1.0,1.0,9.0,2016-05-29T19:53:00Z,3.0,False,True,Grass,1.0,3.0,39.624017,Hwy 70 between Clark Rd and Wheelock Rd,-121.595093,True,70 Fire,100.0,42.0,True,"70 Fire started on May 29, 2016 off Hwy 70 between Clark Rd and Wheelock Rd (Butte County)and burned 30 acres.",2016-05-29T16:51:00Z,6.0,7.0,0.0,45.0,2.0,4.2,2.0,2.3255813953488373
30.0,False,CAL FIRE Madera-Mariposa-Merced Unit,2.0,3,/incidents/2016/4/24/taglio-fire/,All road closures have been lifted.,22,24,6.0,2.0,11.0,2016-04-24T15:30:00Z,3.0,False,True,Grass,2.0,3.0,37.2171,"I-5 & Taglio Road, east of Gustine",-121.08036,False,Taglio Fire,100.0,151.5,True,"The Taglio fire burned off I-5 & Taglio Road, east of Gustine (Merced County) in April 2016.",2016-04-24T11:10:00Z,6.0,7.0,0.0,45.0,4.0,12.625,4.0,0.6557377049180327
28.0,False,CAL FIRE San Diego Unit,2.0,3,/incidents/2016/11/13/gopher-fire/,All road closures have been lifted.,36,37,6.0,2.0,11.0,2016-11-14T18:00:00Z,3.0,False,True,Grass,2.0,3.0,33.254355,Off Gopher Canyon & Interstate 15,-117.158475,False,Gopher Fire,100.0,151.5,True,"The Gopher Fire stated on November 13, 2016 off Gopher Canyon & Interstate 15 (San Diego County).",2016-11-13T11:14:00Z,6.0,7.0,0.0,45.0,4.0,12.625,4.0,0.6557377049180327
28.0,False,CAL FIRE San Diego Unit,2.0,3,/incidents/2016/7/22/rock-fire/,All road closures have been lifted.,36,37,6.0,2.0,11.0,2016-07-24T14:30:00Z,3.0,False,True,Grass,2.0,3.0,33.00056,"off Highway 67 & Rockhouse Road, near Ramona",-116.9571,True,Rock Fire,100.0,151.5,True,"The Rock Fire started on July 22, 2016 off Highway 67 & Rockhouse Road, near Ramona in San Diego County. ",2016-07-22T14:47:00Z,6.0,7.0,0.0,45.0,4.0,12.625,4.0,0.6557377049180327
26.0,False,CAL FIRE Amador - El Dorado Unit,2.0,3,/incidents/2016/8/5/deer-fire/,All road closures have been lifted.,2,3,2.0,1.0,8.0,2016-08-06T10:06:00Z,3.0,False,True,Grass,2.0,3.0,38.2581,"off of Deer Ridge Lane and Buena Vista Road, north of Valley Springs ",-120.8657,True,Deer Fire,100.0,151.5,True,"The Deer Fire started on August 5, 2016 off of Deer Ridge Lane and Buena Vista Road, north of Valley Springs (Amador County) and burned 26 acres.",2016-08-05T13:49:00Z,6.0,7.0,0.0,45.0,3.0,16.833333333333332,3.0,0.6557377049180327
26.0,False,CAL FIRE Siskiyou Unit,2.0,3,/incidents/2016/7/19/bailey-fire/,All road closures have been lifted.,45,47,6.0,2.0,11.0,2016-07-20T09:00:00Z,3.0,False,True,Grass,2.0,3.0,41.96191,"Hwy 5 at Bailey Hill, 2 mi southeast of Hilt",-122.59328,False,Bailey Fire,100.0,151.5,True,"The Bailey Fire started on July 19 off of Hwy 5 at Bailey Hill, 2 mi southeast of Hilt in Siskiyou County. ",2016-07-19T14:09:00Z,6.0,7.0,0.0,45.0,4.0,12.625,4.0,0.6557377049180327
25.0,False,CAL FIRE Santa Clara Unit,2.0,3,/incidents/2016/9/1/oak-fire/,All road closures have been lifted.,41,43,6.0,2.0,11.0,2016-09-02T06:55:00Z,3.0,False,True,Grass,2.0,3.0,37.11831,"Off Oak Glen Ave, 2 miles west of Morgan Hill",-121.69784,False,Oak Fire,100.0,151.5,True,"the Oak Fire started on September 1, 2016 off Oak Glen Ave, 2 miles west of Morgan Hill (Santa Clara County)",2016-09-01T14:36:00Z,6.0,7.0,0.0,45.0,4.0,12.625,4.0,0.6557377049180327
25.0,False,CAL FIRE Santa Clara Unit,2.0,3,/incidents/2016/8/12/oak-fire/,All road closures have been lifted.,41,43,6.0,2.0,11.0,2016-08-14T19:50:00Z,3.0,False,True,Grass,2.0,3.0,37.06531,off Uvas Rd & Watsonville Rd. west of Morgan Hill,-121.68577,False,Oak Fire,100.0,151.5,True,"The Oak Fire started on August 12, 2016 off Uvas Rd & Watsonville Rd. west of Morgan Hill in Santa Clara County.",2016-08-12T16:00:00Z,6.0,7.0,0.0,45.0,4.0,12.625,4.0,0.6557377049180327
25.0,False,El Dorado National Forest,2.0,3,/incidents/2016/8/6/alder-fire/,All road closures have been lifted.,8,9,6.0,2.0,11.0,2016-08-07T19:18:00Z,3.0,False,True,Grass,2.0,3.0,0.0,"off of Hwy 50 at Riverton, west of Kyburz",0.0,False,Alder Fire,100.0,151.5,True,"The Alder Fire started on August 6, 2016 off of Hwy 50 at Riverton, west of Kyburz (El Dorado County) and burned 25 acres.",2016-08-06T15:00:00Z,6.0,7.0,0.0,45.0,4.0,12.625,4.0,0.6557377049180327
25.0,False,CAL FIRE Sonoma-Lake-Napa Unit,2.0,3,/incidents/2016/7/29/north-branch-extension-fire/,All road closures have been lifted.,15,17,6.0,2.0,11.0,2016-07-31T18:50:00Z,3.0,False,True,Grass,2.0,3.0,0.0,"Off Ogulin Rd & Highway 53, Clearlake Oaks",0.0,False,North Branch Extension Fire,100.0,151.5,True,"The North Branch Extension Fire started on July 29, 2016 off Ogulin Rd & Highway 53 in Clearlake Oaks (Lake County).",2016-07-29T14:55:00Z,6.0,7.0,0.0,45.0,4.0,12.625,4.0,0.6557377049180327
25.0,False,CAL FIRE Amador El-Dorado,2.0,3,/incidents/2016/6/3/aukum-fire/,Mount Aukum Road closed from 4 corners to Tiger's Eye.,8,9,6.0,2.0,11.0,2016-06-04T15:30:00Z,3.0,False,True,Grass,2.0,3.0,38.64107,off Mount Aukum Road & Grizzly Flat Road,-120.6955,True,Aukum Fire,100.0,151.5,True,The Aukum Fire off Mount Aukum Road & Grizzly Flat Road (El Dorado County) burned in June 2016.,2016-06-03T12:41:00Z,6.0,7.0,0.0,45.0,4.0,12.625,4.0,0.6557377049180327
25.0,False,CAL FIRE San Benito-Monterey Unit,2.0,3,/incidents/2016/5/12/bryson-fire/,All road closures have been lifted.,26,27,6.0,2.0,11.0,2016-05-12T20:45:00Z,3.0,False,True,Grass,2.0,3.0,35.8378273,"Bryson-Hesperia Rd & Interlake Rd, west of Bradley ",-121.0381507,False,Bryson Fire,100.0,151.5,True,"The Bryson Fire started on May 12, 2016 off Bryson-Hesperia Rd & Interlake Rd, west of Bradley (Monterey County)",2016-05-12T14:13:00Z,6.0,7.0,0.0,45.0,4.0,12.625,4.0,0.6557377049180327
24.0,False,CAL FIRE Shasta Trinity Unit,2.0,3,/incidents/2016/6/11/keswick-fire/,All road closures have been lifted.,43,45,6.0,2.0,11.0,2016-06-12T15:00:00Z,3.0,False,True,Grass,2.0,3.0,40.61388,near Keswick Dam Road x Iron Mountain Road N/W of Redding,-122.46777,False,Keswick Fire,100.0,151.5,True,"The Keswick Fire, in Shasta County, near Keswick Dam Road at Iron Mountain Road northwest of Redding burned in June 2016.",2016-06-11T16:02:00Z,6.0,7.0,0.0,45.0,4.0,12.625,4.0,0.6557377049180327
23.0,False,CAL FIRE Humboldt-Del Norte,2.0,3,/incidents/2016/8/11/stafford-fire/,All road closures have been lifted.,11,12,6.0,2.0,11.0,2016-08-16T08:45:00Z,3.0,False,True,Grass,2.0,3.0,40.4572,"Community of Stafford, 7 miles south of Fortuna",-124.05804,False,Stafford Fire,100.0,151.5,True,"The Stafford Fire started on August 11, 2016 near the community of Stafford in Humboldt County.",2016-08-11T14:57:00Z,6.0,7.0,0.0,45.0,4.0,12.625,4.0,0.6557377049180327
23.0,False,CAL FIRE Siskiyou Unit,2.0,3,/incidents/2016/7/21/table-fire/,All road closures have been lifted.,45,47,6.0,2.0,11.0,2016-07-22T12:00:00Z,3.0,False,True,Grass,2.0,3.0,41.71847,"Table Rock Rd & Harry Cash Rd, Montague",-122.36924,False,Table Fire,100.0,151.5,True,"The Table Fire started on July 22, 2016 off Table Rock Rd & Harry Cash Rd, east of Montague in Siskiyou County.",2016-07-21T20:30:00Z,6.0,7.0,0.0,45.0,4.0,12.625,4.0,0.6557377049180327
21.0,False,CAL FIRE Humboldt-Del Norte,2.0,3,/incidents/2016/8/12/summit-fire/,All road closures have been lifted.,11,12,6.0,2.0,11.0,2016-08-19T08:30:00Z,3.0,False,True,Grass,2.0,3.0,40.9878,Three Creeks Summit and Bair Rd. 8 miles west of Willow Creek,-123.77832,False,Summit Fire,100.0,151.5,True,"The Summit Fire started on August 12, 2016 off Three Creeks Summit and Bair Rd, 8 miles west of Willow Creek in Humboldt County.",2016-08-12T17:23:00Z,6.0,7.0,0.0,45.0,4.0,12.625,4.0,0.6557377049180327
20.0,False,San Bernardino National Forest,2.0,3,/incidents/2016/9/3/ken-fire/,All road closures have been lifted.,35,36,6.0,2.0,11.0,2016-09-04T18:55:00Z,3.0,False,True,Grass,2.0,3.0,34.25858,Off I-15 Between Kenwood and Blue Cut in the Cajon Pass,-117.4415,False,Ken Fire,100.0,151.5,True,"The Ken Fire started on September 4, 2016 off I-15 Between Kenwood and Blue Cut in the Cajon Pass (San Bernardino County)",2016-09-03T21:51:00Z,6.0,7.0,0.0,45.0,4.0,12.625,4.0,0.6557377049180327
20.0,False,CAL FIRE Sonoma-Lake-Napa Unit,2.0,3,/incidents/2016/8/30/mockingbird-fire/,All road closures have been lifted.,15,17,6.0,2.0,11.0,2016-08-31T07:05:00Z,3.0,False,True,Grass,2.0,3.0,39.1408865,"Off Hwy 29 & Mockingbird Lane, Upper Lake",-122.9148951,False,Mockingbird Fire,100.0,151.5,True,"The Mockingbird Fire started on August 30, 2016 off Hwy 29 & Mockingbird Lane, Upper Lake (Lake County).",2016-08-30T16:54:00Z,6.0,7.0,0.0,45.0,4.0,12.625,4.0,0.6557377049180327
20.0,False,Ventura County Fire Department,2.0,3,/incidents/2016/5/12/edison-fire/,All road closures have been lifted.,56,56,6.0,2.0,11.0,2016-05-13T22:30:00Z,3.0,False,True,Grass,2.0,3.0,0.0,North of Ventura,0.0,False,Edison Fire,100.0,151.5,True,"The Edison Fire started on May 12, 2016 North of Ventura (Ventura County)",2016-05-12T14:13:00Z,6.0,7.0,0.0,45.0,4.0,12.625,4.0,0.6557377049180327
19.0,False,CAL FIRE Amador-El Dorado Unit,2.0,3,/incidents/2016/8/30/willow-fire/,All road closures have been lifted.,2,3,6.0,2.0,11.0,2016-08-31T07:05:00Z,3.0,False,True,Grass,2.0,3.0,0.0,"Off Highway 124 & Willow Creek Rd, 4 miles east of Ione",0.0,True,Willow Fire,100.0,151.5,True,"The Willow Fire started on August 30, 2016 off Highway 124 & Willow Creek Rd, 4 miles east of Ione (Amador County)",2016-08-30T16:52:00Z,6.0,7.0,0.0,45.0,4.0,12.625,4.0,0.6557377049180327
15.0,False,Ventura County Fire,2.0,3,/incidents/2016/7/11/shelter-fire/,All road closures have been lifted.,56,56,6.0,2.0,11.0,2016-07-12T10:30:00Z,3.0,False,True,Grass,2.0,3.0,33.11645,"off Volcan Mountain, north of Julian",-116.58542,False,Shelter Fire,100.0,151.5,True,"Shelter Fire off Volcan Mountain, north of Julian (Ventura County) burned in July 2016.",2016-07-11T12:58:00Z,6.0,7.0,0.0,45.0,4.0,12.625,4.0,0.6557377049180327
11.0,False,CAL FIRE Tehama-Glenn Unit,2.0,3,/incidents/2016/7/25/collier-fire/,All road closures have been lifted.,52,52,6.0,2.0,11.0,2016-07-26T19:25:00Z,3.0,False,True,Grass,2.0,3.0,0.0,"Off Collier Dr & Humboldt Dr, Rancho Tehama",0.0,False,Collier Fire,100.0,151.5,True,"Collier Fire, Tehama County, Rancho Tehama",2016-07-25T16:55:00Z,6.0,7.0,0.0,45.0,4.0,12.625,4.0,0.6557377049180327
11.0,False,CAL FIRE Shasta-Trinity Unit,2.0,3,/incidents/2016/5/25/fiddler-fire/,All road closures have been lifted.,43,45,6.0,2.0,11.0,2016-05-25T20:00:00Z,3.0,False,True,Grass,2.0,3.0,0.0,"off Fiddler Rd and Straight Arrow Rd, 8 miles east of Ono",0.0,False,Fiddler Fire,100.0,151.5,True,"Fiddler Fire started May 25,  off Fiddler Rd and Straight Arrow Rd, 8 miles east of Ono (Shasta County) and burned 11 acres.",2016-05-25T16:51:00Z,6.0,7.0,0.0,45.0,4.0,12.625,4.0,0.6557377049180327
10.0,False,Sequoia National Forest,2.0,3,/incidents/2016/10/20/jacobson-fire/,All road closures have been lifted.,54,54,6.0,2.0,11.0,2016-12-19T13:30:00Z,3.0,False,True,Grass,2.0,3.0,36.217,Jacobson Drainage in the Golden Trout Wilderness,-118.551,False,Jacobson Fire,100.0,151.5,True,"The Jacobson Fire starte on October 20, 2016 in the Sequoia National Forest, Tulare County.",2016-10-20T17:00:00Z,6.0,7.0,0.0,45.0,4.0,12.625,4.0,0.6557377049180327
0.0,False,Stanislaus National Forest,2.0,3,/incidents/2016/8/18/mokelumne-fire/,All road closures have been lifted.,1,2,6.0,2.0,11.0,2016-08-30T12:05:00Z,3.0,False,True,Grass,2.0,3.0,38.57554,Mokelumne Wilderness,-120.00606,False,Mokelumne Fire,100.0,151.5,True,"The Mokelumne Fire started on August 18, 2016 in the Mokelumne Wilderness (Alpine County)",2016-08-18T12:05:00Z,6.0,7.0,0.0,45.0,4.0,12.625,4.0,0.6557377049180327
0.0,False,Los Angeles Fire Department ,2.0,3,/incidents/2016/7/22/sand-fire/,All road closures have been lifted.,17,19,6.0,2.0,11.0,2016-08-09T17:15:00Z,3.0,False,True,Grass,2.0,3.0,0.0,"near 14 Fwy & Sand Canyon Rd, Santa Clarita",0.0,False,Sand Fire,100.0,151.5,True,"The Sand Fire started on July 22,2016 near 14 Fwy & Sand Canyon Rd, Santa Clarita in Los Angeles County. ",2016-07-22T14:11:00Z,6.0,7.0,0.0,45.0,4.0,12.625,4.0,0.6557377049180327
0.0,False,Bureau of Land Management ,2.0,3,/incidents/2016/6/4/soda-fire/,All road closures have been lifted.,38,40,6.0,2.0,11.0,2016-06-19T08:30:00Z,3.0,False,True,Grass,2.0,3.0,35.01382,Off Soda Lake Road north of Cuyama,-119.58206,False,Soda Fire,100.0,151.5,True,The Soda Fire Off Soda Lake Road north of Cuyama (San Luis Obispo County) burned in June 2016.,2016-06-04T17:46:00Z,6.0,7.0,0.0,45.0,4.0,12.625,4.0,0.6557377049180327
0.0,False,Los Angeles County Fire Department,2.0,3,/incidents/2016/6/4/old-fire/,All road closures have been lifted.,17,19,6.0,2.0,11.0,2016-06-13T12:30:00Z,3.0,False,True,Grass,2.0,3.0,0.0,"off of Old Topanga Canyon Road and Mulholland Hwy, Calabasas",0.0,False,Old Fire,100.0,151.5,True,"The Old Fire off of Old Topanga Canyon Road and Mulholland Hwy, Calabasas (Los Angeles County) burned in June 2016.",2016-06-04T16:09:00Z,6.0,7.0,0.0,45.0,4.0,12.625,4.0,0.6557377049180327
0.0,False,Bureau of Land Management,2.0,3,/incidents/2016/6/1/chimney-fire/,All road closures have been lifted.,54,54,6.0,2.0,11.0,2016-06-19T18:00:00Z,3.0,False,True,Grass,2.0,3.0,35.84883,15 miles northeast of Kernville,-118.08591,False,Chimney Fire,100.0,151.5,True,"The Chimney Fire started on June 1, 2016 just 15 miles northeast of Kernville (Tulare County) and burned 1,324 acres.",2016-06-01T15:35:00Z,6.0,7.0,0.0,45.0,4.0,12.625,4.0,0.6557377049180327
0.0,False,Los Angeles County Fire,2.0,3,/incidents/2016/4/19/gorman-fire/,All road closures have been lifted.,17,19,6.0,2.0,11.0,2016-04-19T15:30:00Z,3.0,False,True,Grass,2.0,3.0,34.6888731,off northbound Interstate 5 at Gorman Creek,-118.7892593,False,Gorman Fire,100.0,151.5,True,"The Gorman Fire burned off northbound Interstate 5 at Gorman Creek on April 19, 2016, in Los Angeles County.",2016-04-19T13:09:00Z,6.0,7.0,0.0,45.0,4.0,12.625,4.0,0.6557377049180327
281893.0,False,US Forest Service - Los Padres National Forest ,2.0,4,/incidents/2017/12/4/thomas-fire/,All road closures have been lifted.,40,"42,56",6.0,2.0,11.0,2019-03-14T11:24:00Z,3.0,False,True,Grass,2.0,3.0,34.41521,"Hwy 150 and Hwy 126, north of Santa Paula ",-119.09124,True,Thomas Fire,100.0,151.5,True,"The Thomas Fire started on December 4, 2017 off Hwy 150 and Hwy 126, north of Santa Paula in Ventura County.",2017-12-04T18:28:00Z,280.0,1063.0,0.0,45.0,4.0,12.625,4.0,0.6557377049180327
281893.0,False,US Forest Service - Los Padres National Forest ,2.0,4,/incidents/2017/12/4/thomas-fire/,All road closures have been lifted.,56,"42,56",6.0,2.0,11.0,2019-03-14T11:24:00Z,3.0,False,True,Grass,2.0,3.0,34.41521,"Hwy 150 and Hwy 126, north of Santa Paula ",-119.09124,True,Thomas Fire,100.0,151.5,True,"The Thomas Fire started on December 4, 2017 off Hwy 150 and Hwy 126, north of Santa Paula in Ventura County.",2017-12-04T18:28:00Z,280.0,1063.0,0.0,45.0,4.0,12.625,4.0,0.6557377049180327
83733.0,False,Bureau of Land Management,2.0,4,/incidents/2017/7/11/long-valley-fire/,All road closures have been lifted.,16,18,6.0,2.0,11.0,2018-01-09T11:52:00Z,3.0,False,True,Grass,2.0,3.0,40.07045,"off Hwy 395 and Cowboy Joe Rd, 3 miles north of Doyle",-120.14013,False,Long Valley Fire,100.0,151.5,True,"The Long Valley Fire started on July 11, 2017 off Hwy 395 and Cowboy Joe Road, 3 miles north of Doyle in Lassen County and burned 83,733 acres.",2017-07-11T14:15:00Z,6.0,7.0,0.0,45.0,4.0,12.625,4.0,0.6557377049180327
83120.0,False,Modoc National Forest,2.0,4,/incidents/2017/7/24/modoc-july-complex/,All road closures have been lifted.,24,25,6.0,2.0,11.0,2018-01-09T12:05:00Z,3.0,False,True,Grass,2.0,3.0,0.0,throughout Modoc County,0.0,False,Modoc July Complex,100.0,151.5,True,"The Modoc July Complex started July 24 2017 throughout Modoc County and burned 83,120 acres.",2017-07-24T12:00:00Z,6.0,7.0,0.0,45.0,4.0,12.625,4.0,0.6557377049180327
81826.0,False,CAL FIRE Madera-Mariposa-Merced Unit,2.0,4,/incidents/2017/7/16/detwiler-fire/,All road closures have been lifted.,20,22,6.0,2.0,11.0,2018-01-09T11:57:00Z,3.0,False,True,Grass,2.0,3.0,37.61757,"Detwiler Rd and Hunters Valley Rd, 2 miles east of Lake McClure",-120.21321,True,Detwiler Fire,100.0,151.5,True,"The Detwiller fire started on July 16, 2017 off Detwiller Road and Hunters Valley Road, 2 miles east of Lake McClure in Mariposa County and burned 81,826 acres.",2017-07-16T15:56:00Z,21.0,131.0,0.0,0.0,4.0,12.625,4.0,0.6557377049180327
78698.0,False,Klamath National Forest,2.0,4,/incidents/2017/8/15/eclipse-complex/,All road closures have been lifted.,45,47,6.0,2.0,11.0,2018-01-09T12:43:00Z,3.0,False,True,Grass,2.0,3.0,41.841,"5 miles W of Happy Camp, CA",-123.474,False,Eclipse Complex,100.0,151.5,True,"The Eclipse Complex started on August 15, 2015 west of Happy Camp in the Klamath National Forest (Siskiyou County) and burned 78,698 acres. It was contained on November 29. 2017. ",2017-08-15T07:55:00Z,6.0,7.0,0.0,45.0,4.0,12.625,4.0,0.6557377049180327
56556.0,False,CAL FIRE Sonoma-Lake-Napa Unit,2.0,4,/incidents/2017/10/8/nuns-adobe-norrbom-pressley-partrick-fires-oakmont-central-lnu-complex/,All road closures have been lifted.,27,"28,49",6.0,2.0,11.0,2018-02-09T09:30:00Z,3.0,False,True,Grass,2.0,3.0,38.4041,"Hwy 12, north of Glen Ellen",-122.5209,True,Nuns / Adobe / Norrbom/ Pressley / Partrick Fires / Oakmont (Central LNU Complex),100.0,151.5,True,"The Nuns Fire started on October 9, 2017 off of Hwy 12, north of Glen Ellen in Sonoma County and burned 56,556 acres. The Nuns Fire is a combination of the Adobe, Norrbom, Pressley, Partrick, Oakmont Fires that were a part of the Central LNU Complex.",2017-10-08T22:00:00Z,172.0,1355.0,0.0,45.0,4.0,12.625,4.0,0.6557377049180327
56556.0,False,CAL FIRE Sonoma-Lake-Napa Unit,2.0,4,/incidents/2017/10/8/nuns-adobe-norrbom-pressley-partrick-fires-oakmont-central-lnu-complex/,All road closures have been lifted.,47,"28,49",6.0,2.0,11.0,2018-02-09T09:30:00Z,3.0,False,True,Grass,2.0,3.0,38.4041,"Hwy 12, north of Glen Ellen",-122.5209,True,Nuns / Adobe / Norrbom/ Pressley / Partrick Fires / Oakmont (Central LNU Complex),100.0,151.5,True,"The Nuns Fire started on October 9, 2017 off of Hwy 12, north of Glen Ellen in Sonoma County and burned 56,556 acres. The Nuns Fire is a combination of the Adobe, Norrbom, Pressley, Partrick, Oakmont Fires that were a part of the Central LNU Complex.",2017-10-08T22:00:00Z,172.0,1355.0,0.0,45.0,4.0,12.625,4.0,0.6557377049180327
51624.0,False,CAL FIRE Sonoma-Lake-Napa Unit,2.0,4,/incidents/2017/10/8/atlas-fire-southern-lnu-complex/,All road closures have been lifted.,27,"28,48",6.0,2.0,11.0,2018-02-09T09:37:00Z,6.0,False,True,Grass,2.0,3.0,38.39206,"Off of Altas Peak Rd, south of Lake Berryessa",-122.24367,True,Atlas Fire (Southern LNU Complex),100.0,151.5,True,"The Atlas Fire started on October 8, 2017 off of Altas Peak Rd, south of Lake Berryessa (Napa County). It was contained on October 27, 2017.",2017-10-08T21:52:00Z,783.0,120.0,0.0,45.0,4.0,12.625,4.0,0.6557377049180327
51624.0,False,CAL FIRE Sonoma-Lake-Napa Unit,2.0,4,/incidents/2017/10/8/atlas-fire-southern-lnu-complex/,All road closures have been lifted.,46,"28,48",6.0,2.0,11.0,2018-02-09T09:37:00Z,6.0,False,True,Grass,2.0,3.0,38.39206,"Off of Altas Peak Rd, south of Lake Berryessa",-122.24367,True,Atlas Fire (Southern LNU Complex),100.0,151.5,True,"The Atlas Fire started on October 8, 2017 off of Altas Peak Rd, south of Lake Berryessa (Napa County). It was contained on October 27, 2017.",2017-10-08T21:52:00Z,783.0,120.0,0.0,45.0,4.0,12.625,4.0,0.6557377049180327
48889.0,False,CAL FIRE Fresno-Kings Unit,2.0,4,/incidents/2017/7/9/garza-fire/,All road closures have been lifted.,14,16,6.0,2.0,11.0,2018-01-09T11:51:00Z,3.0,False,True,Grass,2.0,3.0,35.93273,"Tar Canyon Road, near Avenal",-120.20014,True,Garza Fire,100.0,151.5,True,"The Garza Fire started on July 10, 2017 off Tar Canyon Road near Avenal in Fresno County has burned 48,889 acres.",2017-07-09T15:10:00Z,6.0,1.0,0.0,45.0,4.0,12.625,4.0,0.6557377049180327
39715.0,False,Rogue River-Siskiyou National Forest,2.0,4,/incidents/2017/8/14/miller-complex/,All road closures have been lifted.,45,47,6.0,2.0,11.0,2018-01-09T12:42:00Z,3.0,False,True,Grass,2.0,3.0,42.039,"17 miles east of Cave Junction, Oregon",-123.218,False,Miller Complex,100.0,151.5,True,"The Miller Complex started on August 14, 2017, 17 miles east of Cave Junction, Oregon and burned over the state line into Siskiyou County. It was 100% contained on November 9, 2017 at 39,715 acres.  ",2017-08-14T14:00:00Z,6.0,7.0,0.0,45.0,4.0,12.625,4.0,0.6557377049180327
36807.0,False,CAL FIRE Sonoma-Lake-Napa Unit,2.0,4,/incidents/2017/10/8/tubbs-fire-central-lnu-complex/,All road closures have been lifted.,27,"28,49",6.0,2.0,11.0,2018-02-09T09:27:00Z,22.0,False,True,Grass,2.0,3.0,38.60895,"off of Hwy 128 and Bennett Ln, Calistoga",-122.62879,True,Tubbs Fire (Central LNU Complex),100.0,151.5,True,"The Tubbs Fire, part of the Central LNU Complex, started on October 8th off of Highway 128 and Bennett Lane, Hwy 128, Calistoga, Napa County and burned 36,807 acres. It was contained on October 31, 2017. ",2017-10-08T21:45:00Z,317.0,5636.0,0.0,45.0,4.0,12.625,4.0,0.6557377049180327
36807.0,False,CAL FIRE Sonoma-Lake-Napa Unit,2.0,4,/incidents/2017/10/8/tubbs-fire-central-lnu-complex/,All road closures have been lifted.,47,"28,49",6.0,2.0,11.0,2018-02-09T09:27:00Z,22.0,False,True,Grass,2.0,3.0,38.60895,"off of Hwy 128 and Bennett Ln, Calistoga",-122.62879,True,Tubbs Fire (Central LNU Complex),100.0,151.5,True,"The Tubbs Fire, part of the Central LNU Complex, started on October 8th off of Highway 128 and Bennett Lane, Hwy 128, Calistoga, Napa County and burned 36,807 acres. It was contained on October 31, 2017. ",2017-10-08T21:45:00Z,317.0,5636.0,0.0,45.0,4.0,12.625,4.0,0.6557377049180327
36556.0,False,CAL FIRE Tulare Unit / USFS - Sequoia National Forest,2.0,4,/incidents/2017/8/29/pier-fire/,All road closures have been lifted.,54,54,28.0,22.0,138.0,2018-01-09T12:47:00Z,3.0,False,True,Grass,7.0,5.0,36.15356,"Highway 190, east of Springville",-118.74103,True,Pier Fire,100.0,1728.0,True,"The Pier fire started on August 29, 2017 off Highway 190, east of Springville in the Sequoia National Forest in Tulare County.",2017-08-29T08:29:00Z,6.0,2.0,0.0,540.0,27.0,12.431654676258994,29.0,0.0578368999421631
36523.0,False,CAL FIRE Mendocinio Unit,2.0,4,/incidents/2017/10/8/redwood-valley-fire-mendocino-lake-complex/,All road closures have been lifted.,21,23,6.0,2.0,11.0,2018-02-09T08:56:00Z,9.0,False,True,Grass,2.0,1.0,39.24873,"North of Hwy 20, west of Mendocino National Forest, south of Black Bart",-123.16635,True,Redwood Valley Fire (Mendocino Lake Complex),100.0,151.5,True,"The Redwood fire started on October 9, 2017 north of Hwy 20 and west of Mendocino National Forest, south of Black Bart in Mendocino County. It was contained on October 26, 2017.",2017-10-08T23:36:00Z,44.0,546.0,0.0,45.0,4.0,12.625,4.0,0.6557377049180327
28687.0,False,Unified Command: CAL FIRE San Luis Obispo Unit / Santa Barbara County / Los Padres National Forest,2.0,4,/incidents/2017/7/6/alamo-fire/,All road closures have been lifted.,38,40,21.0,4.0,92.0,2018-01-09T11:46:00Z,3.0,False,True,Grass,2.0,3.0,35.0179,Off Highway 166 near Twitchell Reservoir,-120.3223,True,Alamo Fire,100.0,153.0,True,"The Alamo Fire started on July 6, 2017 off Highway 166 near Twitchell Reservoir (San Luis Obispo County) and burned 28,687 acres.",2017-07-06T15:44:00Z,1.0,0.0,0.0,45.0,9.0,1.6451612903225807,6.0,0.6493506493506493
27276.0,False,Six Rivers National Forest,2.0,4,/incidents/2017/7/26/orleans-complex/,All road closures have been lifted.,45,47,6.0,2.0,11.0,2018-01-09T12:07:00Z,3.0,False,True,Grass,2.0,3.0,41.59,"About 18 miles northwest of Orleans, California in Siskiyou County.",-123.501,False,Orleans Complex,100.0,151.5,True,"The Orleans Complex started on July 26, 2017 northwest of Orleans on the Six Rivers National Forest in Siskiyou County and burned 27,276 acres. ",2017-07-26T18:00:00Z,6.0,7.0,0.0,45.0,4.0,12.625,4.0,0.6557377049180327
21846.0,False,Shasta-Trinity National Forest,2.0,4,/incidents/2017/8/30/helena-fork-fire/,All road closures have been lifted.,53,53,6.0,2.0,11.0,2018-01-09T12:49:00Z,3.0,False,True,Grass,2.0,3.0,40.76025,"Hwy 299 near town of Helena, Junction City",-123.10003,False,Helena - Fork Fire,100.0,151.5,True,"The Helena Fire started August 30 2017 off Hwy 299 near town of Helena, Junction City (Trinity County) and burned 21,846 acres. It was contained on November 15, 2017. ",2017-08-30T18:00:00Z,6.0,7.0,0.0,45.0,4.0,12.625,4.0,0.6557377049180327
18900.0,False,USFS - Sequoia National Forest,2.0,4,/incidents/2017/9/27/lion-fire/,All road closures have been lifted.,54,54,6.0,2.0,11.0,2018-01-09T13:27:00Z,3.0,False,True,Grass,2.0,3.0,36.27138,Golden Trout Wilderness near Lion Meadow.,-118.48555,False,Lion Fire,100.0,151.5,True,"The Lion fire started as a lightning-caused wildfire in the Golden Trout Wilderness near Lion Meadow is burning on both public and private land located in the Golden Trout Wilderness area inside the Sequoia National Forest and burned 18,900 acres. It was contained on November 29, 2017. ",2017-09-27T14:00:00Z,6.0,7.0,0.0,45.0,4.0,12.625,4.0,0.6557377049180327
18618.0,False,BLM Northern California District ,2.0,4,/incidents/2017/8/30/r-4-fire/,All road closures have been lifted.,16,18,6.0,2.0,11.0,2018-01-09T12:48:00Z,3.0,False,True,Grass,2.0,3.0,40.69573,23 miles east-southeast of Madeline,-119.93499,False,R-4 Fire,100.0,151.5,True,"The R-4 Fire started on August 30, 2017, 23 miles southeast of Madeline, California (Lassen County) and burned 18,618 acres. The fire is also burned on Nevada public lands. ",2017-08-30T08:30:00Z,6.0,7.0,0.0,45.0,4.0,12.625,4.0,0.6557377049180327
18430.0,False,Los Padres National Forest,2.0,4,/incidents/2017/7/8/whittier-fire/,All road closures have been lifted.,40,42,6.0,2.0,11.0,2018-01-09T11:49:00Z,3.0,False,True,Grass,2.0,3.0,34.55096,"Lake Cachuma area, south of Hwy 154",-119.9494,False,Whittier Fire,100.0,151.5,True,"The Whittier Fire started on July 8, 2017 in the Lake Cachuma area, south of Hwy 154 (Santa Barbara County).",2017-07-08T13:43:00Z,6.0,7.0,0.0,45.0,4.0,12.625,4.0,0.6557377049180327
17357.0,False,CAL FIRE Sonoma-Lake-Napa Unit,2.0,4,/incidents/2017/10/9/pocket-fire-central-lnu-complex/,All road closures have been lifted.,47,49,6.0,2.0,11.0,2018-02-09T09:32:00Z,3.0,False,True,Grass,2.0,3.0,38.76549,"off of Pocket Ranch Rd and Ridge Ranch Rd, Geyserville ",-122.90939,True,Pocket Fire (Central LNU Complex),100.0,151.5,True,"The Pocket Fire, part of the Central LNU Complex, started on October 9, 2017 off of Pocket Ranch Rd and Ridge Ranch Rd, Geyserville (Sonoma County) and burned 17,357 acres. It was contained on October 31, 2017. ",2017-10-09T03:30:00Z,2.0,6.0,0.0,45.0,4.0,12.625,4.0,0.6557377049180327
16031.0,False,Sequoia National Forest,2.0,4,/incidents/2017/6/24/schaeffer-fire/,All road closures have been lifted.,54,54,6.0,2.0,11.0,2018-01-09T11:01:00Z,3.0,False,True,Grass,2.0,3.0,0.0,Within the 2002 McNally wildfire burn area (17 miles north of Kernville),0.0,False,Schaeffer Fire,100.0,151.5,True,"The Schaeffer Fire started on June 24, 2017 Within the 2002 McNally wildfire burn area, 17 miles north of Kernville (Tulare County) and burned 16,031 acres.",2017-06-24T16:16:00Z,6.0,7.0,0.0,45.0,4.0,12.625,4.0,0.6557377049180327
15619.0,False,Angeles National Forest,2.0,4,/incidents/2017/12/5/creek-fire/,All road closures have been lifted.,17,19,6.0,2.0,11.0,2018-08-06T10:52:00Z,3.0,False,True,Grass,2.0,3.0,34.31283,"Kagel Canyon Rd, north of Lake View terrace ",-118.35863,True,Creek Fire,100.0,151.5,True,"The Creek Fire started on December 5, 2017 off Kagel Canyon Road, north of Lake View Terrace in Los Angeles County.",2017-12-05T03:44:00Z,26.0,37.0,0.0,45.0,4.0,12.625,4.0,0.6557377049180327
13417.0,False,Shasta Trinity National Forest,2.0,4,/incidents/2017/9/12/buck-fire/,All road closures have been lifted.,53,53,6.0,2.0,11.0,2018-01-09T13:21:00Z,3.0,False,True,Grass,2.0,3.0,40.2275,"Black Rock Mountain, North Portion of Yolla BollyWilderness",-123.03583,False,Buck Fire,100.0,151.5,True,"The Buck Fire started on September 12, 2017 on Black Rock Mountain, north portion of Yolla BollyWilderness, Trinity County",2017-09-12T17:42:00Z,6.0,7.0,0.0,45.0,4.0,12.625,4.0,0.6557377049180327
12407.0,False,USFS - Sierra National Forest,2.0,4,/incidents/2017/8/29/railroad-fire/,All road closures have been lifted.,18,20,6.0,2.0,11.0,2018-01-09T12:46:00Z,3.0,False,True,Grass,2.0,3.0,37.44663,"Highway 41, south of Fish Camp",-119.64622,False,Railroad Fire,100.0,151.5,True,"The Railroad fire started on August 29, 2017 off Highway 41, south of Fish Camp in the Sierra National Forest, Madera County and burned 12,407 acres.",2017-08-29T12:19:00Z,6.0,7.0,0.0,45.0,4.0,12.625,4.0,0.6557377049180327
10343.0,False,CAL FIRE/Fresno County Fire,2.0,4,/incidents/2017/5/18/elm-fire/,All Road Closures are cancelled,9,10,14.0,2.0,35.0,2018-01-09T10:04:00Z,3.0,False,True,Grass,2.0,3.0,36.12089,"off of Hwy 198 & Fire Stone, south of Coalinga",-120.37116,True,Elm Fire,100.0,432.0,True,"The Elm Fire started on May 18, 2017 off of Hwy 198 & Alcalde Rd, south of Coalinga in Fresno County and burned 10,343 acres. ",2017-05-18T13:11:00Z,6.0,7.0,0.0,45.0,4.0,12.0,4.0,0.23094688221709006
9989.0,False,CAL FIRE Nevada-Yuba-Placer Unit,2.0,4,/incidents/2017/10/8/cascade-fire-wind-complex/,All road closures have been lifted.,58,58,6.0,2.0,11.0,2018-02-09T09:39:00Z,4.0,False,True,Grass,2.0,3.0,39.32198,"Cascade Way and Marysville Rd, north of Collins Lake ",-121.4021,True,Cascade Fire (Wind Complex),100.0,151.5,True,"The Cascade Fire started on October 08, 2017 off Cascade Way and Marysville Rd, north of Collins Lake in Yuba County. This fire is a part of the Wind Complex and 2017 October Fire Siege.",2017-10-08T23:03:00Z,10.0,264.0,0.0,45.0,4.0,12.625,4.0,0.6557377049180327
9217.0,False,"Unified Command: CAL FIRE, Orange County, Anaheim City and Orange City",2.0,4,/incidents/2017/10/9/canyon-2-fire/,"All Evacuation Orders have been lifted for the impacted fire areas as of October 11, 2017 at 5:00 p.m",29,30,13.0,8.0,51.0,2018-04-05T10:47:00Z,3.0,False,True,Grass,1.0,4.0,33.87041,"Off of East Santa Ana Canyon Rd, west of Gypsum Canyon",-117.70975,True,Canyon 2 Fire,100.0,677.0,True,"The Canyon 2 Fire started on October 9, 2017 off East Santa Ana Canyon Rd, west of Gypsum Canyon (Orange County) and burned 9,217 acres. ",2017-10-09T09:51:00Z,55.0,25.0,0.0,45.0,1.0,13.01923076923077,9.0,0.14749262536873156
8925.0,False,Bureau of Land Management - Owens Valley District ,2.0,4,/incidents/2017/8/29/slinkard-fire/,All road closures have been lifted.,25,26,6.0,2.0,11.0,2018-01-09T12:47:00Z,3.0,False,True,Grass,2.0,3.0,38.655,"West of Hwy 395, north of Hwy 89, south of Topaz",-119.55425,False,Slinkard Fire,100.0,151.5,True,"The Slinkard Fire started August 29, 2017 West of Hwy 395, north of Hwy 89, south of Topaz (Mono County) and burned 8,925 acres.",2017-08-29T15:15:00Z,6.0,7.0,0.0,45.0,4.0,12.625,4.0,0.6557377049180327
8417.0,False,CAL FIRE Butte Unit,2.0,4,/incidents/2017/10/8/cherokee-fire/,Cherokee Road is now open. ,3,4,6.0,2.0,11.0,2018-02-09T09:48:00Z,3.0,False,True,Grass,2.0,3.0,39.62496,"off Cherokee Road and Zonalea Lane, Oroville ",-121.52966,True,Cherokee Fire,100.0,97.0,True,"The Cherokee Fire started on October 8, 2017 off of Cherokee Road and Zonalea Lane, Oroville in Butte County.",2017-10-08T21:45:00Z,1.0,6.0,0.0,45.0,4.0,8.083333333333334,4.0,1.0204081632653061
8094.0,False,Yosemite National Forest,2.0,4,/incidents/2017/8/1/empire-fire/,All road closures have been lifted.,20,22,6.0,2.0,11.0,2018-01-09T12:16:00Z,3.0,False,True,Grass,2.0,3.0,37.644,1 Mile South of Bridalveil Campground in Yosemite,-119.618,False,Empire Fire,100.0,151.5,True,"The Empire fire started on August 1, 2017 a Mile South of Bridalveil Campground in Yosemite's Wilderness, Mariposa County and burned 8,094 acres. It was contained on November 27,2017.",2017-08-01T08:45:00Z,6.0,7.0,0.0,45.0,4.0,12.625,4.0,0.6557377049180327
7697.0,False,Modoc National Forest,2.0,4,/incidents/2017/8/3/parker-2-fire/,All road closures have been lifted.,24,25,6.0,2.0,11.0,2018-01-09T12:18:00Z,3.0,False,True,Grass,2.0,3.0,41.466,southwest of Cedarville,-120.321,False,Parker 2 Fire,100.0,151.5,True,"The Parker 2 fire started on August 3, 2017 in the Modoc National Forest and burned 7,697 acres.",2017-08-03T14:00:00Z,6.0,7.0,0.0,45.0,4.0,12.625,4.0,0.6557377049180327
7194.0,False,"LA City, Burbank Fire Department",2.0,4,/incidents/2017/9/1/la-tuna-fire/,All road closures have been lifted.,17,19,6.0,2.0,11.0,2018-01-09T12:49:00Z,3.0,False,True,Grass,2.0,3.0,34.22957,"Lowell Ave and I-210, Verdugo Hills, Los Angeles City",-118.2674,False,La Tuna Fire ,100.0,151.5,True,"The La Tuna Fire started September 1 2017 off  LOWELL AVE and I-210, VERDUGO HILLS, LOS ANGELES CITY (Los Angeles County) and burned 7,194 acres.",2017-09-01T13:26:00Z,6.0,7.0,0.0,45.0,4.0,12.625,4.0,0.6557377049180327
7000.0,False,Yosemite National Park ,2.0,4,/incidents/2017/8/14/south-fork-fire/,All road closures have been lifted.,20,22,6.0,2.0,11.0,2018-01-09T12:39:00Z,3.0,False,True,Grass,2.0,3.0,37.538,"off Wawona Rd, east of Wawona",-119.598,False,South Fork Fire,100.0,151.5,True,"South Fork Fire, Yosemite National Park, August 14, 2017, Mariposa County and burned 7,000 acres. It was contained on November 27, 2017. ",2017-08-14T14:28:00Z,6.0,7.0,0.0,45.0,4.0,12.625,4.0,0.6557377049180327
6309.0,False,CAL FIRE/Riverside County Fire,2.0,4,/incidents/2017/6/26/manzanita-fire/,All road closures have been lifted.,32,33,6.0,2.0,11.0,2018-01-09T11:08:00Z,3.0,False,True,Grass,2.0,3.0,33.530045,"Hwy 79 North, Lambs Canyon south of Dump Road, south of Beaumont",-116.594422,False,Manzanita Fire,100.0,151.5,True,"The Manzanita Fire started on June 26, 2017 off Hwy 79 North, Lambs Canyon south of Dump Road, south of Beaumont and burned 6,309 acres.",2017-06-26T15:10:00Z,6.0,7.0,0.0,45.0,4.0,12.625,4.0,0.6557377049180327
6151.0,False,CAL FIRE/Butte County Fire,2.0,4,/incidents/2017/10/9/laporte-fire-wind-complex/,All road closures have been lifted.,3,4,6.0,2.0,11.0,2018-02-09T09:50:00Z,3.0,False,True,Grass,2.0,3.0,39.39455,"La Porte Rd and Oro Bangor Hwy, Bangor",-121.40613,True,LaPorte Fire (Wind Complex),100.0,151.5,True,"The La Porte fire started on October 9, 2017 off La Prote Road and Oro Bangor Hwy, Bangor in Butte County. ",2017-10-09T00:57:00Z,2.0,74.0,0.0,45.0,4.0,12.625,4.0,0.6557377049180327
6049.0,False,"Unified Command: CAL FIRE, Los Angeles County Fire, Ventura County Fire, Los Angeles County Sheriff's Office, and Ventura County Sheriff's Office",2.0,4,/incidents/2017/12/5/rye-fire/,All road closures have been lifted.,17,19,18.0,2.0,55.0,2018-01-18T09:58:00Z,3.0,False,True,Grass,2.0,3.0,34.45283,"along Rye Canyon Loop, west Valencia",-118.58188,True,Rye Fire,100.0,652.0,True,"The Rye fire started on December 5, 2017 off Rye Canyon Loop, west of Valencia in Los Angeles County and burned 6,049 acres. It was contained on December 12, 2017.",2017-12-05T11:31:00Z,3.0,6.0,0.0,45.0,6.0,11.642857142857142,4.0,0.15313935681470137
6042.0,False,Bureau of Land Mangement ,2.0,4,/incidents/2017/8/29/mud-fire/,All road closures have been lifted.,16,18,6.0,2.0,11.0,2018-01-09T12:47:00Z,3.0,False,True,Grass,2.0,3.0,40.43962,"Little Mud Flat, 18 miles northeast of Susanville ",-120.22215,False,Mud Fire,100.0,151.5,True,"The Mud Fire started on August 29, 2017 at Little Mud Flat, 18 miles northeast of Susanville (Lassen County) and burned 6,042 acres.",2017-08-29T14:36:00Z,6.0,7.0,0.0,45.0,4.0,12.625,4.0,0.6557377049180327
6033.0,False,CAL FIRE Butte County Fire,2.0,4,/incidents/2017/7/7/wall-fire/,All road closures have been lifted.,3,4,4.0,4.0,10.0,2018-01-09T11:47:00Z,3.0,False,True,Grass,2.0,0.0,39.45352,"Chinese Wall Rd, north of Bangor",-121.41222,True,Wall Fire,100.0,148.0,True,"The Wall Fire started burning on July 7, 2017 Chinese Wall Rd, 5 miles north of Bangor (Butte County) and burned 6,033 acres.",2017-07-07T14:52:00Z,60.0,41.0,0.0,0.0,2.0,13.454545454545455,6.0,0.6711409395973155
5738.0,False,CAL FIRE Fresno Kings Unit,2.0,4,/incidents/2017/4/20/jayne-fire/,All road closures have been lifted.,9,10,6.0,2.0,11.0,2018-01-09T09:51:00Z,3.0,False,True,Grass,2.0,3.0,36.07228,Off of Hwy 33 and Lost Hills south of Coalinga,-120.26561,True,Jayne Fire,100.0,151.5,True,"Jayne Fire started on April 20, 2017 off of Highway 33 and Lost Hills, Fresno County and burned 5,738 acres.",2017-04-20T15:40:00Z,6.0,7.0,0.0,45.0,4.0,12.625,4.0,0.6557377049180327
5247.0,False,Stanislaus National Forest,2.0,4,/incidents/2017/7/31/summit-complex/,All road closures have been lifted.,48,50,6.0,2.0,11.0,2018-01-09T12:15:00Z,3.0,False,True,Grass,2.0,3.0,38.329,The Summit Complex consists of 3 fires burning on the Summit Ranger District of the Stanislaus National Forest.,-119.782,False,Summit Complex,100.0,151.5,True,"The Summit fire started on July 31, 2017. The Summit Complex consists of 4 fires burning on the Summit Ranger District of the Stanislaus National Forest (Stanislaus County).",2017-07-31T13:44:00Z,6.0,7.0,0.0,45.0,4.0,12.625,4.0,0.6557377049180327
4736.0,False,Six Rivers National Forest,2.0,4,/incidents/2017/8/7/ruth-complex/,All road closures have been lifted.,53,53,6.0,2.0,11.0,2018-01-09T12:27:00Z,3.0,False,True,Grass,2.0,3.0,40.17598,"Dutchman Rd, east of Zenia",-123.36882,False,Ruth Complex,100.0,151.5,True,"The Dutchman Fire started on August 7, 2017, on Dutchman Road, 7 miles east of Zenia (Trinity County). The fire name has changed from the Dutchman Fire to the Ruth Complex and burned 4,736 acres. ",2017-08-07T22:30:00Z,6.0,7.0,0.0,45.0,4.0,12.625,4.0,0.6557377049180327
4310.0,False,U.S. Forest Service - Plumas National Forest,2.0,4,/incidents/2017/7/29/minerva-fire/,All road closures have been lifted.,31,32,6.0,2.0,11.0,2018-01-09T12:08:00Z,3.0,False,True,Grass,2.0,3.0,39.9034,"Forest Road 24N26, 3 miles southwest of Quincy (Plumas County)",-120.9761,False,Minerva Fire,100.0,151.5,True,"The  Minerva Fire started on July 29, 2017 off Forest Road 24N26, 3 miles southwest of Quincy Plumas County and burned 4,310 acres.",2017-07-29T18:55:00Z,6.0,7.0,0.0,45.0,4.0,12.625,4.0,0.6557377049180327
4100.0,False,CAL FIRE San Diego Unit,2.0,4,/incidents/2017/12/7/lilac-fire/,All roads reopened.,36,37,6.0,2.0,11.0,2018-01-09T13:47:00Z,3.0,False,True,Grass,2.0,3.0,33.3237,"Old Hwy 395 at Dulin Road, Bonsall",-117.163,True,Lilac Fire,100.0,151.5,True,"The Lilac Fire started on December 7, 2017 at Old Hwy 395 at Dulin Road, Bonsall in San Diego County and burned 4,100 acres. It was contained on December 16, 2017. ",2017-12-07T11:15:00Z,64.0,157.0,0.0,45.0,4.0,12.625,4.0,0.6557377049180327
4016.0,False,CAL FIRE / Butte County Fire,2.0,4,/incidents/2017/8/29/ponderosa-fire/,All road closures have been lifted.,3,4,6.0,2.0,11.0,2018-08-30T15:27:00Z,3.0,False,True,Grass,2.0,2.0,39.57701,"Ponderosa way and Lumpkin road, 2 miles NW of Forbestown ",-121.30209,False,Ponderosa Fire,100.0,151.5,True,"The Ponderosa Fire started August 29 2017 near Ponderosa way and Lumpkin road, 2 miles NW of Forbestown (Butte County) and burned 4,016 acres. It was 100% contained on September 9, 2017.",2017-08-29T13:16:00Z,6.0,54.0,0.0,45.0,4.0,12.625,4.0,0.6557377049180327
3874.0,False,CAL FIRE Riverside Unit,2.0,4,/incidents/2017/9/2/palmer-fire/,San Timoteo Canyon Road CLOSED from Live Oak Road to Palmer Road,32,33,8.0,2.0,34.0,2018-01-09T12:50:00Z,3.0,False,True,Grass,2.0,3.0,33.97471,"San Timoteo Canyon Road / Fisherman's Retreat, Beaumont",-117.09984,True,Palmer Fire,100.0,151.5,True,"The Palmer fire started September 2 2017 off San Timoteo Canyon Road and Fisherman's Retreat, Beaumont (Riverside County) and burned 3,874 acres.",2017-09-02T13:33:00Z,6.0,7.0,0.0,45.0,1.0,4.328571428571428,4.0,0.6557377049180327
3142.0,False,Six Rivers National Forest,2.0,4,/incidents/2017/8/7/young-fire/,All road closures have been lifted.,45,47,6.0,2.0,11.0,2018-01-09T12:26:00Z,3.0,False,True,Grass,2.0,3.0,41.853,"Siskiyou Wilderness, Six Rivers NF",-123.676,False,Young Fire,100.0,151.5,True,"The Young fire started on August 7, 2017 in the Siskiyou Wilderness of the Six Rivers National Forest. ",2017-08-07T17:45:00Z,6.0,7.0,0.0,45.0,4.0,12.625,4.0,0.6557377049180327
2940.0,False,Kern County Fire Department,2.0,4,/incidents/2017/7/7/hawk-fire/,All road closures have been lifted.,13,15,6.0,2.0,11.0,2018-01-09T11:46:00Z,3.0,False,True,Grass,2.0,3.0,35.77896,"Hwy 155, north of Bakersfield",-118.89627,False,Hawk Fire,100.0,151.5,True,"The Hawk Fire started on June 7, 2017 off Hwy 155, north of Bakersfield (Kern County) and burned 2,940 acres.",2017-07-07T09:18:00Z,6.0,7.0,0.0,45.0,4.0,12.625,4.0,0.6557377049180327
2662.0,False,CAL FIRE Riverside / USFS / Orange County Fire Authority / Anaheim Fire / Corona Fire Department,2.0,4,/incidents/2017/9/25/canyon-fire/,All road closures have been lifted.,29,30,6.0,2.0,11.0,2018-03-28T11:36:00Z,3.0,False,True,Grass,2.0,3.0,33.8668,"CA-91 and Cole Canyon, City of Anaheim",-117.68598,False,Canyon Fire,100.0,151.5,True,"The Canyon Fire started on September 25, 2017 off CA-91 and Cole Canyon, City of Anaheim in Orange County and burned 2,662 acres.",2017-09-25T13:03:00Z,6.0,7.0,0.0,45.0,4.0,12.625,4.0,0.6557377049180327
2575.0,False,Plumas National Forest ,2.0,4,/incidents/2017/9/5/eureka-fire/,All road closures have been lifted.,31,32,6.0,2.0,11.0,2018-01-09T13:18:00Z,3.0,False,True,Grass,2.0,3.0,39.75312,McRae Meadows,-120.75485,False,Eureka Fire,100.0,151.5,True,"The Eureka Fire started on September 5, 2017, near McRae Meadows (Plumas County). ",2017-09-05T18:38:00Z,6.0,7.0,0.0,45.0,4.0,12.625,4.0,0.6557377049180327
2312.0,False,Kings County,2.0,4,/incidents/2017/8/24/i-5-fire/,All road closures have been lifted.,14,16,6.0,2.0,11.0,2018-01-09T12:44:00Z,3.0,False,True,Grass,2.0,3.0,36.05187,"off I-5 & Quebec Ave, north of Avenal",-120.05404,False,I-5 Fire,100.0,151.5,True,"The I-5 Fire started on August 24, 2017 off I-5 & Quebec Ave, south of Avenal (Kings County) and burned 2,312 acres.",2017-08-24T18:13:00Z,6.0,7.0,0.0,45.0,4.0,12.625,4.0,0.6557377049180327
2295.0,False,Inyo National Forest,2.0,4,/incidents/2017/8/2/indian-fire/,All road closures have been lifted.,54,54,6.0,2.0,11.0,2018-01-09T12:17:00Z,3.0,False,True,Grass,2.0,3.0,36.257,North of Jordan Hot Springs,-118.296,False,Indian Fire,100.0,151.5,True,"The Indian Fire started on August 2, 2017 north of Jordan Hot Springs in the Inyo National Forest and burned 2,295 acres.",2017-08-02T18:00:00Z,6.0,7.0,0.0,45.0,4.0,12.625,4.0,0.6557377049180327
2289.0,False,CAL FIRE Tulare Unit,2.0,4,/incidents/2017/7/30/roadrunner-fire/,All road closures have been lifted.,54,54,6.0,2.0,11.0,2018-01-09T12:15:00Z,3.0,False,True,Grass,2.0,3.0,36.0226,"Road 268 & E. Teapot Dome Ave., 4 miles east of Porterville",-118.94252,False,Roadrunner Fire,100.0,151.5,True,"The Roadrunner Fire started July 30 2017 off Road 268 and  East Teapot Dome Ave., 4 miles east of Porterville (Tulare County) and burned 2,289 acres.",2017-07-30T17:43:00Z,6.0,7.0,0.0,45.0,4.0,12.625,4.0,0.6557377049180327
2269.0,False,CAL FIRE Sonoma-Lake-Napa Unit ,2.0,4,/incidents/2017/7/6/winters-fire/,All road closures have been lifted.,57,57,4.0,2.0,10.0,2018-01-09T11:45:00Z,3.0,False,True,Grass,2.0,4.0,38.49521,"Hwy 128 and Pleasant View Rd, south west of Winters",-122.0251,True,Winters Fire,100.0,123.0,True,"The Winter Fire started July 6, 2017 off Highway 128 and Pleasant View Rd, 3 miles southwest of Winters (Yolo County) and burned 2,269 acres.",2017-07-06T12:41:00Z,6.0,7.0,0.0,45.0,1.0,11.181818181818182,4.0,0.8064516129032258
2207.0,False,CAL FIRE Sonoma-Lake-Napa Unit,2.0,4,/incidents/2017/10/8/sulphur-fire-mendocino-lake-complex/,All road closures have been lifted.,15,17,6.0,2.0,11.0,2018-02-09T09:29:00Z,3.0,False,True,Grass,2.0,3.0,39.01387,"off Hwy 20 and Sulphur Bank Road, Clearlake Oaks",-122.64543,True,Sulphur Fire (Mendocino Lake Complex),100.0,151.5,True,"The Sulphur fire started on October 9, 2017 off Hwy 20 and Sulphur Bank Road, Clearlake Oaks in Lake County. It was contained on October 26.",2017-10-08T23:59:00Z,8.0,162.0,0.0,45.0,4.0,12.625,4.0,0.6557377049180327
2056.0,False,CAL FIRE San Diego Unit,2.0,4,/incidents/2017/5/20/gate-fire/,All Road Closures are lifted. Please drive with caution.,36,37,6.0,2.0,11.0,2018-01-09T10:06:00Z,3.0,False,True,Grass,2.0,3.0,32.65597,"off of Hwy 94 and Otay Truck Trail, northwest of Dulzura",-116.80527,True,Gate Fire,100.0,665.0,True,"The Gate Fire started on May 20, 2017 off of Hwy 94 and Otay Truck Trail, northwest of Dulzura (San Diego County) and burned 2,056 acres.",2017-05-20T23:19:00Z,6.0,7.0,0.0,45.0,4.0,55.416666666666664,4.0,0.15015015015015015
1868.0,False,CAL FIRE Sonoma-Lake-Napa Unit,2.0,4,/incidents/2017/10/9/adobe-fire-central-lnu-complex/,All road closures have been lifted.,47,49,6.0,2.0,11.0,2018-01-09T13:33:00Z,3.0,False,True,Grass,2.0,3.0,0.0,near Kenwood,0.0,True,Adobe Fire (Central LNU Complex),100.0,151.5,True,"The Adobe Fire started on October 09, 2017 near Kentwood in Sonoma County. The Adobe Fire burned into <a href="" http://www.fire.ca.gov/current_incidents/incidentdetails/Index/1868"" target=""_blank"">the Nuns Fire</a>.",2017-10-09T01:00:00Z,6.0,7.0,0.0,45.0,4.0,12.625,4.0,0.6557377049180327
1816.0,False,CAL FIRE San Benito-Monterey Unit,2.0,4,/incidents/2017/7/8/parkfield-fire/,All road closures have been lifted.,26,"27,40",6.0,2.0,11.0,2018-01-09T11:50:00Z,3.0,False,True,Grass,2.0,3.0,35.86949,"Vineyard Canyon Rd, west of Parkfield",-120.57894,False,Parkfield Fire,100.0,151.5,True,"The Parkfield Fire started on July 8, 2017 off Vineyard Canyon Rd, west of Parkfield (Monterey County) and burned 1,816 acres.",2017-07-08T18:30:00Z,6.0,7.0,0.0,45.0,4.0,12.625,4.0,0.6557377049180327
1816.0,False,CAL FIRE San Benito-Monterey Unit,2.0,4,/incidents/2017/7/8/parkfield-fire/,All road closures have been lifted.,38,"27,40",6.0,2.0,11.0,2018-01-09T11:50:00Z,3.0,False,True,Grass,2.0,3.0,35.86949,"Vineyard Canyon Rd, west of Parkfield",-120.57894,False,Parkfield Fire,100.0,151.5,True,"The Parkfield Fire started on July 8, 2017 off Vineyard Canyon Rd, west of Parkfield (Monterey County) and burned 1,816 acres.",2017-07-08T18:30:00Z,6.0,7.0,0.0,45.0,4.0,12.625,4.0,0.6557377049180327
1800.0,False,CAL FIRE Madera-Mariposa-Merced Unit,2.0,4,/incidents/2017/5/12/wright-fire/,All road closures have been lifted.,22,24,6.0,2.0,11.0,2018-01-09T09:56:00Z,3.0,False,True,Grass,2.0,3.0,36.96655,"Hwy 152 and Arburura Road, southwest of Los Banos",-120.89261,False,Wright Fire,100.0,151.5,True,"The Wright Fire started on May 12, 2017 off Hwy 152 and Arburura Road, southwest of Los Banosin (Merced County.) and burned 1,800 acres.",2017-05-12T15:30:00Z,6.0,7.0,0.0,45.0,4.0,12.625,4.0,0.6557377049180327
1749.0,False,Stanislaus National Forest ,2.0,4,/incidents/2017/9/3/creek-fire/,All road closures have been lifted.,48,50,6.0,2.0,11.0,2018-01-09T12:50:00Z,3.0,False,True,Grass,2.0,3.0,38.12,Bourland area of the Stanislaus National Forest ,-119.941,False,Creek Fire,100.0,151.5,True,"The Creek Fire started on September 3, 2017, in the Bourland area of the Stanislaus National Forest and burned 1,749 acres. It was contained on November 21, 2017.  ",2017-09-03T16:23:00Z,6.0,7.0,0.0,45.0,4.0,12.625,4.0,0.6557377049180327
1660.0,False,CAL FIRE Sonoma-Lake-Napa Unit,2.0,4,/incidents/2017/10/9/37-fire/,All road closures have been lifted.,47,49,6.0,2.0,11.0,2018-01-09T13:34:00Z,3.0,False,True,Grass,2.0,3.0,38.14242,Hwy 37 & Lakeville Highway,-122.47301,False,37 Fire,100.0,151.5,True,"The 37 Fire started on October 9, 2017 off Hwy 37 & Lakeville Highway near Skaggs Island (Sonoma County) and burned 1,660 acres.",2017-10-09T14:00:00Z,6.0,7.0,0.0,45.0,4.0,12.625,4.0,0.6557377049180327
1649.0,False,CAL FIRE / Fresno County Fire,2.0,4,/incidents/2017/7/17/park-fire/,Parkfield – Coalinga Grade from Jacalitos Canyon Road to Valerian (V6) Ranch (where asphalt ends),9,10,17.0,10.0,35.0,2018-01-09T11:58:00Z,3.0,False,True,Grass,1.0,3.0,35.95911,"Parkfield Rd and Hwy 198, 7 miles west of Coalinga",-120.55579,True,Park Fire,100.0,727.0,True,"The Park Fire started on July 17, 2017 off Parkfield Rd and Hwy 198, 7 miles west of Coalinga in Fresno County and burned 1,649 acres.",2017-07-17T13:15:00Z,6.0,7.0,0.0,5.0,7.0,20.194444444444443,11.0,0.13736263736263737
1626.0,False,Kern County Fire,2.0,4,/incidents/2017/7/6/quail-fire/,All road closures have been lifted.,13,15,6.0,2.0,11.0,2018-01-09T11:45:00Z,3.0,False,True,Grass,2.0,3.0,35.59904,off Hwy 65 and Famoso Road east of Famoso,-119.08312,False,Quail Fire,100.0,151.5,True,"The Quail Fire started on July 6, 2017 off Hwy 65 and Famoso Road east of Famoso (Kern County) and burned 1,626 acres.",2017-07-06T12:29:00Z,6.0,7.0,0.0,45.0,4.0,12.625,4.0,0.6557377049180327
1598.0,False,CAL FIRE San Luis Obispo Unit,2.0,4,/incidents/2017/6/26/hill-fire/,All road closures are lifted. Please drive with caution.,38,40,6.0,2.0,11.0,2018-01-09T11:08:00Z,3.0,False,True,Grass,2.0,3.0,35.4025,"Park Hill Road and La Entrada, east of Santa Margarita",-120.4992,True,Hill Fire,100.0,151.5,True,"The Hill Fire started on June 26, 2017 off Park Hill Road and La Entrada, east of Santa Margarita (San Luis Obispo County) and burned 1,598 acres.",2017-06-26T15:27:00Z,6.0,4.0,0.0,45.0,4.0,12.625,4.0,0.6557377049180327
1538.0,False,CAL FIRE / Fresno County Fire,2.0,4,/incidents/2017/7/2/derrick-fire/,All road closures have been lifted.,9,10,6.0,2.0,11.0,2018-01-09T11:41:00Z,3.0,False,True,Grass,2.0,3.0,36.269125,"off Los Gatos Creek Rd, west of Coalinga",-120.620791,True,Derrick Fire,100.0,151.5,True,"The Derrick Fire started on July 2, 2017 off Los Gatos Creek Rd, west of Coalinga (Fresno County) and burned 1,538 acres.",2017-07-02T22:28:00Z,6.0,7.0,0.0,45.0,4.0,12.625,4.0,0.6557377049180327
1522.0,False,Sequoia National Forest,2.0,4,/incidents/2017/6/18/highway-fire/,All road closures have been lifted.,13,15,6.0,2.0,11.0,2018-01-09T10:41:00Z,3.0,False,True,Grass,2.0,3.0,35.53456,"Democrat, west of Lake Isabella",-118.66733,False,Highway Fire,100.0,151.5,True,"The Highway fire started on June 18, 2017 near Democrat, west of Lake Isabella in Kern County and burned 1,522 acres.",2017-06-18T14:22:00Z,6.0,7.0,0.0,45.0,4.0,12.625,4.0,0.6557377049180327
1503.0,False,San Bernardino National Forest,2.0,4,/incidents/2017/6/19/holcomb-fire/,All road closures have been lifted.,35,36,6.0,2.0,11.0,2018-01-09T11:00:00Z,3.0,False,True,Grass,2.0,3.0,34.2976,"off Highway 18 & Holcomb Valley Rd, east of Big Bear Lake",-116.826,False,Holcomb Fire,100.0,151.5,True,"The Holcomb Fire started on Monday, June 19, 2017 off Highway 18 & Holcomb Valley Rd, east of Big Bear Lake (San Bernardino County) and burned 1,503 acres.",2017-06-19T15:05:00Z,6.0,7.0,0.0,45.0,4.0,12.625,4.0,0.6557377049180327
1431.0,False,CAL FIRE Madera-Mariposa-Merced Unit,2.0,4,/incidents/2017/6/10/oakwood-fire/,All road closures have been lifted.,18,20,6.0,2.0,3.0,2018-01-09T10:30:00Z,3.0,False,True,Grass,2.0,3.0,37.0825,"Oakwood Road and Road 406, northeast of Madera",-119.8011,True,Oakwood Fire,100.0,13.0,True,"The Oakwood Fire started on June 10, 2017 off of Oakwood Road and Road 406, northeast of Madera, Madera County and burned 1,431 acres.",2017-06-10T13:19:00Z,6.0,7.0,0.0,45.0,4.0,3.25,4.0,7.142857142857143
1350.0,False,Sequoia National Forest,2.0,4,/incidents/2017/7/30/garden-fire/,All road closures have been lifted.,13,15,6.0,2.0,11.0,2018-01-09T12:14:00Z,3.0,False,True,Grass,2.0,3.0,35.543,"1/2 mile west of USFS Democrat Fire Station, Kern River Ranger District",-118.654,False,Garden Fire,100.0,151.5,True,"The Garden Fire started on July 30, 2017, 1/2 mile west of USFS Democrat Fire Station, Kern River Ranger District (Kern County) and burned 1,350 acres.",2017-07-30T16:17:00Z,6.0,7.0,0.0,45.0,4.0,12.625,4.0,0.6557377049180327
1350.0,False,CAL FIRE/Riverside County Fire,2.0,4,/incidents/2017/4/30/opera-fire/,All road closures have been lifted.,32,33,6.0,2.0,11.0,2018-01-09T09:53:00Z,3.0,False,True,Grass,2.0,3.0,34.00566,"off Opera Loop & East Palmyrita Avenue, in Highgrove ",-117.30693,False,Opera Fire,100.0,151.5,True,"The Opera Fire started on April 30, 2017 off Opera Loop & East Palmyrita Avenue, in Highgrove in Riverside County and burned 1,350 acres. ",2017-04-30T15:23:00Z,6.0,7.0,0.0,45.0,4.0,12.625,4.0,0.6557377049180327
1319.0,False,Sequoia National Forest,2.0,4,/incidents/2017/9/1/caldwell-fire/,All road closures have been lifted.,13,15,6.0,2.0,11.0,2018-01-09T12:50:00Z,3.0,False,True,Grass,2.0,3.0,35.76,"Kernville Rd. x Sierra Way, 6 miles north of Lake Isabella",-118.406,False,Caldwell Fire,100.0,151.5,True,"The Cadwell Fire started September 1 2017, off Kernville Rd. and Sierra Way, 6 miles north of Lake Isabella (Kern County)",2017-09-01T14:37:00Z,6.0,7.0,0.0,45.0,4.0,12.625,4.0,0.6557377049180327
1286.0,False,CAL FIRE Amador-El Dorado Unit,2.0,4,/incidents/2017/7/26/latrobe-fire/,All road closures have been lifted.,33,34,6.0,2.0,11.0,2018-01-09T12:06:00Z,3.0,False,True,Grass,2.0,3.0,38.5181,"Off Latrobe Rd & Scott Rd, near Rancho Murieta",-121.104,False,Latrobe Fire,100.0,151.5,True,"The Latrobe Fire started on July 26, 2017 off Latrobe Rd & Scott Rd, near Rancho Murieta (Sacramento County) and burned 1,286 acres.",2017-07-26T14:45:00Z,6.0,7.0,0.0,45.0,4.0,12.625,4.0,0.6557377049180327
1200.0,False,Kern County Fire,2.0,4,/incidents/2017/6/30/tarina-fire/,All road closures have been lifted.,13,15,6.0,2.0,11.0,2018-01-09T11:16:00Z,3.0,False,True,Grass,2.0,3.0,35.38298,"Breckenridge Road, 3 miles east of Bakersfield",-118.80123,False,Tarina Fire ,100.0,151.5,True,"The Tarina Fire started on June 30, 2017, off Breckenridge Road, 3 miles east of Bakersfield in Kern County and burned 1,200 acres. ",2017-06-30T13:49:00Z,6.0,7.0,0.0,45.0,4.0,12.625,4.0,0.6557377049180327
1088.0,False,DOD - Camp Pendleton,2.0,4,/incidents/2017/10/17/buffalo-fire/,All road closures have been lifted.,36,37,6.0,2.0,11.0,2018-01-09T13:41:00Z,3.0,False,True,Grass,2.0,3.0,33.402411,"Range 600, Case Springs Road, Camp Pendleton",-117.402445,False,Buffalo Fire,100.0,151.5,True,"The Buffalo Fire started on October 17, 2017 off Range 600 and Case Springs Road, San Diego County and burned 1,088 acres. It was contained on November 14, 2017. ",2017-10-17T10:19:00Z,6.0,7.0,0.0,45.0,4.0,12.625,4.0,0.6557377049180327
1083.0,False,Kern County Fire ,2.0,4,/incidents/2017/7/18/hudson-fire/,All road closures have been lifted.,13,15,6.0,2.0,11.0,2018-01-09T11:59:00Z,3.0,False,True,Grass,2.0,3.0,34.94373,"Hudson Ranch Rd. and Hwy 166, south of Maricopa",-119.44751,False,Hudson Fire,100.0,151.5,True,"The Hudson Fire started on July 18, 2017, off Hudson Ranch Road and Highway 166, south of Maricopa, Kern County and burned 1,083 acres. ",2017-07-18T11:45:00Z,6.0,7.0,0.0,45.0,4.0,12.625,4.0,0.6557377049180327
1044.0,False,CAL FIRE/Riverside County Fire,2.0,4,/incidents/2017/8/13/blaine-fire/,All road closures have been lifted.,32,33,6.0,2.0,11.0,2018-01-09T12:38:00Z,3.0,False,True,Grass,2.0,3.0,33.98212,Blaine Rd and Terrace Dr,-117.30819,True,Blaine Fire,100.0,151.5,True,"The Blaine Fire started on August 13, 2017, off Blaine Rd and Terrace Dr in Box Spring Mountain in Riverside County and burned 1,044 acres. ",2017-08-13T16:10:00Z,6.0,7.0,0.0,45.0,4.0,12.625,4.0,0.6557377049180327
1035.0,False,CAL FIRE Madera-Mariposa-Merced Unit / Sierra National Forest,2.0,4,/incidents/2017/9/3/mission-fire/,Douglas Station Road at Road 225; Rainbow Drive at Road 225; Cascade; Drive at Road 225,18,20,6.0,2.0,11.0,2018-01-09T13:18:00Z,3.0,False,True,Grass,2.0,3.0,37.21616,"Mission Dr. and Italian Bar Rd., 2 miles east of North Fork",-119.48067,True,Mission Fire,100.0,151.5,True,"The Mission Fire started on September 3, 2017 off Mission Drive and Italian Bar Road, 2 miles east of North Fork (Madera County) and burned 1,035 acres.",2017-09-03T13:06:00Z,6.0,4.0,0.0,45.0,4.0,12.625,4.0,0.6557377049180327
1020.0,False,Tahoe National Forest,2.0,4,/incidents/2017/8/6/chilcoot-fire/,All road closures have been lifted.,31,32,6.0,2.0,11.0,2018-01-09T12:20:00Z,3.0,False,True,Grass,2.0,3.0,39.75371,"Chilcoot Ave, Chilcoot",-120.1397,False,Chilcoot Fire,100.0,151.5,True,"The Chilcoot Fire started on August 6, 2017 off off Chilcoot Ave, Chilcoot (Plumas County) and burned 1,020 acres. ",2017-08-06T15:32:00Z,6.0,7.0,0.0,45.0,4.0,12.625,4.0,0.6557377049180327
1000.0,False,Camp Pendleton Marine Base,2.0,4,/incidents/2017/5/25/range-fire/,All road closures have been lifted.,36,37,6.0,2.0,11.0,2018-01-09T10:17:00Z,3.0,False,True,Grass,2.0,3.0,33.34988, Basilone Road X Las Pulgas Road,-117.39818,False,Range Fire,100.0,151.5,True,"The Range Fire started on May 25, 2017 at Camp Pendleton off Basilone Road and Las Pulgas Road (San Diego County) and burned 1,000 acres.",2017-05-25T18:15:00Z,6.0,7.0,0.0,45.0,4.0,12.625,4.0,0.6557377049180327
995.0,False,CAL FIRE Shasta-Trinity Unit,2.0,4,/incidents/2017/9/12/berry-fire/,<li>River Road is closed from Pit 4 Dam to Pit 3 Powerhouse</li>,43,45,14.0,1.0,15.0,2018-01-09T13:21:00Z,3.0,False,True,Grass,2.0,3.0,40.98352,"off of Baker Rd, east of Big Bend",-121.81623,True,Berry Fire,100.0,317.0,True,"The Lighting Fire, renamed Berry Fire started on September 12, 2017 off of Baker Rd, northwest of Burney (Shasta County).",2017-09-12T06:58:00Z,6.0,7.0,0.0,45.0,3.0,19.8125,3.0,0.31446540880503143
976.0,False,Fresno County Fire ,2.0,4,/incidents/2017/4/28/el-dorado-fire/,All road closures have been lifted.,9,10,6.0,2.0,11.0,2018-01-09T09:52:00Z,3.0,False,True,Grass,2.0,3.0,36.530836," El Dorado Ave & Kamm Ave, northeast of Coalinga",-120.206592,False,El Dorado Fire,100.0,151.5,True,"The El Dorado Fire started on August 28, 2017 off of El Dorado Ave & Kamm Ave, northeast of Coalinga in Fresno County and burned 976 acres.",2017-04-28T15:40:00Z,6.0,7.0,0.0,45.0,4.0,12.625,4.0,0.6557377049180327
900.0,False,CAL FIRE Mendocino Unit,2.0,4,/incidents/2017/7/16/grade-fire/,Controlled traffic on Hwy 101 ,21,23,6.0,2.0,11.0,2018-01-09T11:56:00Z,3.0,False,True,Grass,2.0,1.0,39.30125,"Hwy 101, 5 miles northwest of Redwood Valley ",-123.28825,True,Grade Fire,100.0,151.5,True,"The Grade fire started on July 16, 2017 of Hwy 101, 5 miles northwest of Redwood Valley in Mendocino County and burned 900 acres.",2017-07-16T14:51:00Z,6.0,7.0,0.0,45.0,4.0,12.625,4.0,0.6557377049180327
867.0,False,Unified Command: CAL FIRE Nevada-Yuba-Placer Unit/Beale Air Force Base,2.0,4,/incidents/2017/8/20/beale-fire/,All road closures have been lifted.,58,58,6.0,2.0,11.0,2018-01-09T12:43:00Z,3.0,False,True,Grass,2.0,3.0,39.1234,"Chuck Yeager Road, Beale Air Force Base",-121.32957,False,Beale Fire,100.0,151.5,True,"The Beale Fire started of August 20, 2017 off of Chuck Yeager Road, Beale Air Force Base, Yuba County and burned 950 acres: 600 were SRA, and 350 were FRA.",2017-08-20T14:44:00Z,6.0,7.0,0.0,45.0,4.0,12.625,4.0,0.6557377049180327
866.0,False,Cleveland National Forest,2.0,4,/incidents/2017/10/26/wildomar-fire/,All road closures have been lifted.,32,33,6.0,2.0,11.0,2018-01-09T13:45:00Z,3.0,False,True,Grass,2.0,3.0,33.60247,"S Main Divide Rd and Wildomar OHV Park, west of Wildomar City",-117.34192,False,Wildomar Fire,100.0,151.5,True,"The Wildomar Fire started on October 26, 2017 off S Main Divide Rd and Wildomar OHV Park, west of Wildomar City (Riverside County) and burned 866 acres. It was contained on October 30, 2017. ",2017-10-26T12:34:00Z,6.0,7.0,0.0,45.0,4.0,12.625,4.0,0.6557377049180327
859.0,False,Plumas National Forest,2.0,4,/incidents/2017/8/6/poslin-fire/,All road closures have been lifted.,16,18,6.0,2.0,11.0,2018-01-09T12:21:00Z,3.0,False,True,Grass,2.0,3.0,39.888,"Scott Rd, 9 miles south of Doyle",-120.066,False,Poslin Fire,100.0,151.5,True,"The Poslin Fire started on August 6, 2017, off Scott Rd, south of Doyle (Lassen County) and burned 859 acres.",2017-08-06T19:52:00Z,6.0,7.0,0.0,45.0,4.0,12.625,4.0,0.6557377049180327
821.0,False,CAL FIRE Nevada-Yuba-Placer Unit,2.0,4,/incidents/2017/10/9/lobo-fire-wind-complex/,All road closures have been lifted.,28,29,6.0,2.0,11.0,2018-02-09T09:51:00Z,3.0,False,True,Grass,2.0,3.0,39.24549,"near Lone Lobo Trail, Rough and Ready",-121.12792,True,Lobo Fire (Wind Complex),100.0,151.5,True,"The Lobo Fire started on October 9, 2017 near Lone Lobo Trail, Rough and Ready and burned 821 acres. ",2017-10-09T00:01:00Z,2.0,48.0,0.0,45.0,4.0,12.625,4.0,0.6557377049180327
800.0,False,Unified Command LA County Fire and USFS,2.0,4,/incidents/2017/6/17/lake-fire/,All road closures have been lifted.,17,19,6.0,2.0,11.0,2018-01-09T10:34:00Z,3.0,False,True,Grass,2.0,3.0,34.55607,North side of Castaic Lake,-118.60703,False,Lake Fire,100.0,151.5,True,"The Lake Fire started on June 17, 2017 on the north side of Castaic Lake in Los Angeles County and burned 800 acres.",2017-06-17T13:55:00Z,6.0,7.0,0.0,45.0,4.0,12.625,4.0,0.6557377049180327
775.0,False,CAL FIRE San Luis Obispo/Department of Defense-Camp Roberts ,2.0,4,/incidents/2017/8/11/yankee-fire/,All road closures have been lifted.,38,40,6.0,2.0,11.0,2018-01-09T12:36:00Z,3.0,False,True,Grass,2.0,3.0,35.7908,Field Rd and Perimeter Rd at Training Area Yankee 6 in Camp Roberts,-120.77485,False,Yankee Fire,100.0,151.5,True,"The Yankee Fire started on August 11, 2017, at Field Rd and Perimeter Rd at Training Area Yankee 6 in Camp Roberts, San Luis Obispo County and burned 775 acres. ",2017-08-11T16:06:00Z,6.0,7.0,0.0,45.0,4.0,12.625,4.0,0.6557377049180327
760.0,False,LA County Fire Department,2.0,4,/incidents/2017/6/25/placerita-fire/,All road closures have been lifted.,17,19,6.0,2.0,11.0,2018-01-09T11:08:00Z,3.0,False,True,Grass,2.0,3.0,34.37443,"Off Hwy 14 & Placerita Canyon Rd, in Santa Clarita",-118.49343,False,Placerita Fire,100.0,151.5,True,"The Placerita Fire started on June 25, 2017 off Hwy 14 & Placerita Canyon Rd, in Santa Clarita (Los Angeles County) and burned 760 acres.",2017-06-25T12:47:00Z,6.0,7.0,0.0,45.0,4.0,12.625,4.0,0.6557377049180327
747.0,False,Humboldt-Toiyabe National Forest,2.0,4,/incidents/2017/7/10/farad-fire/,All road closures have been lifted.,44,46,6.0,2.0,11.0,2018-01-09T11:51:00Z,3.0,False,True,Grass,2.0,3.0,39.439722,"Hwy 80 and State Boundary, 12 miles northeast of Truckee ",-120.027222,False,Farad Fire,100.0,151.5,True,"The Farad fire started on July 10, 2017 at Hwy 80 and State Boundary, 12 miles northeast of Truckee in Sierra County and burned 747 acres.",2017-07-10T13:02:00Z,6.0,7.0,0.0,45.0,4.0,12.625,4.0,0.6557377049180327
690.0,False,CAL FIRE Tuolumne-Calaveras Unit,2.0,4,/incidents/2017/7/29/jacksonville-fire/,All road closures have been lifted.,55,55,6.0,2.0,11.0,2018-01-09T12:09:00Z,3.0,False,True,Grass,2.0,3.0,37.905545,"Jacksonville Road, south of Jamestown",-120.408135,True,Jacksonville Fire,100.0,151.5,True,"The Jacksonville Fire started July 29th 1017 off Jacksonville Road, south of Jamestown (Tuolumne County) and burned 690 acres.",2017-07-29T13:50:00Z,6.0,7.0,0.0,45.0,4.0,12.625,4.0,0.6557377049180327
680.0,False,CAL FIRE Madera-Mariposa-Merced Unit,2.0,4,/incidents/2017/9/3/peak-fire/,All road closures have been lifted.,20,22,6.0,2.0,1.0,2018-01-09T12:51:00Z,3.0,False,True,Grass,2.0,3.0,37.37397,"Indian Peak Rd and Usona Rd, 9 miles southeast of Mariposa",-119.83556,True,Peak Fire,100.0,8.0,True,"The Peak Fire started September 3, 2017, near Indian Peak Rd and Usona Rd, 9 miles southeast of Mariposa (Mariposa County) and burned 680 acres.",2017-09-03T13:10:00Z,6.0,2.0,0.0,45.0,4.0,4.0,4.0,11.11111111111111
670.0,False,USFS - San Bernardino National Forest ,2.0,4,/incidents/2017/6/27/mart-fire/,All road closures have been lifted.,35,36,6.0,2.0,11.0,2018-01-09T11:09:00Z,3.0,False,True,Grass,2.0,3.0,34.14575,"Highland Ave and City Creek Road, Highland",-117.17813,False,Mart Fire,100.0,151.5,True,"The Mart Fire started on June 27, 2017 off Highland Ave and City Creek Road, Highland in San Bernardino County and burned 670 acres.  ",2017-06-27T15:22:00Z,6.0,7.0,0.0,45.0,4.0,12.625,4.0,0.6557377049180327
630.0,False,CAL FIRE Madera-Mariposa-Merced Unit,2.0,4,/incidents/2017/6/28/ben-fire/,Road closures have been lifted,20,22,1.0,2.0,11.0,2018-01-09T11:10:00Z,3.0,False,True,Grass,2.0,3.0,37.3762,off Ben Hur Road and Silver Bar Road,-119.9646,True,Ben Fire,100.0,380.0,True,"The Ben Fire started on June 28, 2017 off Ben Hur Road and Silver Bar Road, in Mariposa County and burned 630 acres.",2017-06-28T15:49:00Z,6.0,7.0,0.0,45.0,5.0,31.666666666666668,4.0,0.26246719160104987
562.0,False,Modoc National Forest,2.0,4,/incidents/2017/6/28/battle-fire/,All road closures have been lifted.,24,25,6.0,2.0,11.0,2018-01-09T11:10:00Z,3.0,False,True,Grass,2.0,3.0,41.85763,"Hwy 139 south of Newell, east of Tule Lake",-121.29581,False,Battle Fire,100.0,151.5,True,"The Battle Fire started on June 28, 2017 off of Hwy 139 south of Newell, east of Tule Lake (Modoc County) and burned 562 acres.",2017-06-28T13:50:00Z,6.0,7.0,0.0,45.0,4.0,12.625,4.0,0.6557377049180327
545.0,False,CAL FIRE Riverside Unit,2.0,4,/incidents/2017/8/14/mias-fire/,All road closures have been lifted.,32,33,6.0,2.0,11.0,2018-01-09T12:42:00Z,3.0,False,True,Grass,2.0,3.0,33.95036,Misa Canyon Road and Bluff Street,-116.88066,True,Mias Fire,100.0,151.5,True,"The Mias Fire started on August 14, 2017 off of Mias Canyon Road and Bluff Street, north of Banning (Riverside County) and burned 545 acres.",2017-08-14T15:45:00Z,6.0,7.0,0.0,45.0,4.0,12.625,4.0,0.6557377049180327
530.0,False,Bureau of Land Management Northern California District,2.0,4,/incidents/2017/8/6/w-2-fire/,All road closures have been lifted.,16,18,6.0,2.0,11.0,2018-01-09T12:20:00Z,3.0,False,True,Grass,2.0,3.0,41.11989,"Ash Valley, 6 miles west of Madeline",-120.74968,False,W-2 Fire,100.0,151.5,True,"The W-2 Fire started on August 6, 2017 in Ash Valley, west of Madeline (Lassen County) and burned 530 acres.",2017-08-06T15:29:00Z,6.0,7.0,0.0,45.0,4.0,12.625,4.0,0.6557377049180327
506.0,False,Kern County Fire,2.0,4,/incidents/2017/5/20/ming-fire/,All road closures have been lifted.,13,15,6.0,2.0,11.0,2018-01-09T10:07:00Z,3.0,False,True,Grass,2.0,3.0,35.4605,"Round Mountain Road and Amaya Court, north of Lake Ming",-118.85896,False,Ming Fire,100.0,151.5,True,"The Ming Fire started on May 20, 2017 off of Round Mountain Road and Amaya Court, north of Lake Ming, Kern County and burned 506 acres.",2017-05-20T14:23:00Z,6.0,7.0,0.0,45.0,4.0,12.625,4.0,0.6557377049180327
486.0,False,Camp Pendleton Marine Base,2.0,4,/incidents/2017/5/19/deluz-fire/,All road closures have been lifted.,36,37,6.0,2.0,11.0,2018-01-09T10:06:00Z,3.0,False,True,Grass,2.0,3.0,33.3906,"Camp Pendleton, north of India Training Area",-117.32348,False,Deluz Fire,100.0,151.5,True,"The Deluz Fire started on May 19, 2017 at Camp Pendleton, north of India Training Area (San Diego County) and burned 486 acres.",2017-05-19T14:45:00Z,6.0,7.0,0.0,45.0,4.0,12.625,4.0,0.6557377049180327
469.0,False,CAL FIRE Siskiyou Unit,2.0,4,/incidents/2017/7/5/fay-fire/,All road closures have been lifted.,45,47,6.0,2.0,11.0,2018-01-09T11:44:00Z,3.0,False,True,Grass,2.0,3.0,41.3975,"Highway 3 & Fay Lane, south of Etna",-122.8428,True,Fay Fire,100.0,151.5,True,"The Fay Fire started on July 5, 2017 off Highway 3 & Fay Lane, south of Etna (Siskiyou County) and burned 469 acres.",2017-07-05T11:05:00Z,6.0,7.0,0.0,45.0,4.0,12.625,4.0,0.6557377049180327
460.0,False,CAL FIRE San Luis Obispo Unit / Los Padres National Forest,2.0,4,/incidents/2017/8/2/red-fire/,All road closures have been lifted.,38,40,6.0,2.0,11.0,2018-01-09T12:17:00Z,3.0,False,True,Grass,2.0,3.0,35.40357,"Off Hwy 58 & Red Hill Rd, east of Wilson Corner",-120.28037,False,Red Fire,100.0,151.5,True,"The Red Fire started on August 2, 2017 off Hwy 58 & Red Hill Rd, east of Wilson Corner (San Luis Obispo County) and burned 460 acres. ",2017-08-02T10:15:00Z,6.0,7.0,0.0,45.0,4.0,12.625,4.0,0.6557377049180327
460.0,False,"Unified Command: CAL FIRE San Bernardino-Inyo-Mono Unit, USFS - San Bernardino National Forest and City of Highland",2.0,4,/incidents/2017/7/14/bridge-fire/,All road closures have been lifted.,35,36,6.0,2.0,11.0,2018-04-12T14:52:00Z,3.0,False,True,Grass,2.0,3.0,34.09773,"off Greenspot Rd and Santa Ana Canyon Rd, Highland",-117.10567,False,Bridge Fire,100.0,151.5,True,"The Bridge Fire started on June 14, 2017 off Greenspot Rd and Santa Ana Canyon Rd, Highland (San Bernardino County) and burned 460 acres.",2017-07-14T14:23:00Z,6.0,7.0,0.0,45.0,4.0,12.625,4.0,0.6557377049180327
450.0,False,CAL FIRE/Fresno County Fire,2.0,4,/incidents/2017/6/11/monterey-fire/,All road closures have been lifted.,9,10,6.0,2.0,11.0,2018-01-09T10:30:00Z,3.0,False,True,Grass,2.0,3.0,36.616986,"off South Monterey Ave. & W South Ave., near Tranquillity ",-120.369347,False,Monterey Fire,100.0,151.5,True,"The Monterey Fire started on June 11, 2017 near Tranquillity in Fresno County and burned 450 acres.",2017-06-11T17:15:00Z,6.0,7.0,0.0,45.0,4.0,12.625,4.0,0.6557377049180327
444.0,False,Santa Barbara County Fire,2.0,4,/incidents/2017/9/29/rucker-fire/,All road closures have been lifted.,40,42,6.0,2.0,11.0,2018-01-09T13:28:00Z,3.0,False,True,Grass,2.0,3.0,34.67403,"Rucker Rd and Purisima Rd, 2 miles north east of Lompoc",-120.4393,False,Rucker Fire,100.0,151.5,True,"The Rucker Fire started on September 29, 2017 off Rucker Rd and Purisima Rd, 2 miles north east of Lompoc in Santa Barbara County and burned 444 acres.",2017-09-29T14:42:00Z,6.0,7.0,0.0,45.0,4.0,12.625,4.0,0.6557377049180327
429.0,False,CAL FIRE Madera-Mariposa-Merced Unit,2.0,4,/incidents/2017/9/18/eastman-fire/,All road closures have been lifted.,18,20,6.0,2.0,11.0,2018-01-09T13:21:00Z,3.0,False,True,Grass,2.0,3.0,37.14624,"Road 29 & Road 26, southwest of Raymond",-120.015509,False,Eastman Fire,100.0,151.5,True,"The Eastman Fire started on September 18, 2017 off Road 29 & Road 26, southwest of Raymond (Madera County)",2017-09-18T16:04:00Z,6.0,7.0,0.0,45.0,4.0,12.625,4.0,0.6557377049180327
426.0,False,USFS - El Dorado National Forest,2.0,4,/incidents/2017/10/13/table-fire/,All road closures have been lifted.,8,9,6.0,2.0,11.0,2018-01-09T13:36:00Z,3.0,False,True,Grass,2.0,3.0,38.848,3 miles northeast of Ice House Reservoir,-120.287,False,Table Fire,100.0,151.5,True,"The Table fire started on October 8, 2017 3 miles northeast of Ice House Reservoir in El Dorado County.",2017-10-13T13:16:00Z,6.0,7.0,0.0,45.0,4.0,12.625,4.0,0.6557377049180327
422.0,False,Los Angeles City Fire,2.0,4,/incidents/2017/12/6/skirball-fire/,All road closures have been lifted.,17,19,6.0,2.0,11.0,2018-01-23T08:11:00Z,3.0,False,True,Grass,2.0,3.0,34.09454,N Sepulveda Blvd at I-405,-118.48178,True,Skirball Fire,100.0,151.5,True,"The Skirball Fire started on December 6, 2017 off N Sepulveda Blvd at I-405 and burned 422 acres. It was contained on December 15, 2017. ",2017-12-06T06:31:00Z,6.0,7.0,0.0,45.0,4.0,12.625,4.0,0.6557377049180327
416.0,False,CAL FIRE Tulare Unit,2.0,4,/incidents/2017/7/20/elephant-fire/,All road closures have been lifted.,54,54,6.0,2.0,11.0,2018-01-09T12:02:00Z,3.0,False,True,Grass,2.0,3.0,36.22265,"off Strathmore Rd, community of Lindsay",-119.06598,False,Elephant Fire,100.0,151.5,True,"The Elephant Fire started on July 20, 2017 off Strathmore Rd, community of Lindsay in Tulare County and 416 acres. ",2017-07-20T19:16:00Z,6.0,7.0,0.0,45.0,4.0,12.625,4.0,0.6557377049180327
410.0,False,Modoc National Forest,2.0,4,/incidents/2017/7/13/dode-fire/,All road closures have been lifted.,24,25,6.0,2.0,11.0,2018-01-09T11:54:00Z,3.0,False,True,Grass,2.0,3.0,41.72163,"off Hwy 139, 7 miles North of Tionesta",-121.30451,False,Dode Fire,100.0,151.5,True,"The Dode Fire started on July 12 2017 off Hwy 139, 7 miles North of Tionesta (Modoc County) and burned 410 acres.",2017-07-13T15:23:00Z,6.0,7.0,0.0,45.0,4.0,12.625,4.0,0.6557377049180327
400.0,False,"Unified Command: CAL FIRE San Diego Unit, Alpine Fire Protection District and  Lakeside Fire Protection District",2.0,4,/incidents/2017/7/11/jennings-fire/,All road closures have been lifted.,36,37,6.0,2.0,11.0,2018-01-09T11:52:00Z,3.0,False,True,Grass,2.0,3.0,32.84796,"I-8 and Old Hwy 80, Community of Lakeside",-116.85396,True,Jennings Fire,100.0,151.5,True,"The Jennings fire started on July 11, 2017 off I-8 and Old Hwy 80, Community of Lakeside in San Diego County and burned 400 acres.",2017-07-11T13:45:00Z,6.0,7.0,0.0,45.0,4.0,12.625,4.0,0.6557377049180327
400.0,False,CAL FIRE/Fresno County Fire,2.0,4,/incidents/2017/5/10/sonoma-fire/,All road closures have been lifted.,9,10,6.0,2.0,11.0,2018-01-09T09:55:00Z,3.0,False,True,Grass,2.0,3.0,36.45491,"off Sonoma Ave & Cerini Ave, west of Helm ",-120.2445,False,Sonoma Fire,100.0,151.5,True,"The Sonoma Fire started on May 10 off Sonoma Ave & Cerini Ave, west of Helm in Fresno County and burned 400 acres. ",2017-05-10T15:27:00Z,6.0,7.0,0.0,45.0,4.0,12.625,4.0,0.6557377049180327
392.0,False,CAL FIRE Nevada-Yuba-Placer Unit,2.0,4,/incidents/2017/8/30/pleasant-fire/, All road closures have been lifted. ,28,29,1.0,1.0,2.0,2018-01-09T12:48:00Z,3.0,False,True,Grass,2.0,1.0,39.34292,"Off Hwy 49 & Pleasant Valley Rd, south of North San Juan  ",-121.12004,True,Pleasant Fire,100.0,48.0,True,"The Pleasant Fire started on Aug 30, 2017 off Hwy 49 & Pleasant Valley Rd, south of North San Juan Nevada County and burned 392 acres.",2017-08-30T15:38:00Z,1.0,0.0,0.0,45.0,1.0,16.0,3.0,2.0408163265306123
391.0,False,CAL FIRE San Mateo-Santa Cruz Unit ,2.0,4,/incidents/2017/10/16/bear-fire/,All roads are open. Please watch your speed on Bear Creek Road as fire vehicles will continue to patrol the area. Be advised that all roads in the fire area are private roads and access should be limited to those with official business.,42,44,6.0,2.0,11.0,2018-01-09T13:41:00Z,3.0,False,True,Grass,2.0,1.0,37.18356,"Bear Canyon Road and Deer Creek Road in Boulder Creek, CA",-122.07012,True,Bear Fire,100.0,10.0,True,"The Bear Fire started on October 16, 2017 off Canyon Road and Deer Creek Road in Boulder Creek (Santa Cruz County). It was contained on October 26, 2017.",2017-10-16T22:30:00Z,6.0,6.0,0.0,45.0,4.0,0.8333333333333334,4.0,9.090909090909092
380.0,False,CAL FIRE Lassen-Modoc Unit,2.0,4,/incidents/2017/4/3/west-fire/,All road closures have been lifted.,24,25,6.0,2.0,11.0,2018-01-09T09:40:00Z,3.0,False,True,Grass,2.0,3.0,41.16716,"Likely, 15 Miles south of Alturas",-120.58342,False,West Fire,100.0,151.5,True,"The West fire started on April 3, 2017 near Likely, 15 miles south of Alturas in Modoc County burned 380 acres.",2017-04-03T16:00:00Z,6.0,7.0,0.0,45.0,4.0,12.625,4.0,0.6557377049180327
370.0,False,Humboldt - Toiyabe National Forest,2.0,4,/incidents/2017/11/13/chris-fire/,All road closures have been lifted.,25,26,6.0,2.0,11.0,2018-01-09T13:46:00Z,3.0,False,True,Grass,2.0,3.0,38.46111,"Hwy 395, north of Hwy 108, Walker Watershed, south of Walker",-119.48284,False,Chris Fire,100.0,151.5,True,"The Chris Fire started November 13, 2017 off Hwy 395, north of Hwy 108, Walker Watershed, south of Walker (Mono County). ",2017-11-13T11:28:00Z,6.0,7.0,0.0,45.0,4.0,12.625,4.0,0.6557377049180327
370.0,False,CAL FIRE Santa Clara Unit,2.0,4,/incidents/2017/7/8/willow-fire/,All road closures have been lifted.,6,7,6.0,2.0,11.0,2018-01-09T11:48:00Z,3.0,False,True,Grass,2.0,3.0,38.02929,"Springwood Ct. & California St, Rodeo",-122.25544,False,Willow Fire,100.0,151.5,True,"The Willow Fire started on July 8, 2017 off Springwood Ct. & California St, Rodeo (Contra Costa County) and burned 370 acres.",2017-07-08T15:26:00Z,6.0,7.0,0.0,45.0,4.0,12.625,4.0,0.6557377049180327
357.0,False,CAL FIRE / Fresno County Fire,2.0,4,/incidents/2017/6/23/creek-fire/,All road closures have been lifted.,9,10,6.0,2.0,11.0,2018-01-09T11:01:00Z,3.0,False,True,Grass,2.0,3.0,36.27306,"Off Los Gatos Creek Rd, west of Derrick",-120.65185,False,Creek Fire,100.0,151.5,True,"The Creek Fire started on June 23, 2017 off Los Gatos Creek Rd, west of Derrick (Fresno County) and burned 357 acres. ",2017-06-23T16:00:00Z,6.0,7.0,0.0,45.0,4.0,12.625,4.0,0.6557377049180327
340.0,False,CAL FIRE San Luis Obispo Unit,2.0,4,/incidents/2017/7/9/stone-fire/,Soft road closures exist at the following locations: Highway 58 at Highway 229 and Highway 58 at O’Donovan Road,38,40,6.0,2.0,11.0,2018-01-09T11:51:00Z,3.0,False,True,Grass,2.0,3.0,35.42433,"Huer Huero Road, east of Santa Margarita",-120.47322,True,Stone Fire,100.0,151.5,True,"The Stone Fire started on July 9, 2017 off Huer Huero Road, east of Santa Margarita (San Luis Obispo County) and burned 340 acres.",2017-07-09T13:49:00Z,6.0,7.0,0.0,45.0,4.0,12.625,4.0,0.6557377049180327
339.0,False,CAL FIRE Tulare Unit,2.0,4,/incidents/2017/6/7/dinely-fire/,All road closures have been lifted.,54,54,19.0,0.0,30.0,2018-01-09T10:28:00Z,3.0,False,True,Grass,1.0,4.0,36.45809,"off of Dinely Drive in Three Rivers, northeast of Lake Kaweah",-118.87676,True,Dinely Fire,100.0,435.0,True,"The Dinely Fire started on June 7, 2017 off of Dinely Drive, Three Rivers, northeast of Lake Kaweah (Tulare County) and burned 339 acres.",2017-06-07T11:55:00Z,6.0,7.0,0.0,45.0,3.0,14.03225806451613,1.0,0.22935779816513763
338.0,False,CAL FIRE/Kern County Fire,2.0,4,/incidents/2017/8/10/rose-fire/,All road closures have been lifted.,13,15,6.0,2.0,11.0,2018-01-09T12:31:00Z,3.0,False,True,Grass,2.0,3.0,34.92907,"I-5 Freeway and Grapevine Rd, north of the Grapevine",-118.9267,True,Rose Fire,100.0,151.5,True,"The Rose Fire started on August 10, 2017, off the I-5 Freeway and Grapevine Rd, north of Grapevine (Kern County) and burned 338 acres.",2017-08-10T14:32:00Z,6.0,7.0,0.0,45.0,4.0,12.625,4.0,0.6557377049180327
325.0,False,CAL FIRE San Bernardino Unit / San Bernardino National Forest / City of Yucaipa ,2.0,4,/incidents/2017/8/3/bryant-fire/,All road closures have been lifted.,35,36,6.0,2.0,11.0,2018-01-09T12:18:00Z,3.0,False,True,Grass,2.0,3.0,34.08492,"Bryant Street at Hwy 38, City of Yucaipa",-117.03826,True,Bryant Fire,100.0,151.5,True,"The Bryant Fire started on August 3, 2017, off Bryant Street and Highway 38 in Yucaipa (San Bernardino County) and burned 325 acres.",2017-08-03T15:35:00Z,6.0,7.0,0.0,45.0,4.0,12.625,4.0,0.6557377049180327
319.0,False,USFS - Six Rivers National Forest,2.0,4,/incidents/2017/7/19/marble-fire/,All road closures have been lifted.,7,8,6.0,2.0,11.0,2018-01-09T12:01:00Z,3.0,False,True,Grass,2.0,3.0,41.478,"Orleans Rd, Six River National Forest",-123.506,False,Marble Fire,100.0,151.5,True,"The Marble Fire started on July 19, 2017 off Orleans Rd on the Six Rivers National Forest in Del Norte County and burned 319 acres.",2017-07-19T14:00:00Z,6.0,7.0,0.0,45.0,4.0,12.625,4.0,0.6557377049180327
300.0,False,Murrieta Fire,2.0,4,/incidents/2017/12/7/liberty-fire/,All road closures have been lifted.,32,33,6.0,2.0,11.0,2018-01-09T13:47:00Z,3.0,False,True,Grass,2.0,3.0,33.59257,"Los Alamos Rd & Liberty Rd, city of Murrieta",-117.14979,False,Liberty Fire,100.0,151.5,True,"On Thursday, December 07, 2017, the Liberty Fire started off Los Alamos Rd & Liberty Rd, in an unincorporated area of Murrieta and burned 300 acres.",2017-12-07T13:14:00Z,6.0,7.0,0.0,45.0,4.0,12.625,4.0,0.6557377049180327
288.0,False,Kern County Fire,2.0,4,/incidents/2017/5/15/bravo-fire/,All road closures have been lifted.,13,15,6.0,2.0,11.0,2018-01-09T09:58:00Z,3.0,False,True,Grass,2.0,3.0,35.41283,"Hwy 178 and Mira Monte Drive, 2 miles southeast of Lake Ming",-118.84466,False,Bravo Fire,100.0,151.5,True,"The Bravo Fire started on May 15 off of Hwy 178 and Mira Monte Drive, 2 miles southeast of Lake Ming in (Kern County) and burned 288 acres.",2017-05-15T14:05:00Z,6.0,7.0,0.0,45.0,4.0,12.625,4.0,0.6557377049180327
260.0,False,San Bernardino County Fire,2.0,4,/incidents/2017/12/5/little-mountain-fire/,All road closures have been lifted.,35,36,6.0,2.0,11.0,2018-01-09T13:47:00Z,3.0,False,True,Grass,2.0,3.0,34.16564,"University Pkwy. and Varsity Ave., San Bernardino City",-117.33334,False,Little Mountain Fire,100.0,151.5,True,"The Little Mountain Fire started December 5, 2017 on University Pkwy. and Varsity Ave., San Bernardino City (San Bernardino County) and burned 260 acres. It was contained on December 6, 2017. ",2017-12-05T13:35:00Z,6.0,7.0,0.0,45.0,4.0,12.625,4.0,0.6557377049180327
255.0,False,Unified Command: CAL FIRE San Diego County Fire Authority and Cleveland National Forest - USFS,2.0,4,/incidents/2017/7/22/lost-fire/,All road closures have been lifted.,36,37,6.0,2.0,11.0,2018-04-12T14:52:00Z,3.0,False,True,Grass,2.0,3.0,33.34659,"off of Hwy 79, 4 miles north of Warner Springs",-116.66107,False,Lost Fire,100.0,151.5,True,"The Lost Fire started on July 22, 2017 off of Hwy 79, 4 miles north of Warner Springs in San Diego County and 255 acres. ",2017-07-22T15:00:00Z,6.0,7.0,0.0,45.0,4.0,12.625,4.0,0.6557377049180327
245.0,False,CAL FIRE San Luis Obispo Unit,2.0,4,/incidents/2017/9/20/huasna-fire/,All road closures have been lifted.,38,40,6.0,2.0,11.0,2018-01-09T13:23:00Z,3.0,False,True,Grass,2.0,3.0,35.12269,"Huasna Townsite Rd & Huasna Rd, Huasna",-120.39387,True,Huasna Fire,100.0,151.5,True,"The Huasna Fire started on September 20, 2017 off Huasna Townsite Rd & Huasna Rd, Huasna (San Luis Obispo County).",2017-09-20T13:41:00Z,6.0,7.0,0.0,45.0,4.0,12.625,4.0,0.6557377049180327
237.0,False,CAL FIRE Fresno-Kings Unit,2.0,4,/incidents/2017/9/19/murphy-fire/,All road closures have been lifted.,9,10,6.0,2.0,11.0,2018-01-09T13:23:00Z,3.0,False,True,Grass,2.0,3.0,36.24653,"Hwy 33 & Shell Rd, north of Coalinga",-120.31598,False,Murphy Fire,100.0,151.5,True,"The Murphy Fire started on September 19, 2017 off Hwy 33 & Shell Rd, north of Coalinga (Fresno County).",2017-09-19T19:47:00Z,6.0,7.0,0.0,45.0,4.0,12.625,4.0,0.6557377049180327
236.0,False,CAL FIRE Amador-El Dorado Unit,2.0,4,/incidents/2017/7/30/largo-fire/,All road closures have been lifted.,8,9,6.0,2.0,11.0,2018-01-09T12:14:00Z,3.0,False,True,Grass,2.0,3.0,38.538332,"South Shingle Rd at Michigan Bar Rd, northeast of Rancho Murieta",-121.039267,False,Largo Fire,100.0,151.5,True,"The Largo Fire started om July 30 2017 off South Shingle Rd at Michigan Bar Rd, northeast of Rancho Murieta (El Dorado County) and burned 236 acres.",2017-07-30T01:45:00Z,6.0,7.0,0.0,45.0,4.0,12.625,4.0,0.6557377049180327
231.0,False,CAL FIRE Santa Clara Unit,2.0,4,/incidents/2017/7/8/deer-complex/,All road closures have been lifted.,6,7,6.0,2.0,11.0,2018-01-09T11:48:00Z,3.0,False,True,Grass,2.0,3.0,37.87808,"Deer Valley Road & Marsh Creek Road, west of Brentwood",-121.78677,False,Deer Complex,100.0,151.5,True,"The Deer Fire started on July 8, 2017 off Deer Valley Road & Marsh Creek Road, west of Brentwood (Contra Costa County) and burned 231 acres.",2017-07-08T02:20:00Z,6.0,7.0,0.0,45.0,4.0,12.625,4.0,0.6557377049180327
225.0,False,CAL FIRE Madera-Mariposa-Merced Unit,2.0,4,/incidents/2017/7/2/spring-fire/,"Hwy 49s is open with no escort, the right passing lane, on Spring Hill, is closed and for fire personnel only. Allred Rd. from Hwy 49s to Morningstar Ln. is open to residents only.",20,22,23.0,2.0,41.0,2018-01-09T11:17:00Z,3.0,False,True,Grass,2.0,3.0,37.4591,"off Hwy 49 and Allred Road, south of Mariposa",-119.921,True,Spring Fire,100.0,498.0,True,"The Spring Fire started on July 2, 2017 off Hwy 49 and Allred Road, south of Mariposa in Mariposa County and burned 225 acres.",2017-07-02T13:36:00Z,1.0,0.0,0.0,45.0,6.0,11.857142857142858,4.0,0.20040080160320642
225.0,False,CAL FIRE San Luis Obispo Unit,2.0,4,/incidents/2017/5/18/camp-fire/,All road closures have been lifted.,38,40,6.0,2.0,11.0,2018-01-09T10:03:00Z,3.0,False,True,Grass,2.0,3.0,35.34541,"off of Hwy 1 & Range Rd, northeast of San Luis Obispo ",-120.76464,False,Camp Fire,100.0,151.5,True,"The Camp Fire started on May 18 off of Hwy 1 & Range Rd, northeast of San Luis Obispo in San Luis Obispo County and burned 225 acres. ",2017-05-18T08:48:00Z,6.0,7.0,0.0,45.0,4.0,12.625,4.0,0.6557377049180327
225.0,False,CAL FIRE San Luis Obispo Unit,2.0,4,/incidents/2017/5/15/arrow-fire/,All road closures have been lifted.,38,40,6.0,2.0,11.0,2018-01-09T09:57:00Z,3.0,False,True,Grass,2.0,3.0,35.21177,off of Soda Lake,-119.87525,False,Arrow Fire,100.0,151.5,True,"The Arrow Fire started on May 15, 2017 off of Soda Lake Road, California Valley, (San Luis Obispo County) and burned 225. ",2017-05-15T13:58:00Z,6.0,7.0,0.0,45.0,4.0,12.625,4.0,0.6557377049180327
206.0,False,Kern County Fire Department,2.0,4,/incidents/2017/6/10/bodfish-fire/,All road closures have been lifted.,13,15,6.0,2.0,11.0,2018-01-09T10:29:00Z,3.0,False,True,Grass,2.0,3.0,35.59804,5 miles south of Lake Isabella,-118.47939,False,Bodfish Fire,100.0,151.5,True,"The Bodfish Fire started on June 10 2017 south of Lake Isabella, Kern County and burned 206 acres.",2017-06-10T12:17:00Z,6.0,7.0,0.0,45.0,4.0,12.625,4.0,0.6557377049180327
205.0,False,CAL FIRE / Riverside County Fire,2.0,4,/incidents/2017/7/4/eagle-fire/,All road closures have been lifted.,32,33,6.0,2.0,11.0,2018-01-09T11:44:00Z,3.0,False,True,Grass,2.0,3.0,33.85323,"Off Tin Mine Rd & La Sierra Ave, near Lake Mathews",-117.48195,False,Eagle Fire,100.0,151.5,True,"The Eagle Fire started on July 4, 2017 off Tin Mine Rd & La Sierra Ave, near Lake Mathews (Riverside County) and burned 205 acres.",2017-07-04T16:55:00Z,6.0,7.0,0.0,45.0,4.0,12.625,4.0,0.6557377049180327
200.0,False,Mendocino National Forest,2.0,4,/incidents/2017/9/12/skeleton-fire/,All road closures have been lifted.,15,17,6.0,2.0,11.0,2018-01-09T13:20:00Z,3.0,False,True,Grass,2.0,3.0,39.44543,"Skeleton Glade, 5 miles east of Lake Pillsbury ",-122.85194,False,Skeleton Fire,100.0,151.5,True,"The Skeleton Fire started on September 12, 2017 in the Skeleton Glade, 5 miles east of Lake Pillsbury, Mendocino National Forest (Lake County) and burned 200 acres. ",2017-09-12T14:36:00Z,6.0,7.0,0.0,45.0,4.0,12.625,4.0,0.6557377049180327
200.0,False,California National Guard,2.0,4,/incidents/2017/8/22/range-fire/,All road closures have been lifted.,0,1,6.0,2.0,11.0,2018-01-09T12:44:00Z,3.0,False,True,Grass,2.0,3.0,37.72543,"Range Road and Cromwell Avenue, Camp Parks Dublin, National Guard Reserve Forces Training Center",-121.90516,False,Range Fire,100.0,151.5,True,"The Range fire started on August 22, 2017 off Range Road and Cromwell Avenue, Camp Parks Dublin, National Guard Reserve Forces Training Center in Alameda County and burned 200 acres.",2017-08-22T14:00:00Z,6.0,7.0,0.0,45.0,4.0,12.625,4.0,0.6557377049180327
200.0,False,CAL FIRE San Diego Unit,2.0,4,/incidents/2017/8/21/eclipse-fire/,All road closures have been lifted in the area of the fire. ,36,37,6.0,2.0,11.0,2018-01-09T12:43:00Z,3.0,False,True,Grass,2.0,3.0,32.65003,"Royal Willie Road and La Posta Road, Community of Campo",-116.42907,True,Eclipse Fire,100.0,151.5,True,"The Eclipse Fire started on August 21, 2017 off Royal Willy Road and La Posta Road, Community of Campo in San Diego County and burned 200 acres.",2017-08-21T14:00:00Z,6.0,7.0,0.0,45.0,4.0,12.625,4.0,0.6557377049180327
200.0,False,CAL FIRE / Riverside County Fire,2.0,4,/incidents/2017/7/31/rose-fire/,All road closures have been lifted.,32,33,6.0,2.0,11.0,2018-01-09T12:15:00Z,3.0,False,True,Grass,2.0,3.0,33.689092,"Off Amorose St, in the community of Lake Elsinore",-117.396404,False,Rose Fire,100.0,151.5,True,"The Rose Fire started on July 31, 2017 off Amorose St, Lake Elsinore (Riverside County) and burned 200 a res.",2017-07-31T14:22:00Z,6.0,7.0,0.0,45.0,4.0,12.625,4.0,0.6557377049180327
194.0,False,CAL FIRE Tehama-Glenn Unit,2.0,4,/incidents/2017/10/26/tehama-fire/,All road closures have been lifted.,52,52,6.0,2.0,11.0,2018-01-09T13:46:00Z,3.0,False,True,Grass,2.0,3.0,40.02261,"North Rim of the Mill Creek drainage, east of Los Molinos",-121.91425,False,Tehama Fire,100.0,151.5,True,"The Tehama Fire started on October 27, 2017 near the North Rim of the Mill Creek drainage, east of Los Molinos (Tehama County). It was contained on October 30, 2017.",2017-10-26T20:00:00Z,6.0,7.0,0.0,45.0,4.0,12.625,4.0,0.6557377049180327
190.0,False,Santa Barbara County,2.0,4,/incidents/2017/5/20/wasioja-fire/,All road closures have been lifted.,40,42,6.0,2.0,11.0,2018-01-09T10:07:00Z,3.0,False,True,Grass,2.0,3.0,34.9465,"Wasioja Road and Hwy 166, east of New Cuyama ",-119.8036,False,Wasioja Fire,100.0,151.5,True,"The Wasioja Fire started on May 20, 2017, off of Wasioja Road and Hwy 166, east of New Cuyama (Santa Barbara County) and burned 190 acres.",2017-05-20T17:54:00Z,6.0,7.0,0.0,45.0,4.0,12.625,4.0,0.6557377049180327
186.0,False,Plumas National Forest,2.0,4,/incidents/2017/8/20/toll-fire/,All road closures have been lifted.,31,32,6.0,2.0,11.0,2018-01-09T12:43:00Z,3.0,False,True,Grass,2.0,3.0,39.9864,"Tollgate Creek and Oakland Camp Road, north of Quincy",-120.89746,False,Toll Fire,100.0,151.5,True,"The Toll Fire started on August 20, 2017 off Tollgate Creek and Oakland Camp Road, north of Quincy, (Plumas County) and burned 186 acres.",2017-08-20T16:26:00Z,6.0,7.0,0.0,45.0,4.0,12.625,4.0,0.6557377049180327
186.0,False,CAL FIRE Fresno Unit / Fresno County Fire,2.0,4,/incidents/2017/6/11/wild-fire/,All road closures have been lifted.,9,10,6.0,2.0,11.0,2018-01-09T10:30:00Z,3.0,False,True,Grass,2.0,3.0,36.704679,"Jensen Ave at Ohio Ave, Mendota",-120.405077,False,Wild Fire,100.0,151.5,True,"The Wild Fire started on June 11, 2017 off of Jensen Ave at Ohio Ave, Mendota (Fresno County) and burned 186 acres.",2017-06-11T10:46:00Z,6.0,7.0,0.0,45.0,4.0,12.625,4.0,0.6557377049180327
184.0,False,Kern County Fire,2.0,4,/incidents/2017/10/15/rolling-fire/,All road closures have been lifted.,13,15,6.0,2.0,11.0,2018-04-03T10:46:00Z,3.0,False,True,Grass,2.0,3.0,35.3091,"Bena Road, east of Bakersfield",-118.701,False,Rolling Fire,100.0,151.5,True,"The Rolling Fire started on October 15, 2017 off Bena Road, east of Bakersfield, Kern County and burned 184 acres.",2017-10-15T17:11:00Z,6.0,7.0,0.0,45.0,4.0,12.625,4.0,0.6557377049180327
183.0,False,Kern County Fire Department,2.0,4,/incidents/2017/10/12/quarry-fire/,All road closures have been lifted.,13,15,6.0,2.0,11.0,2018-01-09T13:36:00Z,3.0,False,True,Grass,2.0,3.0,35.19008,"off Hwy 223, east of Arvin ",-118.76152,False,Quarry Fire,100.0,151.5,True,"The Quarry Fire started on October 12, 2017 off of Hwy 223, east of Arvin in Kern County and burned 183 acres. ",2017-10-12T10:42:00Z,6.0,7.0,0.0,45.0,4.0,12.625,4.0,0.6557377049180327
180.0,False,CAL FIRE Shasta-Trintiy Unit,2.0,4,/incidents/2017/7/18/laverne-fire/,All road closures have been lifted.,43,45,6.0,2.0,11.0,2018-01-09T12:01:00Z,3.0,False,True,Grass,2.0,3.0,40.47106,"off of Laverne Ln & Saddle Trail, 6 miles southeast of Redding",-122.43608,True,Laverne Fire,100.0,151.5,True,"The Laverne Fire started on July 18, 2017, off of Laverne Ln & Saddle Trail, 6 miles southeast of Redding in Shasta County and burned 180 acres.",2017-07-18T12:39:00Z,6.0,5.0,0.0,45.0,4.0,12.625,4.0,0.6557377049180327
170.0,False,Unified Command: CAL FIRE San Bernardino-Inyo-Mono Unit / San Bernardino County Fire,2.0,4,/incidents/2017/7/23/high-fire/,All road closures have been lifted.,35,36,6.0,2.0,11.0,2018-01-09T12:04:00Z,3.0,False,True,Grass,2.0,3.0,34.41204,"off High Rd & Santa Rosa Rd, Lucerne Valley",-117.03031,True,High Fire,100.0,151.5,True,"The High Fire started on July 23, 2017 off of off High Rd & Santa Rosa Rd, Lucerne Valley in San Bernardino County and burned 170 acres. ",2017-07-23T15:53:00Z,6.0,7.0,0.0,45.0,4.0,12.625,4.0,0.6557377049180327
168.0,False,CAL FIRE Riverside Unit,2.0,4,/incidents/2017/8/19/hills-fire/,All road closures have been lifted.,32,33,6.0,2.0,11.0,2018-01-09T12:43:00Z,3.0,False,True,Grass,2.0,3.0,33.87679,"Lambs Canyon Road and Gilman Springs Road, Community of Gilman Springs",-117.00258,False,Hills Fire,100.0,151.5,True,"The Hills Fire started of August 19, 2017 off of Lambs Canyon Road and Gilman Springs Road, Community of Gilman Springs, Riverside County and burned 168 acres.",2017-08-19T16:31:00Z,6.0,7.0,0.0,45.0,4.0,12.625,4.0,0.6557377049180327
168.0,False,USFS - Humboldt-Toiyabe National Forest,2.0,4,/incidents/2017/6/19/evans-fire/,All road closures have been lifted.,44,46,6.0,2.0,11.0,2018-01-09T11:00:00Z,3.0,False,True,Grass,2.0,3.0,39.71101,"Off Highway 395 & Scott Rd, east of Loyalton",-120.02325,False,Evans Fire,100.0,151.5,True,"The Evans Fire started on June 19, 2017 off Highway 395 & Scott Rd, east of Loyalton (Sierra County) and burned 168 acres.",2017-06-19T21:41:00Z,6.0,7.0,0.0,45.0,4.0,12.625,4.0,0.6557377049180327
166.0,False,CAL FIRE / Butte County Fire,2.0,4,/incidents/2017/7/10/honcut-fire/,All road closures have been lifted.,3,4,6.0,2.0,11.0,2018-01-09T11:52:00Z,3.0,False,True,Grass,2.0,3.0,39.37192,"off of Palermo Honcut Hwy, Honcut",-121.53865,False,Honcut Fire,100.0,151.5,True,"The Honcut Fire started on July 10, 2017 off of Palermo Honcut Hwy, Honcut (Butte County) and burned 166 acres.",2017-07-10T14:45:00Z,6.0,7.0,0.0,45.0,4.0,12.625,4.0,0.6557377049180327
157.0,False,CAL FIRE Lassen-Modoc Unit,2.0,4,/incidents/2017/8/26/peg-fire/,All road closures have been lifted.,16,18,6.0,2.0,11.0,2018-01-09T12:44:00Z,3.0,False,True,Grass,2.0,3.0,40.80968,"off Termo Grasshopper Rd., northwest of Ravendale",-120.48641,False,Peg Fire,100.0,151.5,True,"The Peg fire started on August 26, 2017 off Termo Grasshopper Rd., northwest of Ravendale in Lassen County and burned 157 acres.",2017-08-26T12:35:00Z,6.0,7.0,0.0,45.0,4.0,12.625,4.0,0.6557377049180327
157.0,False,CAL FIRE Madera-Mariposa-Merced Unit,2.0,4,/incidents/2017/6/7/26-fire/,All road closures have been lifted.,18,20,6.0,2.0,11.0,2018-01-09T10:28:00Z,3.0,False,True,Grass,2.0,3.0,37.12759,"off of Road 29, north of Ave 26, east of Chowchilla",-120.0193,False,26 Fire,100.0,151.5,True,"The 26 Fire started on June 2017 off of Road 29, north of Ave 26, east of Chowchilla (Madera County) and burned 157 acres.",2017-06-07T21:00:00Z,6.0,7.0,0.0,45.0,4.0,12.625,4.0,0.6557377049180327
155.0,False,Unified Command: Alameda County Fireand CAL FIRE Santa Clara Unit,2.0,4,/incidents/2017/9/19/corral-fire/,All road closures have been lifted.,0,1,6.0,2.0,11.0,2018-04-05T10:48:00Z,3.0,False,True,Grass,2.0,3.0,37.63358,"Off Corral Hollow Road, South of Tracy",-121.49925,False,Corral Fire,100.0,151.5,True,"The Corral Fire started on September 19, 2017 off Corral Hollow Road, South of Tracy (Alameda County).",2017-09-19T14:05:00Z,6.0,7.0,0.0,45.0,4.0,12.625,4.0,0.6557377049180327
155.0,False,CAL FIRE Siskiyou Unit,2.0,4,/incidents/2017/7/29/hill-fire/,All road closures have been lifted.,45,47,6.0,2.0,11.0,2018-01-09T12:12:00Z,3.0,False,True,Grass,2.0,3.0,41.9808,"Lakeview Dr. at Lake Ridge Rd., Pleasant Valley, 3 miles west of Dorris",-121.9741,False,Hill Fire,100.0,151.5,True,"The Hill Fire started July 29 2017 at Lakeview Dr. at Lake Ridge Rd., Pleasant Valley, 3 miles west of Dorris (Siskiyou County) and burned 155 acres.",2017-07-29T16:33:00Z,6.0,7.0,0.0,45.0,4.0,12.625,4.0,0.6557377049180327
153.0,False,CAL FIRE / Riverside County Fire,2.0,4,/incidents/2017/6/18/smiley-fire/,All road closures have been lifted.,32,33,6.0,2.0,11.0,2018-01-09T10:46:00Z,3.0,False,True,Grass,2.0,3.0,33.98639,"Reche Canyon Road near Haugen Drive, north of Moreno Valley",-117.21314,False,Smiley Fire,100.0,151.5,True,"The Smiley Fire started on June 18, 2017 at Reche Canyon Road near Haugen Drive, Moreno Valley, Riverside County and burned 153 acres.",2017-06-18T15:10:00Z,6.0,7.0,0.0,45.0,4.0,12.625,4.0,0.6557377049180327
150.0,False,CAL FIRE/Butte County Fire,2.0,4,/incidents/2017/10/9/honey-fire/,Honey Run Road remains closed in the fire area.,3,4,6.0,2.0,11.0,2018-01-09T13:34:00Z,3.0,False,True,Grass,2.0,3.0,39.74679,"Honey Run Rd & Merlin Ln, southwest of Paradise ",-121.67261,True,Honey Fire,100.0,13.0,True,"The Honey Fire started on October 09, 2017 off Honey Run Rd & Merlin Ln, southwest of Paradise in Butte County. It was contained on October 16, 2017 at 150 acres.",2017-10-09T15:05:00Z,6.0,7.0,0.0,45.0,4.0,1.0833333333333333,4.0,7.142857142857143
150.0,False,CAL FIRE San Luis Obispo unit,2.0,4,/incidents/2017/7/24/olive-fire/,Highway 41 closed,38,40,6.0,2.0,11.0,2018-01-09T12:05:00Z,3.0,False,True,Grass,2.0,3.0,35.7751,Highway 41 Northeast of Highway 46,-120.23656,True,Olive Fire,100.0,151.5,True,The Olive Fire started on July 24 2017 off Highway 41 NE of Highway 46 (San Luis Obispo County) and burned 150 acres.,2017-07-24T14:43:00Z,6.0,7.0,0.0,45.0,4.0,12.625,4.0,0.6557377049180327
150.0,False,CAL FIRE San Luis Obispo Unit,2.0,4,/incidents/2017/6/14/lucy-fire/,All road closures have been lifted.,38,40,6.0,2.0,11.0,2018-01-09T10:33:00Z,3.0,False,True,Grass,2.0,3.0,35.6871,"off of Lucy Brown Rd, south of Hwy 41",-120.3187,False,Lucy Fire,100.0,151.5,True,"The Lucy Fire started on June 14, 2017 off of Lucy Brown Rd, south of Hwy 41 in San Luis Obispo County and burned 150 acres.",2017-06-14T11:44:00Z,6.0,7.0,0.0,45.0,4.0,12.625,4.0,0.6557377049180327
150.0,False,Madera County Fire Department,2.0,4,/incidents/2017/5/17/41-fire/,All road closures have been lifted.,18,20,6.0,2.0,11.0,2018-01-09T10:01:00Z,3.0,False,True,Grass,2.0,3.0,36.90967,"off of Hwy 41 and Ave 11, north of Fresno",-119.79315,False,41 Fire,100.0,151.5,True,"The 41 Fire started on May 17, 1017 off of Hwy 41 and Ave 11, north of Fresno (Madera County) and burned 150 acres.",2017-05-17T15:30:00Z,6.0,7.0,0.0,45.0,4.0,12.625,4.0,0.6557377049180327
150.0,False,USFS - San Bernardino National Forest,2.0,4,/incidents/2017/4/30/tower-fire/,All road closures have been lifted.,35,36,6.0,2.0,11.0,2018-01-09T09:53:00Z,3.0,False,True,Grass,2.0,3.0,34.30104,"Cleghorn Road, east of I-15, north of the community of Devore",-117.45646,False,Tower Fire,100.0,151.5,True,"The Tower Fire started on April 29, 2017 e off Cleghorn rd, east of I-15 north of Devore (San Bernardino County) and burned 150 acres.",2017-04-30T16:03:00Z,6.0,7.0,0.0,45.0,4.0,12.625,4.0,0.6557377049180327
148.0,False,Six Rivers National Forest,2.0,4,/incidents/2017/10/14/river-fire/,All road closures have been lifted.,53,53,6.0,2.0,11.0,2018-01-09T13:36:00Z,3.0,False,True,Grass,2.0,3.0,40.46836,"off of County Line Creek Rd, near the community of Mad River",-123.51619,False,River Fire,100.0,151.5,True,"The River Fire started on October 14, 2017 off of County Line Creek Rd, near the community of Mad River in Trinity County and burned 148 acres. ",2017-10-14T16:00:00Z,6.0,7.0,0.0,45.0,4.0,12.625,4.0,0.6557377049180327
146.0,False,CAL FIRE Mendocino Unit,2.0,4,/incidents/2017/9/19/grape-fire/,All road closures have been lifted.,21,23,6.0,2.0,11.0,2018-01-09T13:22:00Z,3.0,False,True,Grass,2.0,3.0,39.02482,"Off Hwy 101 & Crawford Ranch Rd, Hopland",-123.1362,True,Grape Fire,100.0,151.5,True,"The Grape Fire started on September 19, 2017 off Hwy 101 & Crawford Ranch Rd, Hopland (Mendocino County).",2017-09-19T13:02:00Z,6.0,7.0,0.0,45.0,4.0,12.625,4.0,0.6557377049180327
143.0,False,CAL FIRE / Butte County Fire,2.0,4,/incidents/2017/9/28/soda-fire/,All road closures have been lifted.,3,4,6.0,2.0,11.0,2018-01-09T13:27:00Z,3.0,False,True,Grass,2.0,3.0,40.07613,"Humboldt Rd and Soda Springs Rd, 14 miles NE Forest Ranch",-121.56858,False,Soda Fire,100.0,151.5,True,"The Soda Fire started on September 28, 2017 off Humboldt Rd and Soda Springs Rd, 14 miles NE Forest Ranch in Butte County and burned 143 acres. Contained on October 4, 2017.",2017-09-28T14:46:00Z,6.0,7.0,0.0,45.0,4.0,12.625,4.0,0.6557377049180327
140.0,False,CAL FIRE Amador - El Dorado Unit,2.0,4,/incidents/2017/7/26/ranch-fire/,All road closures have been lifted.,8,9,6.0,2.0,11.0,2018-01-09T12:06:00Z,3.0,False,True,Grass,2.0,3.0,38.559707,"Ranch Camp Rd, Mt. Aukum",-120.70013,True,Ranch Fire,100.0,151.5,True,"The Ranch Fire started July 26 2017 off Ranch Camp Rd, Mt. Aukum (Amador County) and burned 140 acres.",2017-07-26T13:58:00Z,6.0,7.0,0.0,45.0,4.0,12.625,4.0,0.6557377049180327
136.0,False,CAL FIRE Amador-El Dorado Unit,2.0,4,/incidents/2017/9/17/french-fire/,All road closures have been lifted.,8,9,6.0,2.0,11.0,2018-01-09T13:21:00Z,3.0,False,True,Grass,2.0,3.0,38.5758,"off French Creek Rd near Bonnetti Rd, south of the community of Shingle Springs",-120.915,True,French Fire,100.0,151.5,True,"The French Fire started on September 17, 2017 off French Creek Rd near Bonnetti Rd, south of the community of Shingle Springs in El Dorado County. ",2017-09-17T15:18:00Z,6.0,7.0,0.0,45.0,4.0,12.625,4.0,0.6557377049180327
135.0,False,Los Angles County Fire Department,2.0,4,/incidents/2017/7/28/gorman-fire/,All road closures have been lifted.,17,19,6.0,2.0,11.0,2018-01-09T12:07:00Z,3.0,False,True,Grass,2.0,3.0,34.792882,"Gorman School Rd at I-5, Gorman, Los Angeles County",-118.851943,False,Gorman Fire,100.0,151.5,True,"The Gorman Fire started July 28 2017 off Gorman School Rd at I-5, Gorman, Los Angeles County and burned 135 acres.",2017-07-28T15:25:00Z,6.0,7.0,0.0,45.0,4.0,12.625,4.0,0.6557377049180327
135.0,False,CAL FIRE Tulare Unit,2.0,4,/incidents/2017/6/13/king-fire/,There are traffic restrictions through the fire area.,54,54,10.0,2.0,20.0,2018-01-09T10:32:00Z,3.0,False,True,Grass,1.0,2.0,35.8556,"Off of Hot Springs Road, west of the community of California Hot Springs",-118.74542,True,King Fire,100.0,212.0,True,"The King Fire started on June 13, 2017 off of Hot Springs Road, west of the community of California Hot Springs (Tulare County) and burned 135 acres.",2017-06-13T17:00:00Z,6.0,7.0,0.0,45.0,2.0,10.095238095238095,3.0,0.4694835680751174
134.0,False,CAL FIRE / Butte County Fire,2.0,4,/incidents/2017/6/16/skyway-fire/,All road closures have been lifted.,3,4,6.0,2.0,11.0,2018-01-09T10:34:00Z,3.0,False,True,Grass,2.0,3.0,39.69717,"off Skyway and Hwy 99, east of Chico",-121.75417,False,Skyway Fire,100.0,151.5,True,"The Skyway fire started on July 16, 2017 and is burning off Skyway, east of Hwy 99, east of Chico in Butte County and burned 134 acres.",2017-06-16T09:27:00Z,6.0,7.0,0.0,45.0,4.0,12.625,4.0,0.6557377049180327
130.0,False,CAL FIRE Tuolumne-Calaveras Unit,2.0,4,/incidents/2017/10/9/point-fire/,All road closures have been lifted.,4,5,6.0,2.0,11.0,2018-01-09T13:33:00Z,3.0,False,True,Grass,2.0,3.0,38.40234,"Hwy 26 and Higdon Rd., West Point",-120.52953,True,Point Fire,100.0,151.5,True,"The Point fire started on October 9, 2017 off Hwy 26 and Higdon Road, West Point in Calaveras County. The Point Fire is a part of the October 2017 Siege and burned 130 acres.",2017-10-09T01:10:00Z,6.0,4.0,0.0,45.0,4.0,12.625,4.0,0.6557377049180327
130.0,False,CAL FIRE San Diego Unit,2.0,4,/incidents/2017/9/1/border-fire/,All road closures have been lifted.,36,37,10.0,3.0,20.0,2018-01-09T12:50:00Z,3.0,False,True,Grass,2.0,3.0,32.6001,near Hwy 94/Marron Valley Rd in the community of Dulzura.,-116.76997,True,Border Fire,100.0,220.0,True,The Border Fire started September 1 2017 near Hwy 94 and Marron Valley Rd in Dulzura (San Diego County),2017-09-01T04:20:00Z,6.0,7.0,0.0,45.0,7.0,10.476190476190476,5.0,0.45248868778280543
130.0,False,CAL FIRE San Luis Obispo Unit,2.0,4,/incidents/2017/5/2/olive-fire/,All road closures have been lifted.,38,40,6.0,2.0,11.0,2018-01-09T09:54:00Z,3.0,False,True,Grass,2.0,3.0,35.78286,"Off Highway 41, north of Cholame",-120.22647,False,Olive Fire,100.0,151.5,True,"The Olive Fire started on May 2, 2017 off Highway 41, north of Cholame (San Luis Obispo County) and burned 130 acres.",2017-05-02T14:32:00Z,6.0,7.0,0.0,45.0,4.0,12.625,4.0,0.6557377049180327
128.0,False,CAL FIRE Shasta-Trinity Unit,2.0,4,/incidents/2017/7/1/oak-fire/,All road closures have been lifted.,43,45,6.0,2.0,11.0,2018-01-09T11:16:00Z,3.0,False,True,Grass,2.0,3.0,40.69554,"off Oak Run Rd and Pierce Hollow Rd, east of Redding",-122.0122,False,Oak Fire,100.0,151.5,True,"The Oak Fire started on July 01, 2017, off Oak Run Rd and Pierce Hollow Rd, east of Redding and burned 128 acres.",2017-07-01T00:48:00Z,6.0,7.0,0.0,45.0,4.0,12.625,4.0,0.6557377049180327
126.0,False,CAL FIRE Fresno-Kings Unit,2.0,4,/incidents/2017/4/29/tumey-fire/,All road closures have been lifted.,9,10,6.0,2.0,11.0,2018-01-09T09:52:00Z,3.0,False,True,Grass,2.0,3.0,36.5355,"Panoche Rd, 5 miles west of I-5",-120.6585,False,Tumey Fire,100.0,151.5,True,"The Tumey Fire Started on April 29, 2017, off Panoche Rd, 5 miles west of I-5 in Fresno County and burned 126 acres. ",2017-04-29T17:15:00Z,6.0,7.0,0.0,45.0,4.0,12.625,4.0,0.6557377049180327
125.0,False,CAL FIRE Madera-Mariposa-Merced Unit ,2.0,4,/incidents/2017/8/13/coronado-fire/,All road closures have been lifted.,20,22,6.0,2.0,11.0,2018-01-09T12:40:00Z,3.0,False,True,Grass,2.0,3.0,37.62823,Merced Falls Rd and Coronado Rd in Lake McClure,-120.30046,False,Coronado Fire,100.0,151.5,True,"The Coronado Fire started on August 13, 2017, off Merced Falls Rd and Coronado Rd in Lake McClure (Mariposa County) and burned 125 acres. ",2017-08-13T16:23:00Z,6.0,7.0,0.0,45.0,4.0,12.625,4.0,0.6557377049180327
124.0,False,CAL FIRE Tuolumne-Calaveras Unit ,2.0,4,/incidents/2017/7/30/twist-fire/,All road closures have been lifted.,55,55,6.0,2.0,11.0,2018-01-09T12:14:00Z,3.0,False,True,Grass,2.0,3.0,37.90014,"Twist Road south of Algerine Road, Jamestown",-120.36005,False,Twist Fire,100.0,151.5,True,"The Twist Fire Started on July 30 2017 off Twist Road south of Algerine Road, Jamestown (Tuolumne County) and burned 124 acres.",2017-07-30T16:28:00Z,6.0,7.0,0.0,45.0,4.0,12.625,4.0,0.6557377049180327
122.0,False,CAL FIRE/Riverside County Fire,2.0,4,/incidents/2017/8/4/stewart-fire/,All road closures have been lifted.,32,33,6.0,2.0,11.0,2018-01-09T12:19:00Z,3.0,False,True,Grass,2.0,3.0,34.009026,Stewart Rd at Woodson Rd in Moreno Valley,-117.239099,False,Stewart Fire,100.0,151.5,True,"The Stewart Fire started on August 4, 2017 off Stewart Rd and Woodson Rd in Moreno Valley (Riverside County) and burned 122 acres.",2017-08-04T14:25:00Z,6.0,7.0,0.0,45.0,4.0,12.625,4.0,0.6557377049180327
120.0,False,CAL FIRE San Luis Obispo Unit,2.0,4,/incidents/2017/9/3/margarita-fire/,All road closures have been lifted.,38,40,6.0,2.0,11.0,2018-01-09T12:50:00Z,3.0,False,True,Grass,2.0,3.0,35.31886,"Santa Margarita Lake Rd. and W. Pozo Rd., 7 miles SE of Santa Margarita",-120.50886,False,Margarita Fire,100.0,151.5,True,"The Margarita Fire started on September 3 2017 off Santa Margarita Lake Road and West Pozo road, 7 miles SE of Santa Margarita (San Luis Obispo)and burned 120 acres.",2017-09-03T16:59:00Z,6.0,7.0,0.0,45.0,4.0,12.625,4.0,0.6557377049180327
120.0,False,CAL FIRE/Riverside County Fire,2.0,4,/incidents/2017/5/25/lamb-fire/,All road closures have been lifted.,32,33,6.0,2.0,11.0,2018-01-09T10:16:00Z,3.0,False,True,Grass,2.0,3.0,33.88287,"Lamb Canyon & Dump Road, north of Hemet ",-116.99651,False,Lamb Fire,100.0,151.5,True,"The Lamb Fire started on May 25 off of Lambs Canyon & Dump Road, north of Hemet in Riverside County and burned 120 acres.",2017-05-25T14:48:00Z,6.0,7.0,0.0,45.0,4.0,12.625,4.0,0.6557377049180327
117.0,False,CAL FIRE Tuolumne-Calaveras Unit,2.0,4,/incidents/2017/7/17/maria-fire/,All road closures have been lifted.,4,5,6.0,2.0,11.0,2018-01-09T11:58:00Z,3.0,False,True,Grass,2.0,3.0,38.29113,"Jesus Maria Road and Music Gulch Road, Mokelumne Hill ",-120.62177,True,Maria Fire,100.0,151.5,True,"The Maria Fire started on July 17, 2017 off Jesus Maria Road and Music Gulch Road, Mokelumne Hill in Calaveras County burned 117 acres.",2017-07-17T12:55:00Z,6.0,7.0,0.0,45.0,4.0,12.625,4.0,0.6557377049180327
116.0,False,CAL FIRE Santa Clara Unit,2.0,4,/incidents/2017/10/17/fallon-fire/,All road closures have been lifted.,0,1,6.0,2.0,11.0,2018-01-09T13:41:00Z,3.0,False,True,Grass,2.0,3.0,37.7393,off Fallon Road 3 miles East of Dublin ,-121.85663,False,Fallon Fire,100.0,151.5,True,"The Fallon Fire started on October 17, 2017 off Fallon Road 3 miles East of Dublin (Alameda County)",2017-10-17T14:00:00Z,6.0,7.0,0.0,45.0,4.0,12.625,4.0,0.6557377049180327
114.0,False,CAL FIRE Sonoma-Lake-Napa Unit ,2.0,4,/incidents/2017/8/11/canyon-fire/,All road closures have been lifted.,27,28,1.0,2.0,5.0,2018-01-09T12:35:00Z,3.0,False,True,Grass,2.0,3.0,38.49336,Hwy 128 and Sage Canyon Rd near Lake Berryessa,-122.2483,True,Canyon Fire,100.0,55.0,True,"The Canyon Fire started on August 11, 2017, off Sage Canyon Rd and Hwy 128 near Lake Berryessa in Napa County and burned 114 acres. ",2017-08-11T12:57:00Z,6.0,7.0,0.0,45.0,4.0,9.166666666666666,4.0,1.7857142857142858
111.0,False,CAL FIRE / Fresno County Fire,2.0,4,/incidents/2017/8/26/flat-fire/,All road closures have been lifted.,9,10,6.0,2.0,11.0,2018-01-09T12:45:00Z,3.0,False,True,Grass,2.0,3.0,36.93332,"Oak Flat Lane and Sales Creek Rd., 5 miles south of Tollhouse ",-119.43376,False,Flat Fire,100.0,151.5,True,"The Flat fire started on August 26, 2017 off Oak Flat Lane and Sales Creek Rd., south of Tollhouse in Fresno County and burned 111 acres.",2017-08-26T14:31:00Z,6.0,7.0,0.0,45.0,4.0,12.625,4.0,0.6557377049180327
111.0,False,CAL FIRE / Butte County Fire,2.0,4,/incidents/2017/6/22/lone-fire/,All road closures have been lifted.,3,4,6.0,2.0,11.0,2018-01-09T11:01:00Z,3.0,False,True,Grass,2.0,3.0,39.38416,"Lone Tree Rd & Cox Ln, south of Oroville",-121.5786,False,Lone Fire,100.0,151.5,True,"The Lone Fire started on June 22, 2017 off Lone Tree Rd & Cox Ln, south of Oroville (Butte County) and burned 111 acres.",2017-06-22T11:10:00Z,6.0,7.0,0.0,45.0,4.0,12.625,4.0,0.6557377049180327
105.0,False,CAL FIRE San Luis Obispo Unit,2.0,4,/incidents/2017/9/26/poly-fire/,All road closures have been lifted.,38,40,6.0,2.0,11.0,2018-01-09T13:26:00Z,3.0,False,True,Grass,2.0,3.0,35.3024,near Cal Poly,-120.65279,False,Poly Fire,100.0,151.5,True,"The Poly fire started on September 26, 2017 near Cal Poly in San Luis Obispo County.",2017-09-26T15:30:00Z,6.0,7.0,0.0,45.0,4.0,12.625,4.0,0.6557377049180327
105.0,False,CAL FIRE / Riverside County Fire,2.0,4,/incidents/2017/6/15/canyon-fire/,All road closures have been lifted.,32,33,6.0,2.0,11.0,2018-01-09T10:33:00Z,3.0,False,True,Grass,2.0,3.0,33.950382,Banning,-116.884446,False,Canyon Fire,100.0,151.5,True,"The Canyon Fire started on July 15, 2017 near Banning in Riverside County and burned 105 acres.
",2017-06-15T11:36:00Z,6.0,7.0,0.0,45.0,4.0,12.625,4.0,0.6557377049180327
103.0,False,Unified Command: CAL FIRE/Butte County and Chico Fire Department,2.0,4,/incidents/2017/7/19/humboldt-fire/,All road closures have been lifted.,3,4,6.0,2.0,11.0,2018-04-12T14:52:00Z,3.0,False,True,Grass,2.0,3.0,39.76243,"Humboldt Rd & Hwy 32, 2 miles east of Chico ",-121.74121,False,Humboldt Fire,100.0,151.5,True,"The Humboldt Fire started on July 19, 2017 off of Humboldt Rd & Hwy 32, 2 miles east of Chico in Butte County and burned 103 acres. ",2017-07-19T16:02:00Z,6.0,7.0,0.0,45.0,4.0,12.625,4.0,0.6557377049180327
102.0,False,CAL FIRE Fresno-Kings Unit,2.0,4,/incidents/2017/8/30/coalinga-fire/,All road closures have been lifted.,9,10,6.0,2.0,11.0,2018-01-09T12:48:00Z,3.0,False,True,Grass,2.0,3.0,36.36113,"Mendota Road and Interstate 5, 12 miles north of Coalinga",-120.32685,False,Coalinga Fire,100.0,151.5,True,"The Coalinga Fire started August 30 2017 off Mendota Road and Interstate 5, 12 miles north of Coalinga (Fresno County) and burned 102 acres.",2017-08-30T16:51:00Z,6.0,7.0,0.0,45.0,4.0,12.625,4.0,0.6557377049180327
101.0,False,San Jose Fire Department,2.0,4,/incidents/2017/7/11/lariat-fire/,All road closures have been lifted.,41,43,6.0,2.0,11.0,2018-01-09T11:53:00Z,3.0,False,True,Grass,2.0,3.0,37.39801,"Lariat Lane and Claitor Way, 6 miles northeast of San Jose",-121.8179,False,Lariat Fire,100.0,151.5,True,"The Lariat Fire started on July 11, 2017 at Lariat Lane and Claitor Way, 6 miles northeast of San Jose in Santa Clara County and burned 101 acres.",2017-07-11T16:51:00Z,6.0,7.0,0.0,45.0,4.0,12.625,4.0,0.6557377049180327
100.0,False,CAL FIRE San Diego Unit,2.0,4,/incidents/2017/10/21/church-fire/,All road closures have been lifted.,36,37,6.0,2.0,11.0,2018-01-09T13:41:00Z,3.0,False,True,Grass,2.0,3.0,32.64962,"off Highway 94 and Church Rd, Campo Indian Reservation ",-116.37345,False,Church Fire,100.0,151.5,True,"The Church Fire started on October 21, 2017 off Highway 94 and Church Rd, Campo Indian Reservation (San Diego County). It was contained on October 23, 2017.",2017-10-21T13:04:00Z,6.0,7.0,0.0,45.0,4.0,12.625,4.0,0.6557377049180327
100.0,False,CAL FIRE Sonoma-Lake-Napa Unit,2.0,4,/incidents/2017/10/14/oakmont-fire-central-lnu-complex/,All road closures have been lifted.,47,49,6.0,2.0,11.0,2018-04-05T12:01:00Z,3.0,False,True,Grass,2.0,3.0,38.46123,east side of Highway 12 near the Oakmont community,-122.58152,True,Oakmont Fire (Central LNU Complex),100.0,151.5,True,"The Oakmont Fire started October 14, 2017 off the east side of Highway 12 near the Oakmont community.",2017-10-14T20:35:00Z,6.0,7.0,0.0,45.0,4.0,12.625,4.0,0.6557377049180327
100.0,False,CAL FIRE Sonoma Lake Napa Unit,2.0,4,/incidents/2017/10/14/long-fire/,All road closures have been lifted.,15,17,6.0,2.0,11.0,2018-01-09T13:38:00Z,3.0,False,True,Grass,2.0,3.0,39.0199,"off Hwy 20 & Long Valley Rd, 5 miles east of Clearlake Oaks",-122.57487,False,Long Fire,100.0,151.5,True,"The Long Fire started on October 14, 2017 off Hwy 20 & Long Valley Rd, 5 miles east of Clearlake Oaks. It was contained on October 16, 2017.",2017-10-14T05:00:00Z,6.0,7.0,0.0,45.0,4.0,12.625,4.0,0.6557377049180327
100.0,False,CAL FIRE Sonoma-Lake-Napa Unit,2.0,4,/incidents/2017/10/2/timm-fire/,All road closures have been lifted.,46,48,6.0,2.0,11.0,2018-01-09T13:29:00Z,3.0,False,True,Grass,2.0,3.0,38.43658,"Timm Rd and Peaceful Glen Rd, 5 miles north of Vacaville ",-121.97233,False,Timm Fire,100.0,151.5,True,"The Timm Fire started on October 2, 2017 off Timm Rd and Peaceful Glen Rd, 5 miles north of Vacaville in Solano County and burned 100 acres.   ",2017-10-02T09:37:00Z,6.0,7.0,0.0,45.0,4.0,12.625,4.0,0.6557377049180327
100.0,False,CAL FIRE Santa Clara Unit/Gilroy Fire Dept,2.0,4,/incidents/2017/9/3/bally-fire/,All road closures have been lifted.,41,43,6.0,2.0,11.0,2018-01-09T12:50:00Z,3.0,False,True,Grass,2.0,3.0,36.99092,"Ballybunion Ct, Gilroy",-121.59899,False,Bally Fire,100.0,151.5,True,"The Bally Fire on September 3 2017 off Ballybunion Court, Gilroy (Santa Clara County) and burned 100 acres.",2017-09-03T19:17:00Z,6.0,7.0,0.0,45.0,4.0,12.625,4.0,0.6557377049180327
100.0,False,CAL FIRE Fresno-Kings Unit,2.0,4,/incidents/2017/9/3/parkfield-fire/,All road closures have been lifted.,9,10,6.0,2.0,11.0,2018-01-09T12:51:00Z,3.0,False,True,Grass,2.0,3.0,36.09486,"Hwy 198 and Mineral Springs Rd., 9 miles west of Coalinga",-120.52189,False,Parkfield Fire,100.0,151.5,True,"The Parkfield Fire started September Hwy 198 and Mineral Springs Rd., 9 miles west of Coalinga (Fresno County) and burned 100 acres.",2017-09-03T09:23:00Z,6.0,7.0,0.0,45.0,4.0,12.625,4.0,0.6557377049180327
100.0,False,CAL FIRE Santa Clara Unit,2.0,4,/incidents/2017/8/11/tilton-fire/,All road closures have been lifted.,41,43,6.0,2.0,11.0,2018-01-09T12:39:00Z,3.0,False,True,Grass,2.0,3.0,37.14653,Hale Ave and Tilton Ave in Morgan Hill,-121.68165,False,Tilton Fire,100.0,151.5,True,"The Tilton Fire started on August 11, 2017, off Tilton Ave and Hale Ave in Morgan Hill (Santa Clara County) and burned 100 acres. ",2017-08-11T14:55:00Z,6.0,7.0,0.0,45.0,4.0,12.625,4.0,0.6557377049180327
100.0,False,San Bernardino National Forest,2.0,4,/incidents/2017/7/31/mile-fire/,All road closures have been lifted.,35,36,6.0,2.0,11.0,2018-01-09T12:16:00Z,3.0,False,True,Grass,2.0,3.0,34.19076,"Hwy 18 x Old Waterman Canyon Rd., 1 mile south of Crestline",-117.26969,False,Mile Fire,100.0,151.5,True,"The Mile Fire started July 31 2017 off Hwy 18 and Old Waterman Canyon Rd., 1 mile south of Crestline (San Bernardino County) and burned 100 acres.",2017-07-31T14:44:00Z,6.0,7.0,0.0,45.0,4.0,12.625,4.0,0.6557377049180327
99.0,False,CAL FIRE San Bernardino Unit,2.0,4,/incidents/2017/11/29/oak-fire/,All road closures have been lifted.,35,36,6.0,2.0,11.0,2018-01-09T13:46:00Z,3.0,False,True,Grass,2.0,3.0,34.035344,"Off Oak Glen Rd and Pine Bench Rd, east of Oak Glen",-116.940661,False,Oak Fire,100.0,151.5,True,"The Oak fire started on November 29, 2017 off of Oak Glen Rd and Pine Bench Rd, east of Oak Glen (San Bernardino County)",2017-11-29T12:19:00Z,6.0,7.0,0.0,45.0,4.0,12.625,4.0,0.6557377049180327
92.0,False,CAL FIRE/Riverside County Fire/San Bernardino National Forest ,2.0,4,/incidents/2017/8/7/reed-fire/,All road closures have been lifted.,32,33,6.0,2.0,11.0,2018-01-09T12:23:00Z,3.0,False,True,Grass,2.0,3.0,33.57139,Reed Valley Rd. and Forest Route 7S04 in Aguanga,-116.8247,True,Reed Fire,100.0,151.5,True,"The Reed Fire started on August 7, 2017, off Reed Valley Road and Forest Route 7S04 in Aguanga (Riverside County) and burned 92 acres.",2017-08-07T14:14:00Z,6.0,7.0,0.0,45.0,4.0,12.625,4.0,0.6557377049180327
91.0,False,CAL FIRE/Fresno County Fire,2.0,4,/incidents/2017/7/5/auberry-fire/,All road closures have been lifted.,9,10,6.0,2.0,11.0,2018-01-09T11:45:00Z,3.0,False,True,Grass,2.0,3.0,36.95104,"off Auberry Rd, north of Clovis",-119.65621,True,Auberry Fire,100.0,151.5,True,"The Auberry Fire started on July 5th, 2017 off Auberry Rd. north of Clovis (Fresno County) and burned 91 acres.",2017-07-05T15:40:00Z,6.0,5.0,0.0,45.0,4.0,12.625,4.0,0.6557377049180327
91.0,False,CAL FIRE/Butte County Fire,2.0,4,/incidents/2017/6/6/wilbur-fire/,All road closures have been lifted.,3,4,6.0,2.0,11.0,2018-01-09T10:27:00Z,3.0,False,True,Grass,2.0,3.0,39.52499,"Wilbur rd, north of Oroville Dam blvd    ",-121.64897,False,Wilbur Fire,100.0,151.5,True,"The Wilbur Fire started on June 6, 2017 off of Wilbur Road, North of Oroville Dam Blvd (Butte County) and burned 91 acres.",2017-06-06T12:43:00Z,6.0,7.0,0.0,45.0,4.0,12.625,4.0,0.6557377049180327
90.0,False, CAL FIRE Madera-Mariposa-Merced Unit,2.0,4,/incidents/2017/7/7/daulton-fire/,All road closures have been lifted.,18,20,6.0,2.0,11.0,2018-01-09T11:46:00Z,3.0,False,True,Grass,2.0,3.0,37.09773,"Road 29 and Ave 24, near Daulton",-120.02027,False,Daulton Fire,100.0,151.5,True,"The Daulton Fire started on July 7, 2017, off Road 29 and Ave 24, near Daulton (Madera County) and burned 90 acres.",2017-07-07T10:00:00Z,6.0,7.0,0.0,45.0,4.0,12.625,4.0,0.6557377049180327
87.0,False,CAL FIRE Sonoma-Lake-Napa Unit,2.0,4,/incidents/2017/10/6/ridge-fire/,All road closures have been lifted.,15,17,6.0,2.0,11.0,2018-01-09T13:29:00Z,3.0,False,True,Grass,2.0,3.0,39.15016,"Bartlett Springs, community of Clearlake",-122.576,True,Ridge Fire,100.0,151.5,True,"The Ridge Fire started on October 6, 2017 off Ladoga Stoneyford Rd, west of Indian Valley Reservoir in Lake County. ",2017-10-06T14:38:00Z,6.0,7.0,0.0,45.0,4.0,12.625,4.0,0.6557377049180327
86.0,False,Ventura County Fire,2.0,4,/incidents/2017/10/24/vista-fire/,All road closures have been lifted.,56,56,6.0,2.0,11.0,2018-01-09T13:45:00Z,3.0,False,True,Grass,2.0,3.0,34.34949,off Hwy 33 & Casitas Vista Rd,-119.30918,False,Vista Fire,100.0,151.5,True,"The Vista Fire started on October 24, 2017 off Hwy 33 & Casitas Vista Rd (Ventura County). It was contained on October 26, 2017.",2017-10-24T14:44:00Z,6.0,7.0,0.0,45.0,4.0,12.625,4.0,0.6557377049180327
85.0,False,CAL FIRE/Riverside County Fire Department,2.0,4,/incidents/2017/8/31/marlborough-fire/,All road closures have been lifted.,32,33,6.0,2.0,11.0,2018-01-09T12:49:00Z,3.0,False,True,Grass,2.0,3.0,117.337331,Marlborough ave and Northgate street,34.015742,False,Marlborough Fire,100.0,151.5,True,The Marlborough Fire started on August 31 2017 off Marlborough ave and Northgate street (RiverSide County),2017-08-31T10:13:00Z,6.0,7.0,0.0,45.0,4.0,12.625,4.0,0.6557377049180327
85.0,False,CAL FIRE Humboldt-Del Norte Unit,2.0,4,/incidents/2017/8/3/saw-fire/,All road closures have been lifted.,11,12,6.0,2.0,11.0,2018-01-09T12:17:00Z,3.0,False,True,Grass,2.0,3.0,40.11794,"Off Alderpoint Rd & Lower Sawmill Rd, east of Garberville",-123.76099,False,Saw Fire,100.0,151.5,True,"The Saw Fire started on August 3, 2017 off Alderpoint Rd & Lower Sawmill Rd, east of Garberville (Humboldt County) and burned 85 acres.",2017-08-03T11:58:00Z,6.0,7.0,0.0,45.0,4.0,12.625,4.0,0.6557377049180327
85.0,False,USFS - San Bernardino National Forest,2.0,4,/incidents/2017/7/22/dollar-fire/,All road closures have been lifted.,35,36,6.0,2.0,11.0,2018-01-09T12:03:00Z,3.0,False,True,Grass,2.0,3.0,34.20152,"off Hwy 330 & Old City Creek Rd, southwest of Running Springs",-117.14466,False,Dollar Fire,100.0,151.5,True,"The Dollar Fire started on July 22, 2017 off Hwy 330 & Old City Creek Rd, southwest of Running Springs on the San Bernardino National Forest and burned 85 acres.",2017-07-22T13:35:00Z,6.0,7.0,0.0,45.0,4.0,12.625,4.0,0.6557377049180327
85.0,False,CAL FIRE Santa Clara Unit,2.0,4,/incidents/2017/6/29/ranch-fire/,All road closures have been lifted.,41,43,6.0,2.0,11.0,2018-01-09T11:11:00Z,3.0,False,True,Grass,2.0,3.0,37.3344,"Off Grant Road, Mt. Hamilton, east of San Jose",-121.71752,False,Ranch Fire,100.0,151.5,True,"The Ranch Fire started on June 29th 2017, off grant road near Mt. Hamilton east of San Jose in Santa Clara County and burned 85 acres.",2017-06-29T13:56:00Z,6.0,7.0,0.0,45.0,4.0,12.625,4.0,0.6557377049180327
82.0,False,CAL FIRE San Benito-Monterey,2.0,4,/incidents/2017/8/7/country-fire/,All road closures have been lifted.,26,27,6.0,2.0,11.0,2018-01-09T12:27:00Z,3.0,False,True,Grass,2.0,3.0,35.86596,Portuguese Canyon Rd. at Cross Country Rd. southeast of Bradley,-120.64584,False,Country Fire,100.0,151.5,True,"The Country Fire started on August 7, 2017, off Portuguese Canyon Road and Cross Country Road near Bradley (Monterey County) and burned 82 acres.",2017-08-07T18:08:00Z,6.0,7.0,0.0,45.0,4.0,12.625,4.0,0.6557377049180327
81.0,False,Camp Pendleton - Cleveland National Forest,2.0,4,/incidents/2017/10/13/loma-fire/,All road closures have been lifted.,36,37,6.0,2.0,11.0,2018-01-09T13:38:00Z,3.0,False,True,Grass,2.0,3.0,33.38613,"Loma Range 217, Camp Pendleton",-117.46709,False,Loma Fire,100.0,151.5,True,"The Loma Fire started on October 13, 2017 near Loma Range 217 on Camp Pendleton in San Diego County and burned 81 acres. It was contained on November 14, 2017. ",2017-10-13T15:40:00Z,6.0,7.0,0.0,45.0,4.0,12.625,4.0,0.6557377049180327
80.0,False,Bureau of Indian Affairs,2.0,4,/incidents/2017/12/28/holiday-fire/,All road closures have been lifted.,8,9,6.0,2.0,11.0,2018-01-09T13:49:00Z,3.0,False,True,Grass,2.0,3.0,38.869036,"off Hwy 395, south of Gardnerville in Nevada",-119.61865,False,Holiday Fire,100.0,151.5,True,"The Holiday Fire started December 28, 2017 off Highway 395, south of Gardnerville in Nevada (Douglas County) and burned 80 acres. It was contained on December 30, 2017. ",2017-12-28T20:51:00Z,6.0,7.0,0.0,45.0,4.0,12.625,4.0,0.6557377049180327
79.0,False,Plumas National Forest,2.0,4,/incidents/2017/9/3/mills-file/,All road closures have been lifted.,31,32,6.0,2.0,11.0,2018-01-09T13:18:00Z,3.0,False,True,Grass,2.0,3.0,40.13278,"Hwy 89, ¼ mile north of Crescent Mills",-120.9204,False,Mills File,100.0,151.5,True,The Mills Fire started September 3rd 2017 off Highway 89 ¼ mile northCrescent Mills (Plumas County) and burned 79 acres.,2017-09-03T20:32:00Z,6.0,7.0,0.0,45.0,4.0,12.625,4.0,0.6557377049180327
79.0,False,CAL FIRE Tulare Unit,2.0,4,/incidents/2017/5/31/fountain-fire/,All road closures have been lifted.,54,54,6.0,2.0,11.0,2018-01-09T10:23:00Z,3.0,False,True,Grass,2.0,3.0,35.89423,"off Avenue 56 & Road 256, 2 miles east of Ducor",-119.00334,False,Fountain Fire ,100.0,151.5,True,"The Fountain Fire started on May 31, 2017 off Avenue 56 & Road 256, 2 miles east of Ducor in Tulare County and burned 769 acres. ",2017-05-31T11:30:00Z,6.0,7.0,0.0,45.0,4.0,12.625,4.0,0.6557377049180327
78.0,False,CAL FIRE Santa Clara Unit,2.0,4,/incidents/2017/7/23/castro-fire/,All road closures have been lifted.,41,43,6.0,2.0,11.0,2018-01-09T12:04:00Z,3.0,False,True,Grass,2.0,3.0,36.96607,"off Castro Valley Rd. &  Hwy 101,  southwest of Gilroy",-121.55552,False,Castro Fire,100.0,151.5,True,"The Castro Fire started on July 23, 2017 off of off Castro Valley Rd. &  Hwy 101,  southwest of Gilroy in Santa Clara County and burned 78 acres. ",2017-07-23T16:07:00Z,6.0,7.0,0.0,45.0,4.0,12.625,4.0,0.6557377049180327
78.0,False,CAL FIRE Tehama-Glenn Unit,2.0,4,/incidents/2017/6/4/spring-fire/,All road closures have been lifted.,52,52,6.0,2.0,11.0,2018-01-09T10:25:00Z,3.0,False,True,Grass,2.0,3.0,40.38944,"off of Spring Branch Rd, 7 miles east of Cottonwood",-122.13088,False,Spring Fire ,100.0,151.5,True,"The Spring Fire started on June 4, 2017 off of Spring Branch Rd, 7 miles east of Cottonwood 7 miles east of Cottonwood in Tehama County and burned 78 acres. ",2017-06-04T16:22:00Z,6.0,7.0,0.0,45.0,4.0,12.625,4.0,0.6557377049180327
76.0,False,CAL FIRE Nevada-Yuba-Placer Unit,2.0,4,/incidents/2017/10/9/mccourtney-fire-wind-complex/,All road closures have been lifted.,28,29,6.0,2.0,11.0,2018-02-09T09:52:00Z,3.0,False,True,Grass,2.0,3.0,39.19325,"McCourtney Rd and Hwy 20, Grass Valley",-121.08406,True,McCourtney Fire (Wind Complex),100.0,151.5,True,"The McCourtney Fire started on October 09, 2017 off Cascade Way and Marysville Rd, north of Collins Lake in Nevada County. The McCourtney Fire is a part of the Wind Complex and October 2017 Fire Siege. The McCourtney Fire burned 76 acres.  ",2017-10-09T00:00:00Z,2.0,13.0,0.0,45.0,4.0,12.625,4.0,0.6557377049180327
76.0,False,CALFIRE/Fresno County Fire,2.0,4,/incidents/2017/6/11/tivy-fire/,All road closures have been lifted.,9,10,6.0,2.0,11.0,2018-01-09T10:31:00Z,3.0,False,True,Grass,2.0,3.0,36.8005,near Tivy Mountain,-119.35901,False,Tivy Fire,100.0,151.5,True,"The Tivy Fire started on June 11, 2017 near Tivy Mountain in Fresno County and burned 76 acres.",2017-06-11T22:45:00Z,6.0,7.0,0.0,45.0,4.0,12.625,4.0,0.6557377049180327
74.0,False,CAL FIRE San Luis Obispo Unit,2.0,4,/incidents/2017/9/26/linne-fire/,All road closures have been lifted.,38,40,6.0,2.0,11.0,2018-01-09T13:26:00Z,3.0,False,True,Grass,2.0,3.0,35.5956,"Linne Rd x Geneseo Rd, east of Paso Robles",-120.56068,False,Linne Fire,100.0,151.5,True,"The Linne Fire, San Luis Obispo, Paso Robles, September 26, 2017",2017-09-26T16:45:00Z,6.0,7.0,0.0,45.0,4.0,12.625,4.0,0.6557377049180327
74.0,False,CAL FIRE Amador-El Dorado Unit,2.0,4,/incidents/2017/7/8/axel-fire/,none,8,9,2.0,2.0,5.0,2018-01-09T11:50:00Z,3.0,False,True,Grass,2.0,3.0,38.7803,"Axel Ct & Barrister Ct, Rescue",-120.97111,True,Axel Fire,100.0,151.5,True,"The Axel Fire started on July 8, 2017 off Axel Ct & Barrister Ct, Rescue (El Dorado County) and burned 74 acres.",2017-07-08T16:38:00Z,6.0,7.0,0.0,45.0,1.0,25.25,4.0,0.6557377049180327
74.0,False,Unified Command -  CAL FIRE San Bernardino Unit / Redlands Fire Department,2.0,4,/incidents/2017/7/7/bryant-fire/,All road closures have been lifted.,35,36,6.0,2.0,11.0,2018-01-09T11:47:00Z,3.0,False,True,Grass,2.0,3.0,34.07612,"Hwy 38, west of Bryant St.",-117.06765,False,Bryant Fire,100.0,151.5,True,The Bryant Fire started July 7 2017 off Hwy 38 west of Bryant St. (San Bernardino County) and burned 74 acres.,2017-07-07T15:45:00Z,6.0,7.0,0.0,45.0,4.0,12.625,4.0,0.6557377049180327
73.0,False,CAL FIRE San Luis Obispo Unit,2.0,4,/incidents/2017/10/13/lynch-fire/,All road closures have been lifted.,38,40,6.0,2.0,11.0,2018-01-09T13:37:00Z,3.0,False,True,Grass,2.0,3.0,35.78616,"Lynch Canyon Road and Interlake Road, north of Lake Nacimiento",-120.96514,False,Lynch Fire,100.0,151.5,True,"The Lynch Fire started on October 13, 2017, Lynch Canyon Road and Interlake Road, north of Lake Nacimiento (San Luis Obispo) and burned 73 acres.",2017-10-13T12:14:00Z,6.0,7.0,0.0,45.0,4.0,12.625,4.0,0.6557377049180327
72.0,False,CAL FIRE/Riverside County Fire,2.0,4,/incidents/2017/7/18/ellis-fire/,All road closures have been lifted.,32,33,6.0,2.0,11.0,2018-01-09T12:01:00Z,3.0,False,True,Grass,2.0,3.0,33.75526,"off of Mc Pherson Road, Perris",-117.25075,False,Ellis Fire,100.0,151.5,True,"The Ellis Fire started on July 18, 201 off of Mc Pherson Rd in Perris in Riverside County and burned 72 acres. ",2017-07-18T15:34:00Z,6.0,7.0,0.0,45.0,4.0,12.625,4.0,0.6557377049180327
70.0,False,CAL FIRE San Luis Obispo Unit,2.0,4,/incidents/2017/8/2/camatta-fire/,All road closures have been lifted.,38,40,6.0,2.0,11.0,2018-01-09T12:17:00Z,3.0,False,True,Grass,2.0,3.0,35.4403,"Hwy 58 near Camatta Creek Rd, east of Santa Margarita",-120.2913,False,Camatta Fire,100.0,151.5,True,"The Camatta Fire started on August 2, 2017 off Hwy 58 near Camatta Creek Rd, east of Santa Margarita (San Luis Obispo County) and burned 70 acres.",2017-08-02T10:33:00Z,6.0,7.0,0.0,45.0,4.0,12.625,4.0,0.6557377049180327
70.0,False,CAL FIRE Sonoma-Lake-Napa Unit,2.0,4,/incidents/2017/7/17/sand-fire/,All road closures have been lifted.,5,6,4.0,4.0,10.0,2018-01-09T11:58:00Z,3.0,False,True,Grass,2.0,3.0,39.01224,"Sand Creek Rd, west of Arbuckle",-122.20127,True,Sand Fire,100.0,76.0,True,"The Sand Fire started on July 17, 2017  off San Creek Rd, west of Arbuckle in Colusa County and burned 70 acres. ",2017-07-17T13:17:00Z,6.0,7.0,0.0,45.0,3.0,6.909090909090909,6.0,1.2987012987012987
70.0,False,CAL FIRE Santa Clara Unit,2.0,4,/incidents/2017/7/10/felipe-fire/,All road closures have been lifted.,41,43,6.0,2.0,11.0,2018-01-09T11:52:00Z,3.0,False,True,Grass,2.0,3.0,37.25014,"San Felipe Road and Metcalf Road, 8 miles northeast of Morgan Hill",-121.68562,False,Felipe Fire,100.0,151.5,True,"The Felipe fire started on July 10, 2017 off Felipe Road and Metcalf Road, northeast of Morgan Hill in Santa Clara County and burned 70 acres.",2017-07-10T15:54:00Z,6.0,7.0,0.0,45.0,4.0,12.625,4.0,0.6557377049180327
70.0,False,CAL FIRE Fresno-Kings Unit,2.0,4,/incidents/2017/5/19/manning-fire/,All road closures have been lifted.,9,10,6.0,2.0,11.0,2018-01-09T10:05:00Z,3.0,False,True,Grass,2.0,3.0,36.60736,"Interstate 5 and Manning Avenue, north of Coalinga",-120.5828,False,Manning Fire,100.0,151.5,True,"The Manning Fire started on May 19, 2017 off of Interstate 5 and Manning Avenue, north of Coalinga (Fresno County) and burned 70 acres.",2017-05-19T23:28:00Z,6.0,7.0,0.0,45.0,4.0,12.625,4.0,0.6557377049180327
69.0,False,CAL FIRE / Fresno County Fire,2.0,4,/incidents/2017/8/27/hill-fire/,All road closures have been lifted.,9,10,6.0,2.0,11.0,2018-01-09T12:46:00Z,3.0,False,True,Grass,2.0,3.0,36.7279,Hwy 180 from Hills Valley to Ruth Hill,-119.28241,False,Hill Fire,100.0,151.5,True,"The Hill fire started on August 27, 2017 of Hwy 180 in Fresno County and burned 69 acres.",2017-08-27T18:47:00Z,6.0,7.0,0.0,45.0,4.0,12.625,4.0,0.6557377049180327
68.0,False,CAL FIRE Amador-El Dorado Unit,2.0,4,/incidents/2017/6/1/clay-fire/,All road closures have been lifted.,33,34,6.0,2.0,11.0,2018-01-09T10:22:00Z,3.0,False,True,Grass,2.0,3.0,38.33707,"off Clay East Rd, east of Herald",-121.11113,False,Clay Fire,100.0,151.5,True,"The Clay Fire started on June 1, 2017 off of Clay East Road near Herald in Sacramento County and burned 68 acres. ",2017-06-01T15:38:00Z,6.0,7.0,0.0,45.0,4.0,12.625,4.0,0.6557377049180327
67.0,False,CAL FIRE Lassen-Modoc Unit,2.0,4,/incidents/2017/6/4/river-fire/,All road closures have been lifted.,16,18,6.0,2.0,11.0,2018-01-09T10:26:00Z,3.0,False,True,Grass,2.0,3.0,40.03392,"east of Hwy 395, Doyle",-120.1064,False,River Fire,100.0,151.5,True,"The River Fire started on June 4, 2017 east of Hwy 395, Doyle in Lassen County and burned 67 acres.. ",2017-06-04T16:12:00Z,6.0,7.0,0.0,45.0,4.0,12.625,4.0,0.6557377049180327
65.0,False,CAL FIRE Tuolumne-Calaveras Unit,2.0,4,/incidents/2017/6/21/orange-fire/,All road closures have been lifted.,48,50,6.0,2.0,11.0,2018-01-09T10:59:00Z,3.0,False,True,Grass,2.0,3.0,37.82934,"Off Sonora Rd & Orange Blossom Rd, east of Oakdale",-120.68992,False,Orange Fire,100.0,151.5,True,"The Orange Fire started on June 21, 2017 off Sonora Rd & Orange Blossom Rd, east of Oakdale (Stanislaus County) and burned 65 acres.",2017-06-21T14:45:00Z,6.0,7.0,0.0,45.0,4.0,12.625,4.0,0.6557377049180327
63.0,False,Riverside County Fire Department,2.0,4,/incidents/2017/7/28/placentia-fire/,All road closures have been lifted.,32,33,6.0,2.0,11.0,2018-01-09T12:07:00Z,3.0,False,True,Grass,2.0,3.0,33.81976,"Placentia Ave. at Eureka St, Nuevo",-117.18552,False,Placentia Fire,100.0,151.5,True,"the Placentia Fire started on July 28 2017 near Placentia Ave. at Eureka St, Nuevo (Riverside County) and burned 63 acres.",2017-07-28T18:11:00Z,6.0,7.0,0.0,45.0,4.0,12.625,4.0,0.6557377049180327
63.0,False,CAL FIRE Madera-Mariposa-Merced Unit,2.0,4,/incidents/2017/6/15/westfall-fire/,All road closures have been lifted.,20,22,6.0,2.0,11.0,2018-01-09T10:33:00Z,3.0,False,True,Grass,2.0,3.0,37.36914,west of  Westfall Road and north of Whiterock Road,-120.0088,False,Westfall Fire,100.0,151.5,True,"The Westfall fire started on June 15, 2017 west of W. Westfall Road and north of Whiterock Road in Mariposa County and burned 63 acres.",2017-06-15T07:30:00Z,6.0,7.0,0.0,45.0,4.0,12.625,4.0,0.6557377049180327
62.0,False,CAL FIRE San Diego Unit,2.0,4,/incidents/2017/8/26/montezuma-fire/,All road closures have been lifted.,36,37,6.0,2.0,11.0,2018-01-09T12:44:00Z,3.0,False,True,Grass,2.0,3.0,33.20988,"Montezuma Valley Rd., near the Community of Borrego Springs.",-116.46989,False,Montezuma Fire,100.0,151.5,True,"The Montezuma fire started on August 26, 2017 off Montezuma Valley Rd., near the Community of Borrego Springs in San Diego County and burned 62 acres.",2017-08-26T11:30:00Z,6.0,7.0,0.0,45.0,4.0,12.625,4.0,0.6557377049180327
62.0,False,CAL FIRE Sonoma-Lake-Napa Unit,2.0,4,/incidents/2017/8/8/bottle-fire/,All road closures have been lifted.,15,17,6.0,2.0,11.0,2018-01-09T12:28:00Z,3.0,False,True,Grass,2.0,3.0,38.94599,Bottle Rock Rd and Highway 29 in Kelseyville,-122.81135,True,Bottle Fire,100.0,151.5,True,"The Bottle Fire started August 8, 2017, off Bottle Rock Road and Highway 29 in Kelseyville (Lake County) and burned 62 acres.",2017-08-08T16:40:00Z,6.0,7.0,0.0,45.0,4.0,12.625,4.0,0.6557377049180327
62.0,False,CAL FIRE Tuolumne-Calaveras Unit,2.0,4,/incidents/2017/7/8/lake-fire/,All road closures have been lifted.,48,50,6.0,2.0,11.0,2018-01-09T11:48:00Z,3.0,False,True,Grass,2.0,3.0,37.64898,Off Hwy 132 & Lake Rd,-120.4925,False,Lake Fire,100.0,151.5,True,"The Lake Fire started on July 8, 2017 off Hwy 132 & Lake Rd (Stanislaus County) and burned 62 acres.",2017-07-08T11:00:00Z,6.0,7.0,0.0,45.0,4.0,12.625,4.0,0.6557377049180327
60.0,False,CAL FIRE Tehama-Glenn Unit,2.0,4,/incidents/2017/6/18/bolla-fire/,All road closures have been lifted.,52,52,6.0,2.0,11.0,2018-01-09T10:35:00Z,3.0,False,True,Grass,2.0,3.0,40.32063,"Hwy 36 West, off Tedoc Roadd, west of Platina",-122.83208,False,Bolla Fire,100.0,151.5,True,"The Bolla fire started on June 18, 2017 off Hwy 36 West, off Tedoc Roadd, west of Platina in Tehama County and burned 60 acres.",2017-06-18T07:15:00Z,6.0,7.0,0.0,45.0,4.0,12.625,4.0,0.6557377049180327
59.0,False,CAL FIRE Tulare Unit,2.0,4,/incidents/2017/7/17/fox-fire/,All road closures have been lifted.,54,54,6.0,2.0,11.0,2018-01-09T11:59:00Z,3.0,False,True,Grass,2.0,3.0,36.18815,"off Balch Park Rd & Bear Creek Dr, 4 miles north of Springville ",-118.78928,False,Fox Fire,100.0,151.5,True,"The Fox fire started on July 17, 2017 off Balch Park Rd & Bear Creek Dr, 4 miles north of Springville (Tulare County) and burned 59 acres.",2017-07-17T15:32:00Z,6.0,7.0,0.0,45.0,4.0,12.625,4.0,0.6557377049180327
59.0,False,CAL FIRE Tuolumne-Calaveras Unit,2.0,4,/incidents/2017/7/12/quail-fire/,All road closures have been lifted.,4,5,6.0,2.0,11.0,2018-01-09T11:53:00Z,3.0,False,True,Grass,2.0,3.0,38.18303,Quail Oaks Rd. and Oak Hill Dr. near Valley Springs ,-120.85322,True,Quail Fire,100.0,151.5,True,"The Quail Fire started on July 12, 2017 off Quail Oaks Rd. and Oak Hill Dr. near Valley Springs (Calaveras County) and burned 59 acres.",2017-07-12T13:10:00Z,6.0,7.0,0.0,45.0,4.0,12.625,4.0,0.6557377049180327
58.0,False,CAL FIRE Fresno-Kings Unit,2.0,4,/incidents/2017/10/11/silver-fire/,All road closures lifted.,9,10,6.0,2.0,11.0,2018-01-09T13:36:00Z,3.0,False,True,Grass,2.0,3.0,36.7528,"Elwood Road and Silver Lane, northwest of Squaw Valley",-119.2288,True,Silver Fire,100.0,151.5,True,"The Silver Fire started on October 11, 2017 off of Elwood Road and Silver Lane, northwest of Squaw Valley (Fresno County) and burned 58 acres.",2017-10-11T15:59:00Z,6.0,3.0,0.0,45.0,4.0,12.625,4.0,0.6557377049180327
58.0,False,USFS - Mendocino National Forest,2.0,4,/incidents/2017/9/12/slides-fire/,All road closures have been lifted.,15,17,6.0,2.0,11.0,2018-01-09T13:20:00Z,3.0,False,True,Grass,2.0,3.0,39.42604,"Elk Mountain Rd, west of Lake Pillsbury",-123.03344,False,Slides Fire,100.0,151.5,True,"The Slides Fire started on September 12, 2017 off Elk Mountain Rd, west of Lake Pillsbury on the Mendocino National Forest in Lake County. ",2017-09-12T16:08:00Z,6.0,7.0,0.0,45.0,4.0,12.625,4.0,0.6557377049180327
58.0,False,CAL FIRE Tulare Unit,2.0,4,/incidents/2017/7/18/hogback-fire/,All road closures have been lifted.,54,54,6.0,2.0,11.0,2018-01-09T12:01:00Z,3.0,False,True,Grass,2.0,3.0,36.64404,"off of Hogback Rd and Whitaker Forest Dr, Badger",-118.99944,False,Hogback Fire,100.0,151.5,True,"The Hogback Fire started on July 17, 2017 off Hogback Rd and Whitaker Forest Dr, Badger in Tulare County and burned 58 acres. ",2017-07-18T15:50:00Z,6.0,7.0,0.0,45.0,4.0,12.625,4.0,0.6557377049180327
58.0,False,CAL FIRE San Luis Obispo Unit,2.0,4,/incidents/2017/7/7/tower-fire/,All road closures have been lifted.,38,40,6.0,2.0,11.0,2018-01-09T11:48:00Z,3.0,False,True,Grass,2.0,3.0,35.346,"off northbound Hwy 101, near the Cuesta Grade",-120.62825,False,Tower Fire,100.0,151.5,True,"The Tower Fire started on July 7, 2017 off northbound Hwy 101 near the Cuesta Grade (San Luis Obispo County) and burned 58 acres.",2017-07-07T16:23:00Z,6.0,7.0,0.0,45.0,4.0,12.625,4.0,0.6557377049180327
57.0,False,CAL FIRE Tehama-Glenn Unit,2.0,4,/incidents/2017/7/28/live-fire/,All road closures have been lifted.,52,52,6.0,2.0,11.0,2018-01-09T12:07:00Z,3.0,False,True,Grass,2.0,3.0,40.1583,"Live Oak Road, Community of Ridgway, west of Red Bluff",-122.3209,False,Live Fire,100.0,151.5,True,"The Live Fire started on July 28, 2017 off Live Oak Road, in the community of Ridgway, west of Red Bluff (Tehama County) and burned 57 acres.",2017-07-28T13:24:00Z,6.0,7.0,0.0,45.0,4.0,12.625,4.0,0.6557377049180327
57.0,False,CAL FIRE / Fresno County Fire,2.0,4,/incidents/2017/7/4/freedom-fire/,All road closures have been lifted.,9,10,6.0,2.0,11.0,2018-01-09T11:43:00Z,3.0,False,True,Grass,2.0,3.0,36.81476,"Ashland and Riverbend Ave, Sanger City",-119.51592,False,Freedom Fire,100.0,151.5,True,"The Freedom Fire started on July 4, 2017 near Ashland and Riverbend Ave, Sanger City (Fresno County) and burned 57 acres.",2017-07-04T13:21:00Z,6.0,7.0,0.0,45.0,4.0,12.625,4.0,0.6557377049180327
56.0,False,CAL FIRE Siskiyou Unit,2.0,4,/incidents/2017/6/18/bogus-fire/,All road closures have been lifted.,45,47,6.0,2.0,11.0,2018-01-09T10:59:00Z,3.0,False,True,Grass,2.0,3.0,41.93006,Ager Beswick Rd. and Crest Ln. south of Copco Lake,-122.36545,False,Bogus Fire,100.0,151.5,True,"The Bogus Fire started on June 18, 2017 near Ager Beswick Road and Crest Lane, south of Copco Lake in Siskiyou County and burned 56 acres.",2017-06-18T15:45:00Z,6.0,7.0,0.0,45.0,4.0,12.625,4.0,0.6557377049180327
55.0,False,CAL FIRE Sonoma-Lake-Napa Unit,2.0,4,/incidents/2017/9/23/estate-fire/,All road closures have been lifted.,46,48,6.0,2.0,11.0,2018-01-09T13:23:00Z,3.0,False,True,Grass,2.0,3.0,38.4446,"Estate Rd & John Wayne Rd, north of Vacaville",-122.0041,True,Estate Fire,100.0,151.5,True,"The Estate Fire started on September 23, 2017 off Estate Rd & John Wayne Rd, north of Vacaville (Solano County)",2017-09-23T11:05:00Z,1.0,2.0,0.0,45.0,4.0,12.625,4.0,0.6557377049180327
55.0,False,CAL FIRE Siskiyou Unit,2.0,4,/incidents/2017/8/29/owens-fire/,All road closures have been lifted.,45,47,6.0,2.0,11.0,2018-01-09T12:47:00Z,3.0,False,True,Grass,2.0,3.0,41.99483,"off of Owens Rd and Hwy 97, northeast of Dorris ",-121.90077,False,Owens Fire,100.0,151.5,True,"The Owens Fire started on August 29, 2017 off Owens Rd and Hwy 97, northeast of Dorris (Siskiyou County) and burned 55 acres.",2017-08-29T15:39:00Z,6.0,7.0,0.0,45.0,4.0,12.625,4.0,0.6557377049180327
55.0,False,Los Angeles County Fire Department,2.0,4,/incidents/2017/6/29/topanga-fire/,All road closures have been lifted.,17,19,6.0,2.0,11.0,2018-01-09T11:11:00Z,3.0,False,True,Grass,2.0,3.0,34.03941,Off Topanga Canyon & Pacific Coast Hwy in Malibu,-118.58624,False,Topanga Fire,100.0,151.5,True,"The Topanga Fire started on June 29, 2017 off Topanga Canyon & Pacific Coast Hwy in Malibu (Los Angeles County) and burned 55 acres.",2017-06-29T15:09:00Z,6.0,7.0,0.0,45.0,4.0,12.625,4.0,0.6557377049180327
54.0,False,Shasta-Trinity National Forest ,2.0,4,/incidents/2017/8/28/bradley-fire/,All road closures have been lifted.,45,47,6.0,2.0,11.0,2018-01-09T12:46:00Z,3.0,False,True,Grass,2.0,3.0,41.222,West of Dunsmuir,-122.292,False,Bradley Fire,100.0,151.5,True,"The Bradley Fire started on August 28, 2017, west of Dunsmuir (Siskiyou County). ",2017-08-28T22:00:00Z,6.0,7.0,0.0,45.0,4.0,12.625,4.0,0.6557377049180327
54.0,False,Shasta-Trinity National Forest,2.0,4,/incidents/2017/8/28/bradley-fire/,All road closures have been lifted.,45,47,6.0,2.0,11.0,2018-01-09T12:46:00Z,3.0,False,True,Grass,2.0,3.0,41.222,"Bradley Ridge, City of Dunsmuir ",-122.27499,False,Bradley Fire,100.0,151.5,True,"The Bradley Fire started on August 28, 2017 at Bradley Ridge, City of Dunsmuir (Siskiyou County) and burned 54 acres.",2017-08-28T21:38:00Z,6.0,7.0,0.0,45.0,4.0,12.625,4.0,0.6557377049180327
54.0,False,CAL FIRE Santa Clara Unit,2.0,4,/incidents/2017/6/21/quimby-fire/,All road closures have been lifted.,41,43,6.0,2.0,11.0,2018-01-09T11:00:00Z,3.0,False,True,Grass,2.0,3.0,37.33454,"Off Quimby Rd, west of Grant Ranch Park, East San Jose",-121.76323,False,Quimby Fire,100.0,151.5,True,"The Quimby Fire started on June 21, 2017 off Quimby Rd, west of Grant Ranch Park, East San Jose (Santa Clara County) and burned 54 acres.",2017-06-21T18:02:00Z,6.0,7.0,0.0,45.0,4.0,12.625,4.0,0.6557377049180327
51.0,False,CAL FIRE Santa Clara Unit,2.0,4,/incidents/2017/7/26/weller-fire/,All road closures have been lifted.,41,43,6.0,2.0,11.0,2018-01-09T12:07:00Z,3.0,False,True,Grass,2.0,3.0,37.44485,"Weller Rd and Calaveras Rd, 3 miles east of Milpitas",-121.84108,False,Weller Fire,100.0,151.5,True,"The Weller Fire started on July 26 2017 off Weller Rd and Calaveras Rd, 3 miles east of Milpitas (Santa Clara County) and burned 51 acres.",2017-07-26T23:19:00Z,6.0,7.0,0.0,45.0,4.0,12.625,4.0,0.6557377049180327
50.0,False,Kern County Fire ,2.0,4,/incidents/2017/10/26/tank-fire/,All road closures have been lifted.,13,15,6.0,2.0,11.0,2018-01-09T13:45:00Z,3.0,False,True,Grass,2.0,3.0,35.21556,"Hwy 58 and Keene Ranch Rd, community of Keene",-118.56578,False,Tank Fire,100.0,151.5,True,"The Tank Fire started on October 26, 2017 off Hwy 58 and Keene Ranch Road in the community of Keene (Kern County). It was contained on October 28, 2017.",2017-10-26T11:55:00Z,6.0,7.0,0.0,45.0,4.0,12.625,4.0,0.6557377049180327
50.0,False,CAL FIRE/Riverside County Fire,2.0,4,/incidents/2017/10/23/extension-fire/,All road closures have been lifted.,32,33,6.0,2.0,11.0,2018-01-09T13:42:00Z,3.0,False,True,Grass,2.0,3.0,33.8826,"Lambs Canyon Road & Gilman Springs Road, Gilman Springs",-117.00589,False,Extension Fire,100.0,151.5,True,"The Extension Fire started October 23, 2017 off Lambs Canyon Road & Gilman Springs Road, Gilman Springs and burned 50 acres. ",2017-10-23T10:31:00Z,6.0,7.0,0.0,45.0,4.0,12.625,4.0,0.6557377049180327
50.0,False,Angeles National Forest,2.0,4,/incidents/2017/10/17/wilson-fire/,All road closures have been lifted.,17,19,6.0,2.0,11.0,2018-01-09T13:40:00Z,3.0,False,True,Grass,2.0,3.0,34.22551,off Mount Wilson Circle near the Mount Wilson Observatory ,-118.05545,False,Wilson Fire,100.0,151.5,True,"The Wilson Fire started October 17, 2017 off Mount Wilson Circle near the Mount Wilson Observatory and burned 50 acres. ",2017-10-17T03:43:00Z,6.0,7.0,0.0,45.0,4.0,12.625,4.0,0.6557377049180327
50.0,False,CAL FIRE San Mateo-Santa Cruz Unit ,2.0,4,/incidents/2017/9/11/skeggs-fire/,All road closures have been lifted.,39,41,4.0,2.0,5.0,2018-01-09T13:20:00Z,3.0,False,True,Grass,2.0,3.0,37.41591,"Skyline Rd and Skeggs Point, 3 miles west of Woodside",-122.3001,True,Skeggs Fire,100.0,85.0,True,"The Skeggs Fire started on September 11, 2017 off of Skyline Rd and Skeggs Point, 3 miles west of Woodside in San Mateo County and burned 50 acres. ",2017-09-11T19:41:00Z,6.0,7.0,0.0,45.0,4.0,14.166666666666666,4.0,1.1627906976744187
50.0,False,Kern County Fire Department / Sequoia National Forest,2.0,4,/incidents/2017/8/5/calgary-fire/,All road closures have been lifted.,13,15,6.0,2.0,11.0,2018-01-09T12:19:00Z,3.0,False,True,Grass,2.0,3.0,35.70639,"Old State Rd & Dollar Rd, Wofford Heights",-118.47307,False,Calgary Fire,100.0,151.5,True,"The Calgary Fire started on August 5, 2017 off Old State Rd & Dollar Rd, Wofford Heights (Kern County) and burned 50 acres. ",2017-08-05T13:16:00Z,6.0,7.0,0.0,45.0,4.0,12.625,4.0,0.6557377049180327
50.0,False,Santa Barbara County Fire,2.0,4,/incidents/2017/7/17/mesa-fire/,All road closures have been lifted.,40,42,6.0,2.0,11.0,2018-01-09T11:59:00Z,3.0,False,True,Grass,2.0,3.0,34.72379,"Zaca Station Road and Foxen Canyon Road, north of Los Olivos",-120.13249,False,Mesa Fire,100.0,151.5,True,"The Mesa Fire started on July 17, 2017 off of Zaca Station Road and Foxen Canyon Road, 4 miles north of Los Olivos (Santa Barbara County) and burned 50 acres.",2017-07-17T14:55:00Z,6.0,7.0,0.0,45.0,4.0,12.625,4.0,0.6557377049180327
50.0,False,CAL FIRE Nevada-Yuba-Placer Unit,2.0,4,/incidents/2017/7/8/west-fire/,All road closures have been lifted.,58,58,6.0,2.0,11.0,2018-01-09T11:50:00Z,3.0,False,True,Grass,2.0,3.0,39.06308,"Camp Far West Rd & Wichita Way, east of Olivehurst",-121.303,False,West Fire,100.0,151.5,True,"The West Fire started on July 8, 2017 off Camp Far West Rd & Wichita Way, east of Olivehurst (Yuba County) and burned 50 acres.",2017-07-08T16:47:00Z,6.0,7.0,0.0,45.0,4.0,12.625,4.0,0.6557377049180327
50.0,False,Ventura County Fire Department,2.0,4,/incidents/2017/7/4/grade-fire/,All road closures have been lifted.,56,56,6.0,2.0,11.0,2018-01-09T11:43:00Z,3.0,False,True,Grass,2.0,3.0,34.20599,"off Hwy 101 & Camarillo Springs Rd, Camarillo Springs",-118.98603,False,Grade Fire,100.0,151.5,True,"The Grade Fire started on July 4, 2017 off Hwy 101 & Camarillo Springs Rd, Camarillo Springs (Ventura County) and burned 50 acres.",2017-07-04T14:45:00Z,6.0,7.0,0.0,45.0,4.0,12.625,4.0,0.6557377049180327
50.0,False,CAL FIRE/Riverside County Fire Department,2.0,4,/incidents/2017/7/3/lago-fire/,All road closures have been lifted.,32,33,6.0,2.0,11.0,2018-01-09T11:41:00Z,3.0,False,True,Grass,2.0,3.0,33.87739,"Lake Perris State Recreation Area, Moreno Valley (Riverside County)",-117.16215,False,Lago Fire,100.0,151.5,True,"The Lago Fire started on July 3, 2017 at Lake Perris State Recreation Area, Moreno Valley (Riverside County) and burned 50 acres.",2017-07-03T15:14:00Z,6.0,7.0,0.0,45.0,4.0,12.625,4.0,0.6557377049180327
50.0,False,MCI Camp Pendleton,2.0,4,/incidents/2017/6/13/douglas-fire/,All road closures have been lifted.,36,37,6.0,2.0,11.0,2018-01-09T10:32:00Z,3.0,False,True,Grass,2.0,3.0,33.23281,"Hwy. 76 & College Blvd., Oceanside, Camp Pendleton",-117.29509,False,Douglas Fire,100.0,151.5,True,"The Douglas Fire started on June 13, 2017 off Hwy. 76 & College Blvd., Oceanside, on Camp Pendleton In San Diego County and burned 50 acres.",2017-06-13T14:31:00Z,6.0,7.0,0.0,45.0,4.0,12.625,4.0,0.6557377049180327
48.0,False,CAL FIRE Madera-Mariposa-Merced Unit,2.0,4,/incidents/2017/9/20/power-fire/,All road closures have been lifted.,18,20,6.0,2.0,11.0,2018-01-09T13:23:00Z,3.0,False,True,Grass,2.0,3.0,36.94652,"off Arburua Road and I-5, southwest of Los Banos",-120.90462,False,Power Fire,100.0,151.5,True,"The Power fire started on September 20, 2017 off Arburua Road and I-5, southwest of Los Banos in Madera County.",2017-09-20T21:07:00Z,6.0,7.0,0.0,45.0,4.0,12.625,4.0,0.6557377049180327
48.0,False,CAL FIRE Riverside Unit,2.0,4,/incidents/2017/5/28/serenas-fire/,All road closures have been lifted.,32,33,6.0,2.0,11.0,2018-01-09T10:21:00Z,3.0,False,True,Grass,2.0,3.0,33.58577,off Avenue 64 and Las Serenas Street,-116.07429,False,Serenas Fire,100.0,151.5,True,"The Serenas Fire started on May 28, 2017 off Avenue 64 near Las Serenas Street in Riverside County and burned 48 acres.",2017-05-28T15:27:00Z,6.0,7.0,0.0,45.0,4.0,12.625,4.0,0.6557377049180327
47.0,False,CAL FIRE San Benito-Monterey Unit,2.0,4,/incidents/2017/11/25/bitterwater-fire/,All road closures have been lifted.,34,35,6.0,2.0,11.0,2018-01-09T13:46:00Z,3.0,False,True,Grass,2.0,3.0,36.38109,Airline Hwy and Bitterwater Road,-121.00391,False,Bitterwater Fire,100.0,151.5,True,"The Bitterwater fire started on November 25, 2017 off Airline Hwy and Bitterwater Road, San Benito County and burned 47 acres.",2017-11-25T16:46:00Z,6.0,7.0,0.0,45.0,4.0,12.625,4.0,0.6557377049180327
47.0,False,CAL FIRE San Luis Obispo Unit,2.0,4,/incidents/2017/7/20/zenon-fire/,All road closures have been lifted.,38,40,6.0,2.0,11.0,2018-01-09T12:03:00Z,3.0,False,True,Grass,2.0,3.0,35.06472,"off Zenon Way, Nipomo ",-120.5634,False,Zenon Fire,100.0,151.5,True,"The Zenon Fire started on July 20, 2017 off Zenon Way, Nipomo in San Luis Obispo County and burned 47 acres. ",2017-07-20T14:43:00Z,6.0,7.0,0.0,45.0,4.0,12.625,4.0,0.6557377049180327
46.0,False,CAL FIRE / USFS - Cleveland National Forest,2.0,4,/incidents/2017/8/27/canyon-fire/,All road closures have been lifted.,32,33,6.0,2.0,11.0,2018-01-09T12:45:00Z,3.0,False,True,Grass,2.0,3.0,33.6444,"Highway 74 and South Main Divide, 2 miles southwest of Lake Elsinore",-117.3968,False,Canyon Fire,100.0,151.5,True,"The Canyon fire started on August 27, 2017 off Highway 74 and South Main Divide, 2 miles southwest of Lake Elsinore in Riverside County and burned 46 acres.",2017-08-27T14:51:00Z,6.0,7.0,0.0,45.0,4.0,12.625,4.0,0.6557377049180327
46.0,False,San Bernardino National Forest,2.0,4,/incidents/2017/7/12/hidden-fire/,All road closures have been lifted.,35,36,6.0,2.0,11.0,2018-01-09T11:54:00Z,3.0,False,True,Grass,2.0,3.0,34.149,"Hwy 330, 1 mile north of Highland ",-117.189,False,Hidden Fire,100.0,151.5,True,"The Hidden Fire started on July 12, 2017 off Hwy 330, 1 mile north of Highland (San Bernardino County) and burned 46 acres.",2017-07-12T15:29:00Z,6.0,7.0,0.0,45.0,4.0,12.625,4.0,0.6557377049180327
46.0,False,CAL FIRE Siskiyou Unit,2.0,4,/incidents/2017/6/6/whitepine-fire/,All road closures have been lifted.,45,47,6.0,2.0,11.0,2018-01-09T10:27:00Z,3.0,False,True,Grass,2.0,3.0,41.8721,"Whitepine Road and Blue Heron Place, 10 miles east of Hornbrook ",-122.4571,True,Whitepine Fire,100.0,151.5,True,"The whitepine Fire started on June 6, 2017 off of Whitepine Road and Blue Heron Place, 10 miles east of Hornbrook (Siskiyou County) and burned 46 acres.",2017-06-06T16:38:00Z,6.0,7.0,0.0,45.0,4.0,12.625,4.0,0.6557377049180327
45.0,False,City of Riverside Fire Department,2.0,4,/incidents/2017/12/21/riverbottom-fire/,All road closures have been lifted.,32,33,6.0,2.0,11.0,2018-01-09T13:49:00Z,3.0,False,True,Grass,2.0,3.0,33.9885,"Mission Inn Ave. and Redwood Dr., Riverside",-117.38417,False,Riverbottom Fire,100.0,151.5,True,"The Riverbottom Fire started on December 21, 2017 near Mission Inn Ave. and Redwood Dr.,  City of Riverside in Riverside County and burned 45 acres.",2017-12-21T11:16:00Z,6.0,7.0,0.0,45.0,4.0,12.625,4.0,0.6557377049180327
45.0,False,Los Padres National Forest,2.0,4,/incidents/2017/10/9/pozo-fire/,All road closures have been lifted.,38,40,6.0,2.0,11.0,2018-01-09T13:34:00Z,3.0,False,True,Grass,2.0,3.0,35.28738,near 3055  West Pozo Rd,-120.44448,False,Pozo Fire,100.0,151.5,True,"The Pozo Fire started on Monday, October 9, 2017 near West Pozo Road in Santa Margarita, San Luis Obispo County.",2017-10-09T14:30:00Z,6.0,7.0,0.0,45.0,4.0,12.625,4.0,0.6557377049180327
45.0,False,CAL FIRE Shasta-Trintiy Unit,2.0,4,/incidents/2017/4/3/grace-fire/,All road closures have been lifted.,43,45,6.0,2.0,11.0,2018-01-09T09:41:00Z,3.0,False,True,Grass,2.0,3.0,40.48712,"Grace Resort Rd and Bluebush Way, 2 miles SE of the Community of Shingletown",-121.85645,False,Grace Fire,100.0,151.5,True,"The Grace Fire started on April 3, 2017 off Grace Resort Rd and Bluebush Way, 2 miles SE of the Community of Shingletown in Shasta County and burned 45 acres.",2017-04-03T16:00:00Z,6.0,7.0,0.0,45.0,4.0,12.625,4.0,0.6557377049180327
44.0,False,CAL FIRE Santa Clara Unit,2.0,4,/incidents/2017/8/27/mines-fire/,All road closures have been lifted.,0,1,6.0,2.0,11.0,2018-01-09T12:45:00Z,3.0,False,True,Grass,2.0,3.0,37.56181,"Mines Road and Crane Ridge Road, 8 miles S of Livermore",-121.56425,False,Mines Fire,100.0,151.5,True,"The Mines Fire started on August 27, 2017 off Mines Road and Crane Ridge Road, 8 miles south of Livermore in Alameda County and burned 44 acres.",2017-08-27T17:45:00Z,6.0,7.0,0.0,45.0,4.0,12.625,4.0,0.6557377049180327
43.0,False,CAL FIRE Tehama-Glenn Unit ,2.0,4,/incidents/2017/11/2/roser-fire/,All road closures have been lifted.,52,52,6.0,2.0,11.0,2018-01-09T13:46:00Z,3.0,False,True,Grass,2.0,3.0,39.81517,"Roser Rd & Sour Grass Rd, 6 miles NW of Orland",-122.28165,False,Roser Fire,100.0,151.5,True,"The Roser Fire started November 2, 2017 near Roser Rd & Sour Grass Rd, 6 miles NW of Orland (Tehama County) and burned 43 acres. ",2017-11-02T14:40:00Z,6.0,7.0,0.0,45.0,4.0,12.625,4.0,0.6557377049180327
43.0,False,CAL FIRE San Benito-Monterey Unit,2.0,4,/incidents/2017/9/11/pine-fire/,All road closures have been lifted.,26,27,6.0,2.0,11.0,2018-01-09T13:19:00Z,3.0,False,True,Grass,2.0,3.0,36.17297,"off of Hwy 198 and Pine Valley, east of San Lucas",-120.87609,False,Pine Fire,100.0,151.5,True,"The Pine fire started on September 11, 2017 off of HWY 198 and Pine Valley (Monterey County) and burned 43 acres.",2017-09-11T15:11:00Z,6.0,7.0,0.0,45.0,4.0,12.625,4.0,0.6557377049180327
42.0,False,CAL FIRE San Benito-Monterey Unit,2.0,4,/incidents/2017/6/29/lockwood-fire/,All road closures have been lifted.,26,27,6.0,2.0,11.0,2018-01-09T11:11:00Z,3.0,False,True,Grass,2.0,3.0,35.96275,off San Lucas Rd and Martinez Rd,-121.08753,False,Lockwood Fire,100.0,151.5,True,"The Lockwood Fire started on June 29, 2017 off San Lucas Rd and Martinez Rd in the town of Lockwood in Monterey County and burned 42 acres.",2017-06-29T20:44:00Z,6.0,7.0,0.0,45.0,4.0,12.625,4.0,0.6557377049180327
42.0,False,CAL FIRE Tehama-Glenn Unit,2.0,4,/incidents/2017/6/24/paskenta-fire/,All road closures have been lifted.,52,52,6.0,2.0,11.0,2018-01-09T11:07:00Z,3.0,False,True,Grass,2.0,3.0,40.10282,"Off Paskenta Rd, west of Red Bluff",-122.27379,False,Paskenta Fire,100.0,151.5,True,"The Paskenta Fire started on June 24, 2017 off Paskenta Rd, west of Red Bluff (Tehama County) and burned 42 acres.",2017-06-24T11:15:00Z,6.0,7.0,0.0,45.0,4.0,12.625,4.0,0.6557377049180327
42.0,False,CAL FIRE Lassen-Modoc Unit,2.0,4,/incidents/2017/6/3/jones-fire/,All road closures have been lifted.,24,25,6.0,2.0,11.0,2018-01-09T10:24:00Z,3.0,False,True,Grass,2.0,3.0,41.38247,"Off Hwy 395, south of Alturas",-120.53443,False,Jones Fire,100.0,151.5,True,"The Jones Fire started on June 3, 2017 off Hwy 395, south of Alturas (Modoc County) and burned 42 acres.",2017-06-03T13:09:00Z,6.0,7.0,0.0,45.0,4.0,12.625,4.0,0.6557377049180327
41.0,False,Rogue-River-Siskiyou National Forest,2.0,4,/incidents/2017/8/13/ward-fire/,All road closures have been lifted.,45,47,6.0,2.0,11.0,2018-01-09T12:38:00Z,3.0,False,True,Grass,2.0,3.0,41.99279,Wards Fork south of Donomore Meadows near the Oregon border.,-122.9401,False,Ward Fire,100.0,151.5,True,"The Ward Fire started on August 13, 2017, in Wards Fork near Donomore in Siskiyou County and burned 41 acres. ",2017-08-13T12:41:00Z,6.0,7.0,0.0,45.0,4.0,12.625,4.0,0.6557377049180327
41.0,False,Los Angeles County Fire Department,2.0,4,/incidents/2017/6/29/stokes-fire/,All road closures have been lifted.,17,19,6.0,2.0,11.0,2018-01-09T11:11:00Z,3.0,False,True,Grass,2.0,3.0,34.10446,Stokes Rd. and Mulholland Dr in Calabasas ,-118.70294,False,Stokes Fire,100.0,151.5,True,"The Stokes Fire started on June 29, 2017 off Stokes Rd. and Mulholland Dr. in Calabasas Los Angeles County and burned 41 acres.
",2017-06-29T15:45:00Z,6.0,7.0,0.0,45.0,4.0,12.625,4.0,0.6557377049180327
41.0,False,Kern County Fire,2.0,4,/incidents/2017/5/14/feed-fire/,All road closures have been lifted.,13,15,6.0,2.0,11.0,2018-01-09T09:57:00Z,3.0,False,True,Grass,2.0,3.0,35.05076,"Sabastian Rd and Wheeler, southeast of Arvin ",-118.90004,False,Feed Fire,100.0,151.5,True,"The Feed Fire started on May 14, 2017 off Sabastian Rd and Wheeler, southeast of Arvin in Kern County and burned 41 acres.",2017-05-14T14:00:00Z,6.0,7.0,0.0,45.0,4.0,12.625,4.0,0.6557377049180327
40.0,False,CAL FIRE/Riverside County Fire and Riverside City Fire Department ,2.0,4,/incidents/2017/12/4/riverdale-fire/,All road closures have been lifted.,32,33,6.0,2.0,11.0,2018-01-09T13:47:00Z,3.0,False,True,Grass,2.0,3.0,33.96514," Riverdale Place and Lakeview Ave, Santa Ana Riverbed ",-117.4764,False,Riverdale Fire,100.0,151.5,True,"The Riverdale Fire started on December 4, 2017 off Riverdale Place and Lakeview Ave, Santa Ana Riverbed (Riverside County). #RiverdaleFire",2017-12-04T12:26:00Z,6.0,7.0,0.0,45.0,4.0,12.625,4.0,0.6557377049180327
40.0,False,CAL FIRE / Riverside County Fire,2.0,4,/incidents/2017/11/14/palm-fire/,All road closures have been lifted.,32,33,6.0,2.0,11.0,2018-01-09T13:46:00Z,3.0,False,True,Grass,2.0,3.0,33.90327,"Off Palm Dr & 20th Ave, Desert Hot Springs",-116.50151,False,Palm Fire,100.0,151.5,True,"The Palm Fire started on November 14, 2017 off Palm Dr & 20th Ave, Desert Hot Springs (Riverside County).",2017-11-14T16:11:00Z,6.0,7.0,0.0,45.0,4.0,12.625,4.0,0.6557377049180327
40.0,False,San Bernardino County Fire and Rancho Cucamonga Fire District,2.0,4,/incidents/2017/10/24/freeway-fire/,All road closures have been lifted.,35,36,6.0,2.0,11.0,2018-01-09T13:45:00Z,3.0,False,True,Grass,2.0,3.0,34.13534,"Interstate 15 and Interstate 210, Rancho Cucamonga",-117.4982,False,Freeway Fire,100.0,151.5,True,"The Freeway Fire stared on October 24, 2017 off of Interstate 15 and Interstate 210, Rancho Cucamonga (San Bernardino County). It was contained on October 25.",2017-10-24T10:27:00Z,6.0,7.0,0.0,45.0,4.0,12.625,4.0,0.6557377049180327
40.0,False,CAL FIRE Shasta-Trintiy Unit,2.0,4,/incidents/2017/10/8/jones-fire/,All road closures have been lifted.,43,45,6.0,2.0,11.0,2018-01-09T13:31:00Z,3.0,False,True,Grass,2.0,3.0,40.70627,"off of Argonaut Trail and Dry Creek Rd, Jones Valley",-122.24199,False,Jones Fire,100.0,151.5,True,"The Jones Fire started on October 8, 2017 off of Argonaut Trail and Dry Creek Rd, Jones Valley in Shasta County and burned 40 acres. ",2017-10-08T04:53:00Z,6.0,7.0,0.0,45.0,4.0,12.625,4.0,0.6557377049180327
40.0,False,Kern County Fire,2.0,4,/incidents/2017/9/29/lakewood-fire/,All road closures have been lifted.,13,15,6.0,2.0,11.0,2018-01-09T13:29:00Z,3.0,False,True,Grass,2.0,3.0,35.59302,"Todd Ct and Brick Dr, east of Lake Isabella",-118.46734,False,Lakewood Fire,100.0,151.5,True,"The Lakewood fire started on September 29, 2017 off Todd Ct and Brick Dr, east of Lake Isabella in Kern County.",2017-09-29T15:58:00Z,6.0,7.0,0.0,45.0,4.0,12.625,4.0,0.6557377049180327
40.0,False,Six Rivers National Forest,2.0,4,/incidents/2017/9/12/hole-fire/,All road closures have been lifted.,7,8,6.0,2.0,11.0,2018-01-09T13:20:00Z,3.0,False,True,Grass,2.0,3.0,41.98128,"off Low Divide Rd, west of Rockland",-124.01168,False,Hole Fire,100.0,151.5,True,"The Hole Fire started on September 12, 2017 off Low Divide Rd, west of Rockland (Del Norte County) and burned approximately 40 acres.",2017-09-12T12:45:00Z,6.0,7.0,0.0,45.0,4.0,12.625,4.0,0.6557377049180327
40.0,False,Shasta Trinity National Forest,2.0,4,/incidents/2017/8/28/translator-fire/,All road closures have been lifted.,11,12,6.0,2.0,11.0,2018-01-09T12:46:00Z,3.0,False,True,Grass,2.0,3.0,41.02705,"Tish Tang Road and Hostler, Hoopa",-123.63721,False,Translator Fire,100.0,151.5,True,"The Translator Fire started on August 28 2017 near Tish Tang Rd & Hostler, Hoopa Valley Indian Res (Humboldt County) and burned 40 acres. ",2017-08-28T08:01:00Z,6.0,7.0,0.0,45.0,4.0,12.625,4.0,0.6557377049180327
40.0,False,CAL FIRE Tehama-Glenn Unit,2.0,4,/incidents/2017/8/26/vestal-fire/,All road closures have been lifted.,52,52,6.0,2.0,11.0,2018-01-09T12:45:00Z,3.0,False,True,Grass,2.0,3.0,40.29831,"Hwy 36 and Vestal Road, west of Red Bluff",-122.70449,False,Vestal Fire,100.0,151.5,True,"The Vestal Fire started on August 26, 2017 off Hwy 36 and Vestal Road, west of Red Bluff in Tehama County and burned 40 acres. ",2017-08-26T15:03:00Z,6.0,7.0,0.0,45.0,4.0,12.625,4.0,0.6557377049180327
40.0,False,CAL FIRE Sonoma-Lake-Napa Unit,2.0,4,/incidents/2017/7/17/murphy-fire/,All road closures have been lifted.,15,17,6.0,2.0,11.0,2018-01-09T11:59:00Z,3.0,False,True,Grass,2.0,3.0,38.86056,"Hwy 29 and Agua Dulce, 3 miles south of Lower lake",-122.62382,False,Murphy Fire,100.0,151.5,True,"The Murphy fire started on July 17, 2017 off Hwy 29 and Agua Dulce, 3 miles south of Lower lake in Lake County and burned 40 acres.",2017-07-17T14:44:00Z,6.0,7.0,0.0,45.0,4.0,12.625,4.0,0.6557377049180327
40.0,False,Monterey County Regional Fire District,2.0,4,/incidents/2017/7/16/reservation-fire/,All road closures have been lifted.,26,27,6.0,2.0,11.0,2018-01-09T11:56:00Z,3.0,False,True,Grass,2.0,3.0,36.66684,"off Reservation Rd and Blanco Rd, east of the city of Marina",-121.74826,False,Reservation Fire,100.0,151.5,True,"The Reservation fire started on July 16, 2017 off Reservation Rd and Blanco Rd, east of the city of Marina (Monterey County) and burned 40 acres.",2017-07-16T11:17:00Z,6.0,7.0,0.0,45.0,4.0,12.625,4.0,0.6557377049180327
39.0,False,CAL FIRE Tuolumne-Calaveras Unit,2.0,4,/incidents/2017/9/19/table-fire/,All road closures have been lifted.,55,55,6.0,2.0,11.0,2018-03-26T10:49:00Z,3.0,False,True,Grass,2.0,3.0,37.896778,"On Table Mountain, west of Table Mountain Road and Chicken Ranch Road, Jamestown",-120.504134,False,Table Fire,100.0,151.5,True,"The Table Fire started on September 19, 2017 On Table Mountain, west of Table Mountain Road and Chicken Ranch Road, Jamestown (Tuolumne County)and burned 39 acres. ",2017-09-19T00:22:00Z,6.0,7.0,0.0,45.0,4.0,12.625,4.0,0.6557377049180327
39.0,False,CAL FIRE Nevada-Yuba-Placer Unit,2.0,4,/incidents/2017/7/24/spenceville-fire/,All road closures have been lifted.,58,58,6.0,2.0,11.0,2018-01-09T12:05:00Z,3.0,False,True,Grass,2.0,3.0,39.06522,"Spenceville Rd & Monarch Trail Dr, Wheatland",-121.3519,True,Spenceville Fire,100.0,151.5,True,"The Spenceville Fire started on July 24, 2017 off Spenceville Rd & Monarch Trail Dr, Wheatland (Yuba County) and burned 39 acres.",2017-07-24T14:56:00Z,6.0,5.0,0.0,45.0,4.0,12.625,4.0,0.6557377049180327
39.0,False,Vallejo City Fire Department,2.0,4,/incidents/2017/6/22/toll-fire/,All road closures have been lifted.,46,48,6.0,2.0,11.0,2018-01-09T11:01:00Z,3.0,False,True,Grass,2.0,3.0,38.07481,"off of I-80 and Sonoma Blvd,  Vallejo",-122.23004,False,Toll Fire,100.0,151.5,True,"The Toll Fire started on June 22, 2017 off of I-80 and Sonoma Blvd, Vallejo in Solano County and burned 39 acres.",2017-06-22T13:08:00Z,6.0,7.0,0.0,45.0,4.0,12.625,4.0,0.6557377049180327
38.0,False,Marin County Fire Department,2.0,4,/incidents/2017/6/27/pine-fire/,All road closures have been lifted.,19,21,6.0,2.0,11.0,2018-01-09T11:09:00Z,3.0,False,True,Grass,2.0,3.0,37.9775,"off San Geronimo Ridge Road and Pine Mountain Fire Road, south of Woodacre ",-122.65749,False,Pine Fire,100.0,151.5,True,"The Pine Fire off San Geronimo Ridge Road and Pine Mountain Fire Road, south of Woodacre in Marin County started on Tuesday, June 27, 2017, and burned",2017-06-27T10:39:00Z,6.0,7.0,0.0,45.0,4.0,12.625,4.0,0.6557377049180327
38.0,False,CAL FIRE Tuolumne-Calaveras Unit,2.0,4,/incidents/2017/6/11/red-fire/,All road closures have been lifted.,55,55,6.0,2.0,11.0,2018-01-09T10:31:00Z,3.0,False,True,Grass,2.0,3.0,37.85137,"Red Hills Road & Six Bit Gulch Road, 2 miles southwest of Chinese Camp",-120.45268,False,Red Fire,100.0,151.5,True,"The Red Fire started on June 11, 2017 off Red Hills Road and Six Bit Gulch Road, 2 miles southwest of Chinese Camp in Tuolumne County and burned 38 acres.",2017-06-11T18:49:00Z,6.0,7.0,0.0,45.0,4.0,12.625,4.0,0.6557377049180327
37.0,False, Shasta-Trinity National Forest ,2.0,4,/incidents/2017/10/31/bridge-fire/,All road closures have been lifted.,43,45,6.0,2.0,11.0,2018-01-09T13:46:00Z,3.0,False,True,Grass,2.0,3.0,40.774,"I-5 and Turntable Bay, 7 miles NE of Shasta Lake ",-122.309,False, Bridge Fire,100.0,151.5,True,"The Bridge Fire started on October 31 2017, at I-5 and Turntable Bay, 7 miles NE of Shasta Lake (Shasta County) and burned 37 acres. It was contained November 5, 2017.",2017-10-31T11:22:00Z,6.0,7.0,0.0,45.0,4.0,12.625,4.0,0.6557377049180327
36.0,False,CAL FIRE Madera-Mariposa-Merced Unit,2.0,4,/incidents/2017/7/7/banderilla-fire/,All road closures have been lifted.,20,22,6.0,2.0,11.0,2018-01-09T11:48:00Z,3.0,False,True,Grass,2.0,3.0,37.65963,"Banderilla Dr & Hidalgo St, north of Hayward",-120.34802,False,Banderilla Fire,100.0,151.5,True,"The Banderilla Fire started on July 7, 2017 off Banderilla Dr & Hidalgo St, north of Hayward (Mariposa County) and burned 36 acres.",2017-07-07T15:50:00Z,6.0,7.0,0.0,45.0,4.0,12.625,4.0,0.6557377049180327
36.0,False,CAL FIRE San Diego Unit / Cleveland National Forest,2.0,4,/incidents/2017/6/25/black-fire/,All road closures have been lifted.,36,37,6.0,2.0,11.0,2018-01-09T11:07:00Z,3.0,False,True,Grass,2.0,3.0,33.1683,"Off Black Canyon Rd & Mesa Grande Rd, Ramona",-116.77342,False,Black Fire,100.0,151.5,True,"The Black Fire started on June 25, 2017 off Black Canyon Rd & Mesa Grande Rd, Ramona (San Diego County) and burned 36 acres.",2017-06-25T12:09:00Z,6.0,7.0,0.0,45.0,4.0,12.625,4.0,0.6557377049180327
35.0,False,CAL FIRE / Riverside County Fire,2.0,4,/incidents/2017/9/29/melba-fire/,All road closures have been lifted.,32,33,6.0,2.0,11.0,2018-01-09T13:28:00Z,3.0,False,True,Grass,2.0,3.0,33.74925,Hy 74 and Melba Avenue,-117.10301,False,Melba Fire,100.0,151.5,True,"The Melba Fire started in September 29, 2017 off Highway 74 and Melba Avenue and burned 35 acres. ",2017-09-29T18:01:00Z,6.0,7.0,0.0,45.0,4.0,12.625,4.0,0.6557377049180327
35.0,False,Marin County Fire,2.0,4,/incidents/2017/7/12/spaletta-fire/,All road closures have been lifted.,19,21,6.0,2.0,11.0,2018-01-09T11:54:00Z,3.0,False,True,Grass,2.0,3.0,38.08055,"Point Reyes - Petaluma Road, Petaluma",-122.77846,False,Spaletta Fire,100.0,151.5,True,"The Spaletta fire started on July 12, 2017 off Point Reyes-Petaluma Road, Petaluma in Marin County and burned 35 acres. ",2017-07-12T16:15:00Z,6.0,7.0,0.0,45.0,4.0,12.625,4.0,0.6557377049180327
35.0,False,CAL FIRE / Riverside County Fire,2.0,4,/incidents/2017/7/4/jurupa-fire/,All road closures have been lifted.,32,33,6.0,2.0,11.0,2018-01-09T11:43:00Z,3.0,False,True,Grass,2.0,3.0,33.99316,Off Van Buren Bl & Jurupa Rd in Jurupa Valley,-117.48405,False,Jurupa Fire,100.0,151.5,True,"The Jurupa Fire started on July 4, 2017 off Van Buren Bl & Jurupa Rd in Jurupa Valley (Riverside County) and burned 35 acres.",2017-07-04T15:20:00Z,6.0,7.0,0.0,45.0,4.0,12.625,4.0,0.6557377049180327
35.0,False,CAL FIRE Amador-El Dorado Unit,2.0,4,/incidents/2017/6/27/latrobe-fire/,All road closures have been lifted.,33,34,6.0,2.0,11.0,2018-01-09T11:09:00Z,3.0,False,True,Grass,2.0,3.0,38.45822,"off Hwy 16 & Latrobe Rd, east of White Rock (Sacramento County)",-120.92162,False,Latrobe Fire,100.0,151.5,True,"The Latrobe Fire started on June 27, 2017 off Hwy 16  & Latrobe Rd, east of White Rock in Sacramento County and burned 35 acres.",2017-06-27T07:39:00Z,6.0,7.0,0.0,45.0,4.0,12.625,4.0,0.6557377049180327
35.0,False,Kern County Fire Department,2.0,4,/incidents/2017/6/9/breckenridge-fire/,All road closures have been lifted.,13,15,6.0,2.0,11.0,2018-01-09T10:29:00Z,3.0,False,True,Grass,2.0,3.0,35.37351,"Breckenridge Rd and Comanche Dr., 5 miles east of Bakersfield ",-118.84134,False,Breckenridge Fire,100.0,151.5,True,"The Breckenridge Fire started on June 9, 2017 off of Breckenridge Rd and Comanche Dr., 5 miles east of Bakersfield (Kern County) and burned 35 acres.",2017-06-09T04:53:00Z,6.0,7.0,0.0,45.0,4.0,12.625,4.0,0.6557377049180327
35.0,False,CAL FIRE/ Riverside County Fire,2.0,4,/incidents/2017/5/21/smiley-fire/,All road closures have been lifted.,32,33,6.0,2.0,11.0,2018-01-09T10:07:00Z,3.0,False,True,Grass,2.0,3.0,33.96419,Reche Canyon Road and Smiley Boulevard,-117.20507,False,Smiley Fire,100.0,151.5,True,"The Smiley Fire started on May 21, 2017, off of Reche Canyon Road and Smiley Boulevard, north of Moreno Valley, Riverside County and burned 35 acres.",2017-05-21T16:12:00Z,6.0,7.0,0.0,45.0,4.0,12.625,4.0,0.6557377049180327
34.0,False,Unified Command: CAL FIRE / San Bernardino County Fire,2.0,4,/incidents/2017/12/5/meyers-fire/,All road closures have been lifted.,35,36,6.0,2.0,11.0,2018-01-09T13:47:00Z,3.0,False,True,Grass,2.0,3.0,34.21829,"near the Hwy 15 and Hwy 215 junction, near Glen Helen Regional Park ",-117.40625,False,Meyers Fire,100.0,151.5,True,"The Meyers fire started on December 5, 2017 near the Hwy 15 and Hwy 215 junction, near Glen Helen Regional Park in San Bernardino County.",2017-12-05T13:28:00Z,6.0,7.0,0.0,45.0,4.0,12.625,4.0,0.6557377049180327
34.0,False,CAL FIRE / Riverside County Fire,2.0,4,/incidents/2017/9/10/ellie-fire/,All road closures have been lifted.,32,33,6.0,2.0,11.0,2018-01-09T13:19:00Z,3.0,False,True,Grass,2.0,3.0,33.73547,"Ellie Way and El Toro Road, Lake Elsinore",-117.33364,False,Ellie Fire,100.0,151.5,True,"The Ellie Fire started on September 10, 2017, near Ellie Way and El Toro Road in Lake Elsinore (Riverside County) and burned 34 acres. ",2017-09-10T13:49:00Z,6.0,7.0,0.0,45.0,4.0,12.625,4.0,0.6557377049180327
34.0,False,CAL FIRE/Humboldt-Del Norte Unit,2.0,4,/incidents/2017/8/31/miller-fire/,All road closures have been lifted.,11,12,6.0,2.0,11.0,2018-01-09T12:49:00Z,3.0,False,True,Grass,2.0,3.0,40.03697,"Miller Ranch road x Bell Springs road, 10 miles NE Leggett ",-123.64214,False,Miller Fire,100.0,151.5,True,"The Miller Fire started August 31 2017 off Miller Ranch road and Bell Springs road, 10 miles NE of Leggett (Humboldt county) and burned 34 acres.",2017-08-31T13:57:00Z,6.0,7.0,0.0,45.0,4.0,12.625,4.0,0.6557377049180327
34.0,False,CAL FIRE San Benito-Monterey Unit,2.0,4,/incidents/2017/7/4/valley-fire/,All road closures have been lifted.,34,35,6.0,2.0,11.0,2018-01-09T11:42:00Z,3.0,False,True,Grass,2.0,3.0,36.85596,"Off Santa Ana Valley Rd & Douglas Dr, Hollister",-121.30983,False,Valley Fire,100.0,151.5,True,"The Valley Fire started on July 4, 2017 off Santa Ana Valley Rd & Douglas Dr, Hollister (San Benito County) and burned 34 acres.",2017-07-04T13:21:00Z,6.0,7.0,0.0,45.0,4.0,12.625,4.0,0.6557377049180327
33.0,False,CAL FIRE / Riverside County Fire,2.0,4,/incidents/2017/7/7/christmas-fire/,All road closures have been lifted.,32,33,6.0,2.0,11.0,2018-01-09T11:46:00Z,3.0,False,True,Grass,2.0,3.0,33.763304,"off Christmas Tree Ln & Santa Rosa Mine Rd, in Good Meadow",-117.314994,False,Christmas Fire,100.0,151.5,True,"The Christmas Fire started on July 7, 2017 off Christmas Tree Ln & Santa Rosa Mine Rd, in Good Meadow (Riverside County) and burned 33 acres.",2017-07-07T12:56:00Z,6.0,7.0,0.0,45.0,4.0,12.625,4.0,0.6557377049180327
33.0,False,CAL FIRE / Riverside County Fire,2.0,4,/incidents/2017/6/13/valley-fire/,All road closures have been lifted.,32,33,6.0,2.0,11.0,2018-01-09T10:32:00Z,3.0,False,True,Grass,2.0,3.0,33.584036,"San Ignacio Road and East Benton Road, Temecula",-116.972036,False,Valley Fire,100.0,151.5,True,"The Valley Fire started on June 13, 2017 at San Ignacio Road and East Benton Road, Temecula (Riverside County) and burned 33 acres.",2017-06-13T12:00:00Z,6.0,7.0,0.0,45.0,4.0,12.625,4.0,0.6557377049180327
33.0,False,"Kern County Fire Department, CAL FIRE and Bureau of Land Management",2.0,4,/incidents/2017/6/4/creek-fire/,All road closures have been lifted.,13,15,6.0,2.0,11.0,2018-01-09T10:24:00Z,3.0,False,True,Grass,2.0,3.0,35.60633,"off Erskine Creek Rd and Pasadena Ln, southwest of Lake Isabella",-118.4642,False,Creek Fire ,100.0,151.5,True,"The Creek Fire started on June 4, 2017 off Erskine Rd and Pasadena Ln, southwest of Lake Isabella in Kern County and burned 33 acres.",2017-06-04T22:11:00Z,6.0,7.0,0.0,45.0,4.0,12.625,4.0,0.6557377049180327
32.0,False,Shasta-Trinity National Forest,2.0,4,/incidents/2017/8/2/sandy-fire/,All road closures have been lifted.,53,53,6.0,2.0,11.0,2018-01-09T12:16:00Z,3.0,False,True,Grass,2.0,3.0,40.804,"North of Hwy 299, west of Del Loma",-123.375,False,Sandy Fire,100.0,151.5,True,"The Sandy Fire started on August 2, 2017, west of Del Loma (Trinity County) and burned 32 acres. ",2017-08-02T11:13:00Z,6.0,7.0,0.0,45.0,4.0,12.625,4.0,0.6557377049180327
32.0,False,Shasta-Trinity National Forest,2.0,4,/incidents/2017/8/2/sandy-fire/,All road closures have been lifted.,53,53,6.0,2.0,11.0,2018-01-09T12:17:00Z,3.0,False,True,Grass,2.0,3.0,40.79902,"Sandy Bar, Hwy 299, 4 miles east of Burnt Ranch",-123.39253,False,Sandy Fire,100.0,151.5,True,"Sandy Fire started on August 2, 2017 off Sandy Bar, Hwy 299, 4 miles east of Burnt Ranch (Trinity County) and burned 32 acres.",2017-08-02T08:30:00Z,6.0,7.0,0.0,45.0,4.0,12.625,4.0,0.6557377049180327
32.0,False,CALFIRE / Riverside County Fire,2.0,4,/incidents/2017/7/13/washington-fire/,All road closures have been lifted.,32,33,6.0,2.0,11.0,2018-01-09T11:54:00Z,3.0,False,True,Grass,2.0,3.0,33.62613,"Field Drive & Patterson Road, Community of Winchester",-117.07975,False,Washington Fire,100.0,151.5,True,"The Washington Fire started on July 13,2017 off Field Drive and Patterson Road in the community of Winchester (Riverside County) and burned 32 acres.",2017-07-13T10:28:00Z,6.0,7.0,0.0,45.0,4.0,12.625,4.0,0.6557377049180327
32.0,False,CAL FIRE San Benito-Monterey Unit,2.0,4,/incidents/2017/6/16/shore-fire/,All road closures have been lifted.,26,27,6.0,2.0,11.0,2018-01-09T10:34:00Z,3.0,False,True,Grass,2.0,3.0,35.90092,"Jolon Rd and Frudden Rd, near Lockwood",-120.93371,True,Shore Fire,100.0,151.5,True,"The Shore Fire started on June 6, 2017 at Jolon Rd and Frudden Rd, near Lockwood in Monterey County and burned 32 acres.",2017-06-16T15:49:00Z,6.0,7.0,0.0,45.0,4.0,12.625,4.0,0.6557377049180327
32.0,False,CAL FIRE San Benito-Monterey Unit,2.0,4,/incidents/2017/6/11/pleyto-fire/,All road closures have been lifted.,26,27,6.0,2.0,11.0,2018-01-09T10:30:00Z,3.0,False,True,Grass,2.0,3.0,35.902149,"New Pleyto Road cross of Stern st, Lockwood",-120.983684,False,Pleyto Fire,100.0,151.5,True,"The Pleyto fire started on June 11, 2017 near New Pleyto Road and Stern Street, near Lockwood in Monterey County and burned 32 acres.",2017-06-11T18:12:00Z,6.0,7.0,0.0,45.0,4.0,12.625,4.0,0.6557377049180327
31.0,False,CAL FIRE San Benito-Monterey Unit,2.0,4,/incidents/2017/10/15/york-fire/,All road closures have been lifted.,26,27,6.0,2.0,11.0,2018-01-09T13:40:00Z,3.0,False,True,Grass,2.0,3.0,36.5858,"off York Road and S Boundary Road, east of Monterey ",-121.80377,False,York Fire,100.0,151.5,True,"The York Fire started on October 15, 2017 off York Road and S Boundary Road, east of Monterey in Monterey County. ",2017-10-15T14:55:00Z,6.0,7.0,0.0,45.0,4.0,12.625,4.0,0.6557377049180327
31.0,False,CAL FIRE / Fresno County Fire,2.0,4,/incidents/2017/8/23/juniper-fire/,All road closures have been lifted.,9,10,6.0,2.0,11.0,2018-01-09T12:44:00Z,3.0,False,True,Grass,2.0,3.0,36.099681,"off of Highway 198 west of Parsons Road, Coalinga",-120.443545,False,Juniper Fire,100.0,151.5,True,"The Juniper Fire started on August 23, 2017 off of Highway 198 west of Parsons Road in Coalinga (Fresno County) and burned 31 acres. ",2017-08-23T13:28:00Z,6.0,7.0,0.0,45.0,4.0,12.625,4.0,0.6557377049180327
31.0,False,Kern County Fire,2.0,4,/incidents/2017/5/12/hub-fire/,All road closures have been lifted.,13,15,6.0,2.0,11.0,2018-01-09T09:55:00Z,3.0,False,True,Grass,2.0,3.0,35.60001,"Red Hill Road and Schick Road, 2 miles east of Lake Isabella",-118.4683,False,Hub Fire,100.0,151.5,True,"The Hub Fire started on May 12, 2017 off Red Hill Road and Schick Road, east of Lake Isabella in Kern County and burned 31 acres.",2017-05-12T05:05:00Z,6.0,7.0,0.0,45.0,4.0,12.625,4.0,0.6557377049180327
30.0,False,Los Angeles County Fire,2.0,4,/incidents/2017/8/31/castaic-fire/,All road closures have been lifted.,17,19,6.0,2.0,11.0,2018-03-22T16:34:00Z,3.0,False,True,Grass,2.0,3.0,34.52055,"I-5, north of Hughes Rd., 2 miles north of Lake Hughes",-118.62882,False,Castaic Fire,100.0,151.5,True,"The Castaic fire started on August 31, 2017, on I-5 north, north of Hughes Rd., north of Lake Hughes and burned 30 acres.",2017-08-31T16:32:00Z,6.0,7.0,0.0,45.0,4.0,12.625,4.0,0.6557377049180327
30.0,False,CAL FIRE Humboldt-Del Norte Unit,2.0,4,/incidents/2017/8/3/blocksburg-fire/,All road closures have been lifted.,11,12,6.0,2.0,11.0,2018-01-09T12:18:00Z,3.0,False,True,Grass,2.0,3.0,40.27582,"Off Alderpoint Rd and Cemetery Rd, Blocksburg",-123.64281,False,Blocksburg Fire,100.0,151.5,True,"The Blocksburg Fire started on August 3, 2017 off Alderpoint Rd and Cemetery Rd, Blocksburg (Humboldt County) and burned 30 acres.",2017-08-03T16:41:00Z,6.0,7.0,0.0,45.0,4.0,12.625,4.0,0.6557377049180327
30.0,False,CAL FIRE / Riverside County Fire,2.0,4,/incidents/2017/7/3/timber-fire/,All road closures have been lifted.,32,33,6.0,2.0,11.0,2018-01-09T11:42:00Z,3.0,False,True,Grass,2.0,3.0,33.96896,"off Moreno Beach Dr & Locust, north of Moreno Valley",-117.25411,False,Timber Fire,100.0,151.5,True,"The Timber Fire started on July 3, 2017 off Moreno Beach Dr & Locust, north of Moreno Valley (Riverside County) and burned 30 acres.",2017-07-03T19:31:00Z,6.0,7.0,0.0,45.0,4.0,12.625,4.0,0.6557377049180327
29.0,False,USFS - El Dorado National Forest,2.0,4,/incidents/2017/10/10/ice-fire/,All road closures have been lifted.,8,9,6.0,2.0,11.0,2018-01-09T13:35:00Z,3.0,False,True,Grass,2.0,3.0,38.77921,"off Ice House Road and US-50, east of Riverton, 13 miles east of Camino",-120.46234,False,Ice Fire,100.0,151.5,True,"The Ice Fire started October 10, 2017 off Ice House Road and US-50, east of Riverton, 13 miles east of Camino and burned 29 acres. ",2017-10-10T15:36:00Z,6.0,7.0,0.0,45.0,4.0,12.625,4.0,0.6557377049180327
29.0,False,CAL FIRE Tehema-Glenn Unit,2.0,4,/incidents/2017/7/8/benson-fire/,All road closures have been lifted.,52,52,6.0,2.0,11.0,2018-01-09T11:51:00Z,3.0,False,True,Grass,2.0,3.0,40.29118,"Benson Rd, Bowman., 11 miles northwest of Red Bluff",-122.42606,False,Benson Fire,100.0,151.5,True,"The Benson Fire started on July 8, 2017 off Benson Rd, Bowman., 11 miles northwest of Red Bluff (Tehama County) and burned 29 acres.",2017-07-08T18:58:00Z,6.0,7.0,0.0,45.0,4.0,12.625,4.0,0.6557377049180327
28.0,False,CAL FIRE / Butte County Fire,2.0,4,/incidents/2017/9/25/32-fire/,All road closures have been lifted.,3,4,6.0,2.0,11.0,2018-01-09T13:24:00Z,3.0,False,True,Grass,2.0,3.0,39.8255,"Hwy 32 and Humboldt Road, 5 miles northeast of Chico ",-121.7127,False,32 Fire,100.0,151.5,True,"The Thirty Two fire started on September 25, 2017 off Hwy 32 and Humboldt Road, 5 miles northeast of Chico in Butte County.",2017-09-25T11:03:00Z,6.0,7.0,0.0,45.0,4.0,12.625,4.0,0.6557377049180327
28.0,False,CAL FIRE Lassen-Modoc Unit,2.0,4,/incidents/2017/8/30/4-4-fire/,All road closures have been lifted.,24,25,6.0,2.0,11.0,2018-01-09T12:48:00Z,3.0,False,True,Grass,2.0,3.0,41.4844,"4 miles east of Dorris Reservoir, east of Alturas",-120.36659,False,4-4 Fire,100.0,151.5,True,"The 4-4 fire started on August 30, 2017 4 miles east of Dorris Reservoir, east of Alturas in Modoc County.",2017-08-30T11:38:00Z,6.0,7.0,0.0,45.0,4.0,12.625,4.0,0.6557377049180327
28.0,False,CAL FIRE Humboldt-Del Norte Unit,2.0,4,/incidents/2017/6/26/shore-fire/,All road closures have been lifted.,7,8,6.0,2.0,11.0,2018-01-09T11:08:00Z,3.0,False,True,Grass,2.0,3.0,41.93323,"in Tolowa Dunes State Park, 3 miles west of Smith River (Del Norte County)",-124.19629,False,Shore Fire,100.0,151.5,True,"The Shore Fire started on June 26, 2017, 3 miles west of Smith River in Tolowa Dunes State Park, (Del Norte County) and burned 28 acres.",2017-06-26T21:30:00Z,6.0,7.0,0.0,45.0,4.0,12.625,4.0,0.6557377049180327
28.0,False,CAL FIRE/Riverside County Fire,2.0,4,/incidents/2017/6/15/nuevo-fire/,All road closures have been lifted.,32,33,6.0,2.0,11.0,2018-01-09T10:33:00Z,3.0,False,True,Grass,2.0,3.0,33.79925,Hansen Avenue and Nuevo Road in Nuevo,-117.11659,False,Nuevo Fire,100.0,151.5,True,"The Nuevo Fire started on June 15, 2017 off of Hanswen Avenue and Nuevo Rd, Nuevo (Riverside County) and burned 28 acres.",2017-06-15T15:51:00Z,6.0,7.0,0.0,45.0,4.0,12.625,4.0,0.6557377049180327
27.0,False,CAL FIRE Lassen-Modoc Unit,2.0,4,/incidents/2017/8/30/4-10-fire/,All road closures have been lifted.,24,25,6.0,2.0,11.0,2018-01-09T12:48:00Z,3.0,False,True,Grass,2.0,3.0,41.64469,"off Highway 395 and County Road 118, 16 miles north of Alturas.",-120.31814,True,4-10 Fire,100.0,151.5,True,"the 4-10 fire started August 30 2017, off Highway 395 and County Road 118, 16 miles north of Alturas (Modoc County).",2017-08-30T14:50:00Z,6.0,7.0,0.0,45.0,4.0,12.625,4.0,0.6557377049180327
27.0,False,CAL FIRE / Riverside County Fire,2.0,4,/incidents/2017/6/3/vernon-fire/,All road closures have been lifted.,32,33,6.0,2.0,11.0,2018-01-09T10:24:00Z,3.0,False,True,Grass,2.0,3.0,33.82165,Off Soboba Road in San Jacinto,-116.96079,False,Vernon Fire,100.0,151.5,True,"The Vernon Fire started on June 3, 2017 off Soboba Road in San Jacinto (Riverside County) and burned 27 acres.",2017-06-03T12:09:00Z,6.0,7.0,0.0,45.0,4.0,12.625,4.0,0.6557377049180327
26.0,False,Wheatland Fire Protection District ,2.0,4,/incidents/2017/9/26/jasper-fire/,All road closures have been lifted.,58,58,6.0,2.0,11.0,2018-01-09T13:25:00Z,3.0,False,True,Grass,2.0,3.0,39.03168,"Jasper lane and Levee road, 1 mile NE of Wheatland",-121.40947,False,Jasper Fire,100.0,151.5,True,"The Jasper Fire started September 26 2017, off Jasper lane, and Levee road, 1 mile NE of Wheatland (Yuba County).",2017-09-26T15:20:00Z,6.0,7.0,0.0,45.0,4.0,12.625,4.0,0.6557377049180327
26.0,False,CAL FIRE / Riverside County Fire,2.0,4,/incidents/2017/6/18/trellis-fire/,All road closures have been lifted.,32,33,6.0,2.0,11.0,2018-01-09T10:59:00Z,3.0,False,True,Grass,2.0,3.0,33.71025,State Highway 74 near Trellis Lane,-117.31924,False,Trellis Fire,100.0,151.5,True,"The Trellis fire started on June 18, 2017 Lake Elsinore, at State Highway 74 and Trellis Lane in Riverside County and burned 26 acres.",2017-06-18T16:03:00Z,6.0,7.0,0.0,45.0,4.0,12.625,4.0,0.6557377049180327
26.0,False,CAL FIRE/Riverside County Fire,2.0,4,/incidents/2017/6/1/fairview-fire/,All road closures have been lifted.,32,33,6.0,2.0,11.0,2018-01-09T10:23:00Z,3.0,False,True,Grass,2.0,3.0,33.94788,"Fairview Road & Old Morongo Road, west of Desert Hot Springs ",-116.59719,False,Fairview Fire,100.0,151.5,True,"The Fairview Fire started on June 1, 2017 Fairview Road & Old Morongo Road, west of Desert Hot Springs in Riverside County and burned 26 acres. ",2017-06-01T16:12:00Z,6.0,7.0,0.0,45.0,4.0,12.625,4.0,0.6557377049180327
25.0,False,CAL FIRE San Diego Unit,2.0,4,/incidents/2017/10/15/wilson-fire/,All road closures have been lifted.,36,37,6.0,2.0,11.0,2018-01-09T13:40:00Z,3.0,False,True,Grass,2.0,3.0,33.18716,"at Wilson Road, east of San Felipe",-116.50897,False,Wilson Fire,100.0,151.5,True,"The Wilson Fire started on October 15, 2017 at Wilson Road, east of San Felipe in San Diego County and burned 25 acres. ",2017-10-15T14:05:00Z,6.0,7.0,0.0,45.0,4.0,12.625,4.0,0.6557377049180327
25.0,False,CAL FIRE San Luis Obispo Unit,2.0,4,/incidents/2017/9/23/cove-fire/,All road closures have been lifted.,38,40,6.0,2.0,11.0,2018-01-09T13:23:00Z,3.0,False,True,Grass,2.0,3.0,35.76343,"Lynch Canyon Rd & Lakeview Rd, northwest of Lake Nacimiento",-121.04445,False,Cove Fire,100.0,151.5,True,"The Cove Fire started on September 23, 2017 off Christmas Tree Cove, north side of Lake Nacimiento (San Luis Obispo County).",2017-09-23T15:40:00Z,6.0,7.0,0.0,45.0,4.0,12.625,4.0,0.6557377049180327
25.0,False,CAL FIRE / San Diego County Fire Authority ,2.0,4,/incidents/2017/9/7/border-9-fire/,All road closures have been lifted.,36,37,6.0,2.0,11.0,2018-01-09T13:19:00Z,3.0,False,True,Grass,2.0,3.0,32.59252,1 mile west of Tecate Port Of Entry in Potrero,-116.61609,False,Border 9 Fire,100.0,151.5,True,"The Border 9 Fire started on September 7, 2017, 1 mile west of Tecate Port Of Entry in Potrero (San Diego County) and burned 25 acres. ",2017-09-07T15:41:00Z,6.0,7.0,0.0,45.0,4.0,12.625,4.0,0.6557377049180327
25.0,False,CAL FIRE Shasta-Trinity Unit,2.0,4,/incidents/2017/9/1/hopper-fire/,All road closures have been lifted.,43,45,6.0,2.0,11.0,2018-01-09T12:49:00Z,3.0,False,True,Grass,2.0,3.0,40.71923,"Oak Run Road and Hopper Lane, Oak Run",-122.02525,False,Hopper Fire,100.0,151.5,True,"The Hopper fire started on September 1, 2017 off Oak Run Road and Hopper Lane, Oak Run in Shasta County.",2017-09-01T11:21:00Z,6.0,7.0,0.0,45.0,4.0,12.625,4.0,0.6557377049180327
25.0,False,CAL FIRE San Diego Unit,2.0,4,/incidents/2017/6/27/sloane-fire/,All road closures have been lifted.,36,37,6.0,2.0,11.0,2018-01-09T11:09:00Z,3.0,False,True,Grass,2.0,3.0,32.7789,"off Sloane Canyon Road at Dehesa Road, east of El Cajon",-116.8516,False,Sloane Fire,100.0,151.5,True,"The Sloane Fire started on Tuesday, June 27, 2017 off Sloane Canyon Road at Dehesa Road, east of El Cajon and burned 25 acres.",2017-06-27T09:38:00Z,6.0,7.0,0.0,45.0,4.0,12.625,4.0,0.6557377049180327
25.0,False,Madera County Fire,2.0,4,/incidents/2017/6/18/road-fire/,All road closures have been lifted.,18,20,6.0,2.0,11.0,2018-01-09T10:35:00Z,3.0,False,True,Grass,2.0,3.0,37.02081,"Road 400 and Road 33, 7 miles east of Madera ",-119.95136,False,Road Fire,100.0,151.5,True,"The Road fire started on June 18, 2017 near Road 400 and Road 33, 7 miles east of Madera in Madera County and burned 25 acres.",2017-06-18T14:04:00Z,6.0,7.0,0.0,45.0,4.0,12.625,4.0,0.6557377049180327
25.0,False,Los Angeles County Fire Department,2.0,4,/incidents/2017/6/3/5-fire/,All road closures have been lifted.,17,19,6.0,2.0,11.0,2018-01-09T10:24:00Z,3.0,False,True,Grass,2.0,3.0,34.29931,"I-5, North of Lake Hughes Rd, Community of Cataic ",-118.37539,False,5 Fire,100.0,151.5,True,"The 5 Fire started on June 3, 2017 I-5, North of Lake Hughes Rd, Community of Cataic in Los Angeles County and burned 25 acres.",2017-06-03T15:39:00Z,6.0,7.0,0.0,45.0,4.0,12.625,4.0,0.6557377049180327
25.0,False,CAL FIRE San Diego Unit,2.0,4,/incidents/2017/5/24/ribbonwood-fire/,All road closures have been lifted.,36,37,6.0,2.0,11.0,2018-01-09T10:10:00Z,3.0,False,True,Grass,2.0,3.0,32.679,"Off of Ribbonwood Road and Interstate 8, east of El Cajon",-116.29296,False,Ribbonwood Fire,100.0,151.5,True,"The Ribbonwood Fire started on May 24, 2017 off of Ribbonwood Road and Interstate 8, east of El Cajon (San Diego County) and burned 25 acres.",2017-05-24T15:30:00Z,6.0,7.0,0.0,45.0,4.0,12.625,4.0,0.6557377049180327
23.0,False,CAL FIRE/ Riverside County Fire,2.0,4,/incidents/2017/10/10/portola-fire/,All road closures have been lifted.,32,33,6.0,2.0,11.0,2018-01-09T13:32:00Z,3.0,False,True,Grass,2.0,3.0,33.50488,"De Portola Road east of Pauba Road, Temecula",-117.02132,False,Portola Fire,100.0,151.5,True,"The Portola Fire started on October 10, 2017, off De Portola Road east of Pauba Road, Temecula (Riverside County) and burned 23 acres.",2017-10-10T14:57:00Z,6.0,7.0,0.0,45.0,4.0,12.625,4.0,0.6557377049180327
22.0,False,Oakland City Fire Department,2.0,4,/incidents/2017/9/26/edwards-fire/,All road closures have been lifted.,0,1,6.0,2.0,11.0,2018-01-09T13:25:00Z,3.0,False,True,Grass,2.0,3.0,37.77982,"Edwards Ave and Mountain Blvd, 6 miles southeast of Oakland ",-122.169,False,Edwards Fire,100.0,151.5,True,"The Edwards Fire started September 26, 2017 off Edwards Ave and Mountain Blvd, 6 miles southeast of Oakland and burned 22 acres. ",2017-09-26T12:22:00Z,6.0,7.0,0.0,45.0,4.0,12.625,4.0,0.6557377049180327
22.0,False,CAL FIRE Tuolumne-Calaveras Unit,2.0,4,/incidents/2017/7/5/gold-fire/,All road closures have been lifted.,4,5,6.0,2.0,11.0,2018-01-09T11:44:00Z,3.0,False,True,Grass,2.0,3.0,38.20176,"off Gold Strike Road and Cemetery Lane, San Andreas",-120.67848,False,Gold Fire,100.0,151.5,True,"The Gold Fire started on July 5, 2017 off Gold Strike Road and Cemetery Lane, San Andreas (Calaveras County) and burned 22 acres.",2017-07-05T16:56:00Z,6.0,7.0,0.0,45.0,4.0,12.625,4.0,0.6557377049180327
22.0,False,Sonoma-Lake Napa Unit,2.0,4,/incidents/2017/6/13/refuge-fire/,All road closures have been lifted.,27,28,4.0,2.0,6.0,2018-01-09T10:31:00Z,3.0,False,True,Grass,2.0,3.0,38.68347,"Knoxville Rd and Eastside Rd, north end of Lake Berryessa ",-122.2654,True,Refuge Fire,100.0,80.0,True,"The Refuge Fire started on June 13, 2017 off Knoxville Rd and Eastside Rd, north end of Lake Berryessa (Napa County) and burned 22 acres.",2017-06-13T10:18:00Z,6.0,7.0,0.0,45.0,4.0,11.428571428571429,4.0,1.2345679012345678
21.0,False,CAL FIRE San Luis Obispo Unit,2.0,4,/incidents/2017/10/20/soda-fire/,All road closures have been lifted.,38,40,6.0,2.0,11.0,2018-01-09T13:42:00Z,3.0,False,True,Grass,2.0,3.0,35.41112,"Off Soda Lake Rd, Carrizo Plains area ",-120.00353,False,Soda Fire,100.0,151.5,True,"The Soda Fire started on October 20, 2017 off Soda Lake Rd, Carrizo Plains area (San Luis Obispo County) and burned 21 acres.",2017-10-20T12:13:00Z,6.0,7.0,0.0,45.0,4.0,12.625,4.0,0.6557377049180327
21.0,False,CAL FIRE Sonoma-Lake-Napa Unit,2.0,4,/incidents/2017/9/5/mule-fire/,All road closures have been lifted.,15,17,6.0,2.0,11.0,2018-01-09T13:19:00Z,3.0,False,True,Grass,2.0,3.0,39.01748,"Off Hwy 20 and Mule Skinner Road, east of Clearlake ",-122.49327,False,Mule Fire,100.0,151.5,True,"The Mule fire started on September 5, 2017 off Hwy 20 and Mule Skinner Road, east of Clearlake in Lake County.",2017-09-05T14:55:00Z,6.0,7.0,0.0,45.0,4.0,12.625,4.0,0.6557377049180327
21.0,False,CAL FIRE Tulare Unit,2.0,4,/incidents/2017/7/5/globe-fire/,All road closures have been lifted.,54,54,6.0,2.0,11.0,2018-01-09T11:44:00Z,3.0,False,True,Grass,2.0,3.0,36.10858,"Globe Dr, Springville",-118.81979,False,Globe Fire,100.0,151.5,True,"The Globe Rire started on July 5th 2017 of Globe Dr, in Springville in (Tulare County) and burned 21 acres.",2017-07-05T08:24:00Z,6.0,7.0,0.0,45.0,4.0,12.625,4.0,0.6557377049180327
21.0,False,CAL FIRE/Butte County Fire,2.0,4,/incidents/2017/6/22/highway-fire/,All road closures have been lifted.,3,4,6.0,2.0,11.0,2018-01-09T11:00:00Z,3.0,False,True,Grass,2.0,3.0,39.364,"off of Hwy 99 & Schlaf Dr, east of Lake Oroville ",-121.4143,False,Highway Fire,100.0,151.5,True,"The Highway Fire started on June 22, 2017 off of Hwy 99 & Schlaf Dr, east of Lake Oroville in Butte County and burned 21 acres. ",2017-06-22T09:49:00Z,6.0,7.0,0.0,45.0,4.0,12.625,4.0,0.6557377049180327
21.0,False,CAL FIRE Shasta_Trintiy Unit,2.0,4,/incidents/2017/6/13/platina-fire/,All road closures have been lifted.,43,45,6.0,2.0,11.0,2018-01-09T10:32:00Z,3.0,False,True,Grass,2.0,3.0,0.0,"Platina Road, 12 Miles West of Ono",0.0,False,Platina Fire,100.0,151.5,True,"The Platina Fire started on June 13, 2017 off Platina Road in Shasta County and burned 21 acres.",2017-06-13T12:47:00Z,6.0,7.0,0.0,45.0,4.0,12.625,4.0,0.6557377049180327
21.0,False,CAL FIRE San Benito-Monterey Unit,2.0,4,/incidents/2017/5/22/bitterwater-fire/,All road closures have been lifted.,34,35,6.0,2.0,11.0,2018-01-09T10:07:00Z,3.0,False,True,Grass,2.0,3.0,36.35578,"Bitterwater Rd X Hwy 25, east of King City",-120.99552,False,Bitterwater Fire,100.0,151.5,True,"The Bitterwater Fire started on May 22, 2017 off Bittwater Rd and Hwy 25, east of King City (San Benito County) and burned 21 acres.",2017-05-22T04:50:00Z,6.0,7.0,0.0,45.0,4.0,12.625,4.0,0.6557377049180327
20.0,False,CAL FIRE Humboldt-Del Norte Unit,2.0,4,/incidents/2017/10/8/blue-fire/,Hwy 299 shut down both directions,11,12,6.0,2.0,11.0,2018-01-09T13:30:00Z,3.0,False,True,Grass,2.0,3.0,40.88516,"off of Blue Lake Blvd and Hwy 299,  east of Eureka ",-123.96844,True,Blue Fire,100.0,151.5,True,"The Blue Fire started on October 08, 2017 off of Blue Lake Blvd and Hwy 299, east of Eureka in Humboldt County. ",2017-10-08T16:40:00Z,6.0,7.0,0.0,45.0,4.0,12.625,4.0,0.6557377049180327
20.0,False,CAL FIRE Sonoma-Lake-Napa Unit,2.0,4,/incidents/2017/10/7/fort-fire/,All road closures have been lifted.,47,49,6.0,2.0,11.0,2018-01-09T13:30:00Z,3.0,False,True,Grass,2.0,3.0,38.51937,"Fort Ross Rd and Hwy 1, north of Jenner",-123.24713,False,Fort Fire,100.0,151.5,True,"The Fort Fire started on October 7, 2017 off Fort Ross Rd and Hwy 1, north of Jenner in Sonoma County. ",2017-10-07T20:00:00Z,6.0,7.0,0.0,45.0,4.0,12.625,4.0,0.6557377049180327
20.0,False,CAL FIRE Tehama-Glenn Unit ,2.0,4,/incidents/2017/10/3/36-fire/,All road closures have been lifted.,52,52,6.0,2.0,11.0,2018-01-09T13:29:00Z,3.0,False,True,Grass,2.0,3.0,40.20077,"off Hwy 36W and Monroe St., West Red Bluff",-122.24731,False,36 Fire,100.0,151.5,True,"The 36 Fire started on October 3, 2017 off of off Hwy 36W and Monroe St., West Red Bluff in Tehama County and burned 20 acres.",2017-10-03T16:22:00Z,6.0,7.0,0.0,45.0,4.0,12.625,4.0,0.6557377049180327
20.0,False,CAL FIRE Tuolumne-Calaveras Unit,2.0,4,/incidents/2017/8/1/falls-fire/,All road closures have been lifted.,55,55,6.0,2.0,11.0,2018-01-09T12:16:00Z,3.0,False,True,Grass,2.0,3.0,37.65986,"Off Merced Falls Rd, northwest of Lake McClure ",-120.31157,False,Falls Fire,100.0,151.5,True,"The Falls Fire started on August 8, 2017 off Merced Falls Rd, northwest of Lake McClure (Tuolumne County) and burned 20 acres.",2017-08-01T16:33:00Z,6.0,7.0,0.0,45.0,4.0,12.625,4.0,0.6557377049180327
20.0,False,San Bernardino National Forest - USFS ,2.0,4,/incidents/2017/7/22/seine-fire/,All road closures have been lifted.,35,36,6.0,2.0,11.0,2018-01-09T12:03:00Z,3.0,False,True,Grass,2.0,3.0,34.139,"off Piedmont Drive and Seine Avenue, Highland",-117.199,False,Seine Fire,100.0,151.5,True,"The Seine Fire started on July 22, 2017 off Piedmont Drive and Seine Avenue, Highland in San Bernardino County and burned 20 acres.",2017-07-22T15:49:00Z,6.0,7.0,0.0,45.0,4.0,12.625,4.0,0.6557377049180327
20.0,False,CAL FIRE Mendocino Unit,2.0,4,/incidents/2017/7/17/range-fire/,All road closures have been lifted.,21,23,6.0,2.0,11.0,2018-01-09T11:58:00Z,3.0,False,True,Grass,2.0,3.0,39.13207,"on Cow Mountain, west of Ukiah ",-123.10227,True,Range Fire,100.0,151.5,True,"The Range fire started on July 17, 2017 on Cow Mountain, west of Ukiah in Mendocino County and burned 20 acres.",2017-07-17T12:37:00Z,6.0,7.0,0.0,45.0,4.0,12.625,4.0,0.6557377049180327
20.0,False,CAL FIRE / Riverside County Fire,2.0,4,/incidents/2017/6/13/reed-fire/,All road closures have been lifted.,32,33,6.0,2.0,11.0,2018-01-09T10:32:00Z,3.0,False,True,Grass,2.0,3.0,33.52584,"off Reed Valley Road, north of Wilson Valley Road, Community of Aguanga",-116.85226,False,Reed Fire,100.0,151.5,True,"The Reed Fire started on June 13, 2017 off Reed Valley Road, north of Wilson Valley Road, Community of Aguanga (Riverside County) and burned 20 acres.",2017-06-13T17:21:00Z,6.0,7.0,0.0,45.0,4.0,12.625,4.0,0.6557377049180327
20.0,False,CAL FIRE Santa Clara Unit,2.0,4,/incidents/2017/6/5/fish-fire/,All road closures have been lifted.,6,7,6.0,2.0,11.0,2018-01-09T10:26:00Z,3.0,False,True,Grass,2.0,3.0,37.86549,"Hwy 24, Orinda  ",-122.2102,False,Fish Fire,100.0,151.5,True,"The Fish Fire started on June 5, 2017 off of Hwy 24 near Orinda, Contra Costa County and burned 20 acres.",2017-06-05T13:17:00Z,6.0,7.0,0.0,45.0,4.0,12.625,4.0,0.6557377049180327
20.0,False,CAL FIRE/Fresno County Fire,2.0,4,/incidents/2017/5/18/city-fire/,All road closures have been lifted.,14,16,6.0,2.0,11.0,2018-01-09T10:04:00Z,3.0,False,True,Grass,2.0,3.0,35.983,"off of Hwy 41 & I-5, south of Kettleman City",-119.91508,False,City Fire,100.0,151.5,True,"The City Fire started on May 18 off of Hwy 41 & I-5, south of Kettleman City in Kings County and burned 20 acres. ",2017-05-18T12:54:00Z,6.0,7.0,0.0,45.0,4.0,12.625,4.0,0.6557377049180327
20.0,False,CAL FIRE San Benito-Monterey Unit,2.0,4,/incidents/2017/5/14/nacimiento-fire/,All road closures have been lifted.,26,27,6.0,2.0,11.0,2018-01-09T09:56:00Z,3.0,False,True,Grass,2.0,3.0,35.77082,"Off Nacimiento Lake Drive and Bee Rock Rd., near Bradley",-120.92482,False,Nacimiento Fire,100.0,151.5,True,"The Nacimiento Fire started on May 14, 2017 off Nacimiento Lake Drive and Bee Rock Rd., near Bradley in Monterey County and burned 20 acres.",2017-05-14T12:00:00Z,6.0,7.0,0.0,45.0,4.0,12.625,4.0,0.6557377049180327
19.0,False,CAL FIRE/Riverside County Fire Department,2.0,4,/incidents/2017/12/13/longhorn-fire/,All road closures have been lifted.,32,33,6.0,2.0,11.0,2018-01-09T13:49:00Z,3.0,False,True,Grass,2.0,3.0,33.88994,"off Shirleon Road and Old Banning and Idyllwild Road, Banning area",-116.91023,False,Longhorn Fire,100.0,151.5,True,"The Longhorn Fire started on December 13, 2017 off of off Shirleon Road and Old Banning and Idyllwild Road in Banning area (Riverside County) and burned 19.5 acres. It was contained on December 13, 2017.",2017-12-13T15:27:00Z,6.0,7.0,0.0,45.0,4.0,12.625,4.0,0.6557377049180327
19.0,False,CAL FIRE Nevada-Yuba-Placer Unit,2.0,4,/incidents/2017/10/10/garden-fire/,All road closures have been lifted.,28,29,6.0,2.0,11.0,2018-01-09T13:33:00Z,3.0,False,True,Grass,2.0,3.0,39.06414,"off Wolf Road and Garden Bar Rd, northwest of Higgins Corner",-121.13737,False,Garden Fire,100.0,151.5,True,"The Garden Fire started on October 10, 2017 off of Wolf Road and Garden Bar Rd, northwest of Higgins Corner (Nevada County) and burned",2017-10-10T12:30:00Z,6.0,7.0,0.0,45.0,4.0,12.625,4.0,0.6557377049180327
19.0,False,CAL FIRE/Riverside County Fire,2.0,4,/incidents/2017/8/13/nuevo-fire/,All road closures have been lifted.,32,33,6.0,2.0,11.0,2018-01-09T12:38:00Z,3.0,False,True,Grass,2.0,3.0,33.797216,Nuevo Road and Montgomery Road,-117.124538,False,Nuevo Fire,100.0,151.5,True,"The Nuevo Fire started on August 13, 2017, Nuevo Rd and Montgomery Rd in northeast of the City of Menifee in Riverside County and burned 19 acres. ",2017-08-13T13:34:00Z,6.0,7.0,0.0,45.0,4.0,12.625,4.0,0.6557377049180327
19.0,False,Six Rivers National Forest,2.0,4,/incidents/2017/8/1/sway-fire/,All road closures have been lifted.,11,12,6.0,2.0,11.0,2018-01-09T12:16:00Z,3.0,False,True,Grass,2.0,3.0,40.39799,"Swayback Ridge, 5 southwest of Mad River",-123.57562,False,Sway Fire,100.0,151.5,True,"The Sway Fire started August 1, 2017 off Swayback Ridge, southwest of Mad River (Humboldt County) and burned 19 acres.",2017-08-01T10:23:00Z,6.0,7.0,0.0,45.0,4.0,12.625,4.0,0.6557377049180327
19.0,False,CAL FIRE Tuolumne-Calaveras Unit,2.0,4,/incidents/2017/7/18/willms-fire/,All road closures have been lifted.,48,50,6.0,2.0,11.0,2018-01-09T12:01:00Z,3.0,False,True,Grass,2.0,3.0,37.81827,10 miles east of Oakdale,-120.65764,False,Willms Fire,100.0,151.5,True,"The Willms fire started on July 18, 2017 10 miles east of Oakdale in Stanislaus County and burned 19 acres.",2017-07-18T22:39:00Z,6.0,7.0,0.0,45.0,4.0,12.625,4.0,0.6557377049180327
19.0,False,CAL FIRE Siskiyou Unit,2.0,4,/incidents/2017/6/26/king-fire/,All road closures have been lifted.,45,47,6.0,2.0,11.0,2018-01-09T11:08:00Z,3.0,False,True,Grass,2.0,3.0,40.703775,off Campus Dr. and Moonlit Oaks Ave. in Yreka ,-122.645079,True,King Fire,100.0,151.5,True,"The King Fire started on June 26, 2017 off Campus Dr. and Moonlit Oaks Ave in Yreka and burned 19 acres.",2017-06-26T12:30:00Z,6.0,7.0,0.0,45.0,4.0,12.625,4.0,0.6557377049180327
19.0,False,Kern County Fire,2.0,4,/incidents/2017/5/1/fay-fire/,All road closures have been lifted.,13,15,6.0,2.0,11.0,2018-01-09T09:54:00Z,3.0,False,True,Grass,2.0,3.0,35.71704,"Fay Ranch Rd, northeast of Lake Isabella",-118.30601,False,Fay Fire,100.0,151.5,True,"The Fay Fire started on May 1, 2017 off of Fay Ranch Rd, northeast of Lake Isabella (Kern County) and burned 19 acres.",2017-05-01T12:44:00Z,6.0,7.0,0.0,45.0,4.0,12.625,4.0,0.6557377049180327
18.0,False,CAL FIRE Sonoma-Lake-Napa Unit,2.0,4,/incidents/2017/8/27/bodega-fire/,All road closures have been lifted.,47,49,6.0,2.0,11.0,2018-01-09T12:45:00Z,3.0,False,True,Grass,2.0,3.0,38.26294,"Bodega Ave and Nosecchi Rd., east of Petaluma",-122.71998,False,Bodega Fire,100.0,151.5,True,"The Bodega Fire started on August 27, 2017 off Boadega Avenue and Nosecchi Road, east of Petaluma in Sonoma County and burned 18 acres.",2017-08-27T13:30:00Z,6.0,7.0,0.0,45.0,4.0,12.625,4.0,0.6557377049180327
18.0,False,CAL FIRE / Butte County Fire,2.0,4,/incidents/2017/7/4/lakeland-fire/,All road closures have been lifted.,3,4,6.0,2.0,11.0,2018-01-09T11:43:00Z,3.0,False,True,Grass,2.0,3.0,39.53944,"Off Lakeland Blvd & Feather River, east of Oroville ",-121.54722,False,Lakeland Fire,100.0,151.5,True,"The Lakeland Fire started on July 4, 2017 off off Lakeland Blvd & Feather River, east of Oroville (Butte County) and burned 18 acres.",2017-07-04T15:45:00Z,6.0,7.0,0.0,45.0,4.0,12.625,4.0,0.6557377049180327
18.0,False,CAL FIRE Fresno-Kings Unit,2.0,4,/incidents/2017/5/28/panoche-fire/,All road closures have been lifted.,9,10,6.0,2.0,11.0,2018-01-09T10:21:00Z,3.0,False,True,Grass,2.0,3.0,36.61332,off Panoche Rd. 4 miles W of I-5 (Fresno County). ,-120.7109,False,Panoche Fire,100.0,151.5,True,"The Panoche Fire started on May 28, 2017 off Ponache Rd, 4 miles west of I-5 in Fresno County and burned 18 acres.",2017-05-28T16:16:00Z,6.0,7.0,0.0,45.0,4.0,12.625,4.0,0.6557377049180327
18.0,False,CAL FIRE San Benito - Monterey Unit,2.0,4,/incidents/2017/5/16/pine-fire/,All road closures have been lifted.,26,27,6.0,2.0,11.0,2018-01-09T09:58:00Z,3.0,False,True,Grass,2.0,3.0,36.1727,"off of Hwy 198 and Pine Valley Road, southwest of King City",-120.86682,False,Pine Fire,100.0,151.5,True,"The Pine Fire started on May 16, 2017 off Hwy 198 and Pine Valley Road,  southwest of King City (Monterey County) and burned 18 acres.",2017-05-16T16:10:00Z,6.0,7.0,0.0,45.0,4.0,12.625,4.0,0.6557377049180327
17.0,False,CAL FIRE Madera-Mariposa-Merced Unit,2.0,4,/incidents/2017/10/3/ramblin-fire/,All road closures have been lifted.,20,22,6.0,2.0,11.0,2018-01-09T13:29:00Z,3.0,False,True,Grass,2.0,3.0,37.41231,"Ramblin Road and Mount Lilac Road, 4 miles south of Bootjack",-119.87465,False,Ramblin Fire,100.0,151.5,True,"The Ramblin Fire started on October 3, 2017  off Ramblin Road and Mount Lilac Road, 4 miles south of Bootjack in Mariposa County and burned 17 acres. ",2017-10-03T11:44:00Z,6.0,7.0,0.0,45.0,4.0,12.625,4.0,0.6557377049180327
17.0,False,CAL FIRE Shasta-Trinity Unit,2.0,4,/incidents/2017/8/17/corner-fire/,All road closures have been lifted.,43,45,1.0,2.0,2.0,2018-01-09T12:42:00Z,3.0,False,True,Grass,2.0,3.0,40.92602,HWY 299 just south of HWY 89 near Cassel,-121.5935,True,Corner Fire,100.0,20.0,True,"The Corner Fire started on August 17, 2017 off of HWY 299 just south of HWY 89 near Cassel (Shasta County) and burned 17 acres.",2017-08-17T14:15:00Z,6.0,7.0,0.0,45.0,4.0,6.666666666666667,4.0,4.761904761904762
17.0,False,CAL FIRE Shasta Trinity Unit,2.0,4,/incidents/2017/7/29/sky-fire/,All road closures have been lifted.,43,45,6.0,2.0,11.0,2018-01-09T12:12:00Z,3.0,False,True,Grass,2.0,3.0,40.69259,"Blue Sky Road, east of Bella Vista ",-122.17384,False,Sky Fire,100.0,151.5,True,"The Sky Fire started July 29 2017 near Blue Sky Road, east of Bella Vista (Shasta County) and burned 17 acres.",2017-07-29T17:29:00Z,6.0,7.0,0.0,45.0,4.0,12.625,4.0,0.6557377049180327
17.0,False,CAL FIRE San Luis Obispo Unit,2.0,4,/incidents/2017/5/20/rocky-fire/,All road closures have been lifted.,38,40,6.0,2.0,11.0,2018-01-09T10:06:00Z,3.0,False,True,Grass,2.0,3.0,35.556667,"off of Rocky Creek Road and Old Abode Canyon Road, east of Atascadero",-120.474,False,Rocky Fire,100.0,151.5,True,"The Rocky Fire started on May 20, 2017 off of Rocky Creek Road and Old Abode Canyon Road, east of Atascadero (San Luis Obispo County) and burned 17 acres.",2017-05-20T13:11:00Z,6.0,7.0,0.0,45.0,4.0,12.625,4.0,0.6557377049180327
17.0,False,CAL FIRE San Benito Monterey Unit,2.0,4,/incidents/2017/5/17/lonoak-fire/,All road closures have been lifted.,26,27,6.0,2.0,11.0,2018-01-09T09:59:00Z,3.0,False,True,Grass,2.0,3.0,36.2771,"Lonoak Road and Airline Road, east of King City",-120.94328,True,Lonoak Fire,100.0,151.5,True,"The Lonoak Fire started on May 17, 2017 off of Lonoak Road and Airline Road, east of King City (Monterey County) and burned 17 acres.",2017-05-17T15:18:00Z,6.0,7.0,0.0,45.0,4.0,12.625,4.0,0.6557377049180327
17.0,False,CAL FIRE/Riverside County Fire,2.0,4,/incidents/2017/5/14/canyon-fire/,All road closures have been lifted.,32,33,6.0,2.0,11.0,2018-01-09T09:56:00Z,3.0,False,True,Grass,2.0,3.0,33.88466,"Highway 79, south of Dump Road, Beaumont",-116.99229,False,Canyon Fire,100.0,151.5,True,"The Canton fire started on May 14, 2017 off Highway 79 and Dump Road, Beaumont (Riverside County) and burned 17 acres.",2017-05-14T12:51:00Z,6.0,7.0,0.0,45.0,4.0,12.625,4.0,0.6557377049180327
16.0,False,Kern County Fire Department,2.0,4,/incidents/2017/6/2/elk-fire/,All road closures have been lifted.,13,15,6.0,2.0,11.0,2018-01-09T10:23:00Z,3.0,False,True,Grass,2.0,3.0,35.188,4 miles south of Buttonwillow ,-119.2877,False,Elk Fire,100.0,151.5,True,"The Elk Fire started on June 2, 2017 4 miles south of Buttonwillow in Kern County and burned 16 acres. ",2017-06-02T18:55:00Z,6.0,7.0,0.0,45.0,4.0,12.625,4.0,0.6557377049180327
16.0,False,CAL FIRE San Bernardino Unit,2.0,4,/incidents/2017/5/29/matz-fire/,All road closures have been lifted.,35,36,6.0,2.0,11.0,2018-01-09T10:22:00Z,3.0,False,True,Grass,2.0,3.0,34.04412,"Big Morongo Canyon Preserve, Morongo Valley",-116.55326,False,Matz Fire,100.0,151.5,True,"The Matz Fire started on May 29, 2017, in Big Morongo Canyon Preserve, Morongo Valley, in San Bernardino County and burned 16 acres.",2017-05-29T01:20:00Z,6.0,7.0,0.0,45.0,4.0,12.625,4.0,0.6557377049180327
16.0,False,CAL FIRE Fresno-Kings Unit,2.0,4,/incidents/2017/5/28/rusty-fire/,All road closures have been lifted.,9,10,6.0,2.0,11.0,2018-01-09T10:17:00Z,3.0,False,True,Grass,2.0,3.0,36.96642,"off Millerton Rd. and Rusty Spur Ln., 10 miles N. of Clovis",-119.58292,False,Rusty Fire,100.0,151.5,True,"The Rusty Fire started on May 28, 2017 off Millerton Rd and Rusty Spur Ln, 10 miles north of Clovis Fresno County and burned 16 acres.",2017-05-28T07:49:00Z,6.0,7.0,0.0,45.0,4.0,12.625,4.0,0.6557377049180327
15.0,False,CAL FIRE Tehama-Glenn Unit,2.0,4,/incidents/2017/8/10/paskenta-fire/,All road closures have been lifted.,52,52,6.0,2.0,11.0,2018-01-09T12:31:00Z,3.0,False,True,Grass,2.0,3.0,39.87983,Round Valley Rd and Paskenta Rd in Paskenta ,-122.5415,False,Paskenta Fire ,100.0,151.5,True,"The Paskenta Fire started on August 10,2017, off Round Valley Road and Paskenta Road in Paskenta (Tehama County) and burned 15 acres. ",2017-08-10T17:24:00Z,6.0,7.0,0.0,45.0,4.0,12.625,4.0,0.6557377049180327
15.0,False,CAL FIRE Nevada - Yuba - Placer Unit,2.0,4,/incidents/2017/7/27/greenhorn-fire/,All road closures have been lifted.,28,29,6.0,2.0,11.0,2018-01-09T12:06:00Z,3.0,False,True,Grass,2.0,3.0,39.16826,"Greenhorn Access Rd, Rollins Lake (Nevada Co)",-120.95498,False,Greenhorn Fire,100.0,151.5,True,"The Greenhorn Fire Started on July 27 2017 near Greenhorn Access Rd, Rollins Lake (Nevada County) and burned 15 acres.",2017-07-27T14:49:00Z,6.0,7.0,0.0,45.0,4.0,12.625,4.0,0.6557377049180327
15.0,False,CAL FIRE Lassen-Modoc Unit,2.0,4,/incidents/2017/7/17/centerville-fire/,All road closures have been lifted.,24,25,6.0,2.0,11.0,2018-01-09T11:58:00Z,3.0,False,True,Grass,2.0,3.0,41.45589,"County Road 60 and 54, Alturas",-120.56933,False,Centerville Fire,100.0,151.5,True,"The Centerville fire started on July 17, 2017 off County Road 60 and 54, alturas in Modoc County and burned 15 acres.",2017-07-17T13:38:00Z,6.0,7.0,0.0,45.0,4.0,12.625,4.0,0.6557377049180327
15.0,False,CAL FIRE San Benito-Monterey,2.0,4,/incidents/2017/6/28/alvarado-fire/,All road closures have been lifted.,26,27,6.0,2.0,11.0,2018-01-09T11:10:00Z,3.0,False,True,Grass,2.0,3.0,35.947,Alvarado Rd and Wunpost in the community of Bradley,-120.87492,False,Alvarado Fire,100.0,151.5,True,"The Alvarado Fire started on June 28, 2017 off of Alvarado Rd and Wunpost in the community of Bradley (Monterey County) and burned 15 acres.",2017-06-28T09:30:00Z,6.0,7.0,0.0,45.0,4.0,12.625,4.0,0.6557377049180327
15.0,False,CAL FIRE Tuolumne-Calaveras Unit,2.0,4,/incidents/2017/5/28/lombardi-fire/,All road closures have been lifted.,4,5,6.0,2.0,11.0,2018-01-09T10:21:00Z,3.0,False,True,Grass,2.0,3.0,38.19906,"off Hwy 26 and Hwy 12, 4 miles SW of Mokelumne Hill",-120.83484,False,Lombardi Fire,100.0,151.5,True,"The Lombardi Fire started on May 28, 2017 off Hwy 26 and Hwy 12, 4 miles sw of Mokelumne Hill and burned 15 acres.",2017-05-28T15:30:00Z,6.0,7.0,0.0,45.0,4.0,12.625,4.0,0.6557377049180327
15.0,False,CAL FIRE Riverside Unit,2.0,4,/incidents/2017/4/13/66-fire/,All road closures have been lifted.,32,33,6.0,2.0,11.0,2018-01-09T09:50:00Z,3.0,False,True,Grass,2.0,3.0,33.56777,Avenue 66 and Hwy 111 near community of Mecca,-116.08003,False,66 Fire,100.0,151.5,True,"66 Fire started on April 13, 2017 near Avenue 66 and Highway 111, near the community of Mecca (Riverside County) and burned 30 acres.",2017-04-13T02:30:00Z,6.0,7.0,0.0,45.0,4.0,12.625,4.0,0.6557377049180327
14.0,False,Santa Barbara County Fire,2.0,4,/incidents/2017/12/16/drum-fire/,All road closures have been lifted.,40,42,6.0,2.0,11.0,2018-01-09T13:49:00Z,3.0,False,True,Grass,2.0,3.0,34.71796,"off Drum Canyon Rd, south of Los Alamos",-120.27077,False,Drum Fire,100.0,151.5,True,"The Drum Fire started December 16, 2017 off Drum Canyon Rd, south of Los Alamos (Santa Barbara County) and burned 14 acres. It was contained on December 17, 2017. ",2017-12-16T12:21:00Z,6.0,7.0,0.0,45.0,4.0,12.625,4.0,0.6557377049180327
14.0,False,Santa Barbara County Fire,2.0,4,/incidents/2017/12/14/coast-fire/,All road closures have been lifted.,40,42,6.0,2.0,11.0,2018-01-09T13:49:00Z,3.0,False,True,Grass,2.0,3.0,34.605358,"off the 3500 Block of Highway 1, south east of Lompoc",-120.414875,False,Coast Fire,100.0,151.5,True,"The Coast Fire started on December 14, 2017 off the 3500 Block of Highway 1, South east of Lompoc (Santa Barbara County) and burned 14 acres. It was contained on December 15, 2017.",2017-12-14T12:59:00Z,6.0,7.0,0.0,45.0,4.0,12.625,4.0,0.6557377049180327
14.0,False,CAL FIRE Butte Unit,2.0,4,/incidents/2017/7/2/desabla-fire/,All road closures have been lifted.,3,4,6.0,2.0,11.0,2018-01-09T11:17:00Z,3.0,False,True,Grass,2.0,3.0,39.8629,"off Desabla Powerhouse Rd and Humbug Rd, Desabla",-121.6268,False,Desabla Fire,100.0,151.5,True,"The Desable Fire started on July 2, 2017 off Desabla Powerhouse Rd and Humbug Rd, Desabla and burned 14 acres.",2017-07-02T13:43:00Z,6.0,7.0,0.0,45.0,4.0,12.625,4.0,0.6557377049180327
14.0,False,CAL FIRE San Benito-Monterey Unit,2.0,4,/incidents/2017/6/9/hog-fire/,All road closures have been lifted.,26,27,6.0,2.0,11.0,2018-01-09T10:29:00Z,3.0,False,True,Grass,2.0,3.0,35.80375,"Hog Canyon Rd & Ranchita Canyon Rd, southeast of Parkfield",-120.52508,False,Hog Fire,100.0,151.5,True,"The Hog Canyon fire started on June 9, 2017 off of Hog Canyon Rd & Ranchita Canyon Rd, southeast of Parkfield in Monterey County and burned 14 acres.",2017-06-09T16:15:00Z,6.0,7.0,0.0,45.0,4.0,12.625,4.0,0.6557377049180327
14.0,False,CAL FIRE/Riverside County Fire,2.0,4,/incidents/2017/5/18/moraga-fire/,All road closures have been lifted.,32,33,6.0,2.0,11.0,2018-01-09T10:05:00Z,3.0,False,True,Grass,2.0,3.0,33.97155,"Avenue Juan Diaz and Riverside Drive, Jurupa Valley",-117.44148,False,Moraga Fire,100.0,151.5,True,"The Moraga Fire started on May 18, 2017 off of Avenue Juan Diaz and Riverside Drive, Jurupa Valley, Riverside County and burned 14 acres.",2017-05-18T17:25:00Z,6.0,7.0,0.0,45.0,4.0,12.625,4.0,0.6557377049180327
13.0,False,CAL FIRE Tuolumne-Calaveras Unit,2.0,4,/incidents/2017/10/18/milton-fire/,All road closures have been lifted.,48,50,6.0,2.0,11.0,2018-01-09T13:41:00Z,3.0,False,True,Grass,2.0,3.0,37.89532,off Milton Road and Sonora Road north of Woodward Reservoir Park,-120.84748,False,Milton Fire,100.0,151.5,True,"The Milton Fire started on October 18, 2017 off Milton Road and Sonora Road north of Woodward Reservoir Park (Stanislaus County) and burned 13 acres.",2017-10-18T12:53:00Z,6.0,7.0,0.0,45.0,4.0,12.625,4.0,0.6557377049180327
13.0,False,CAL FIRE Amador-El Dorado Unit,2.0,4,/incidents/2017/7/25/woodland-fire/,All road closures have been lifted.,8,9,6.0,2.0,11.0,2018-01-09T12:06:00Z,3.0,False,True,Grass,2.0,3.0,38.69775,"Woodland Court, Community of Oak Hill",-120.73757,False,Woodland Fire,100.0,151.5,True,"The Woodland fire started on July 25, 2017 off Woodland Court, in the Community of Oak Hill in El Dorado County and burned 13 acres.",2017-07-25T14:13:00Z,6.0,7.0,0.0,45.0,4.0,12.625,4.0,0.6557377049180327
13.0,False,CAL FIRE Amador-El Dorado Unit,2.0,4,/incidents/2017/7/12/rosado-fire/,All road closures have been lifted.,8,9,6.0,2.0,11.0,2018-01-09T11:53:00Z,3.0,False,True,Grass,2.0,3.0,38.67474,"off Rosado Rd, El Dorado Hills ",-121.06088,False,Rosado Fire,100.0,151.5,True,"The Rosado Fire fire started July 12 2017 off Rosado Rd, El Dorado Hills (El Dorado County) and burned 13 acres. ",2017-07-12T13:51:00Z,6.0,7.0,0.0,45.0,4.0,12.625,4.0,0.6557377049180327
13.0,False,CAL FIRE San Bernardino Unit / San Bernardino National Forest,2.0,4,/incidents/2017/7/4/silver-fire/,All road closures have been lifted.,35,36,6.0,2.0,11.0,2018-01-09T11:42:00Z,3.0,False,True,Grass,2.0,3.0,34.304722,"Off Hwy 138 & Sawpit Canyon Rd, southwest of Silverwood Lake",-117.3125,False,Silver Fire,100.0,151.5,True,"The Silver Fire started on July 4, 2017 off Hwy 138 & Sawpit Canyon Rd, southwest of Silverwood Lake (San Bernardino County and burned 13 acres.",2017-07-04T13:15:00Z,6.0,7.0,0.0,45.0,4.0,12.625,4.0,0.6557377049180327
12.0,False,CAL FIRE/Butte County Fire,2.0,4,/incidents/2017/9/12/pacific-fire/,All road closures have been lifted.,3,4,6.0,2.0,11.0,2018-01-09T13:21:00Z,3.0,False,True,Grass,2.0,3.0,39.44257,"off Pacific Heights Road, west of Palermo",-121.60683,False,Pacific Fire,100.0,151.5,True,"The Pacific Fire started on September 12, 2017 off Pacific Heights Rd, west of Palmero in Butte County and burned 12 acres.",2017-09-12T17:24:00Z,6.0,7.0,0.0,45.0,4.0,12.625,4.0,0.6557377049180327
12.0,False,CAL FIRE San Diego Unit,2.0,4,/incidents/2017/6/4/dehesa-fire/,All road closures have been lifted.,36,37,6.0,2.0,11.0,2018-01-09T10:25:00Z,3.0,False,True,Grass,2.0,3.0,0.0,"off of Dehesa Rd and Sloane Canyon Rd, Dehesa",0.0,False,Dehesa Fire,100.0,151.5,True,"The Dehesa Fire started on June 4, 2017 off of Dehesa Rd and Sloane Canyon Rd, Dehesa in San Diego County and burned 12 acres. ",2017-06-04T11:04:00Z,6.0,7.0,0.0,45.0,4.0,12.625,4.0,0.6557377049180327
12.0,False,CAL FIRE San Luis Obispo Unit,2.0,4,/incidents/2017/5/7/shandon-fire/,All road closures have been lifted.,38,40,6.0,2.0,11.0,2018-01-09T09:55:00Z,3.0,False,True,Grass,2.0,3.0,35.6879,"Off Lucy Brown Rd, in Shandon",-120.3317,False,Shandon Fire,100.0,151.5,True,"The Shandon Fire started on May 7, 2017 off Lucy Brown Rd in Shandon (San Luis Obispo County) and burned 12 acres.",2017-05-07T16:41:00Z,6.0,7.0,0.0,45.0,4.0,12.625,4.0,0.6557377049180327
12.0,False,CAL FIRE/Riverside County Fire,2.0,4,/incidents/2017/4/30/jameson-fire/,All road closures have been lifted.,32,33,6.0,2.0,11.0,2018-01-09T09:54:00Z,3.0,False,True,Grass,2.0,3.0,33.7866,"Jameson Rd and Clay Canyon Dr., south of Corona",-117.5048,False,Jameson Fire,100.0,151.5,True,"The Jameson Fire started on April 20, 2017 off of Jameson Rd and Clay Canyon Dr., south of Corona in Riverside County and burned 12.5 acres. ",2017-04-30T19:43:00Z,6.0,7.0,0.0,45.0,4.0,12.625,4.0,0.6557377049180327
12.0,False,CAL FIRE Madera-Mariposa-Merced Unit,2.0,4,/incidents/2017/12/31/taglio-fire/,All road closures have been lifted.,22,24,6.0,2.0,11.0,2018-01-09T10:05:00Z,3.0,False,True,Grass,2.0,3.0,37.21812,"Interstate 5 near Taglio Road, Gustine",-121.07761,False,Taglio Fire,100.0,151.5,True,"The Taglio Fire started on May 19, 2017 off of Interstate 5 and Taglio Road, Gustine (Merced County) and burned 12 acres.",1969-12-31T16:00:00Z,6.0,7.0,0.0,45.0,4.0,12.625,4.0,0.6557377049180327
11.0,False,CAL FIRE Sonoma-Lake-Napa Unit,2.0,4,/incidents/2017/7/31/independence-fire/,All road closures have been lifted.,47,49,6.0,2.0,11.0,2018-01-09T12:15:00Z,3.0,False,True,Grass,2.0,3.0,38.70289,"Independence Lane, 2 miles south of Geyserville",-122.90217,False,Independence Fire,100.0,151.5,True,"The Independence Fire started July 31 2017 off Independence Lane, 2 miles south of Geyserville (Sonoma County) and burned 11 acres.",2017-07-31T23:17:00Z,6.0,7.0,0.0,45.0,4.0,12.625,4.0,0.6557377049180327
11.0,False,CAL FIRE Riverside Unit,2.0,4,/incidents/2017/7/2/lisa-fire/,All road closures have been lifted.,32,33,6.0,2.0,11.0,2018-01-09T11:16:00Z,3.0,False,True,Grass,2.0,3.0,33.913089,"off Gilman Springs Rd and Alessandro Blvd., east of Moreno Valley",-117.096233,False,Lisa Fire,100.0,151.5,True,"The Lisa Fire started on July 2, 2017 off Gilman Springs Rd and Alessandro Blvd, east of Moreno Valley and burned 11 acres.",2017-07-02T13:04:00Z,6.0,7.0,0.0,45.0,4.0,12.625,4.0,0.6557377049180327
10.0,False,CAL FIRE Tehama-Glenn Unit,2.0,4,/incidents/2017/10/8/freeway-fire/,All road closures have been lifted.,52,52,6.0,2.0,11.0,2018-01-09T13:31:00Z,3.0,False,True,Grass,2.0,3.0,40.24789,"off of Jelly Ferry Rd and I-5, north of Red Bluff",-122.255,False,Freeway Fire,100.0,151.5,True,"The Freeway Fire started on October 08, 2017 off of Jelly Ferry Rd and I-5, north of Red Bluff in Tehama County.",2017-10-08T12:15:00Z,6.0,7.0,0.0,45.0,4.0,12.625,4.0,0.6557377049180327
10.0,False,CAL FIRE Madera-Mariposa-Merced Unit,2.0,4,/incidents/2017/9/20/dexter-fire/,All road closures have been lifted.,20,22,6.0,2.0,11.0,2018-01-09T13:23:00Z,3.0,False,True,Grass,2.0,3.0,37.76888,"Dexter Rd and Pine Lake Dr, 5 miles east of Coulterville",-120.15846,False,Dexter Fire,100.0,151.5,True,"The Dexter Fire started September 20 2017 near  Dexter Road and Pine Lake Dr, 5 miles east of Coulterville (Mariposa County)",2017-09-20T14:53:00Z,6.0,7.0,0.0,45.0,4.0,12.625,4.0,0.6557377049180327
10.0,False,CAL FIRE / Fresno County Fire,2.0,4,/incidents/2017/9/11/shaver-fire/,All road closures have been lifted.,9,10,6.0,2.0,11.0,2018-01-09T13:19:00Z,3.0,False,True,Grass,2.0,3.0,37.10067,"Indian Rock Rd and Musick Creek Lane, Community of Shaver Lake",-119.32109,False,Shaver Fire,100.0,151.5,True,"The Shaver fire started on September 11, 2017 off Indian Rock Rd and Musick Creek Lane, Community of Shaver Lake in Fresno County and burned 9 acres.",2017-09-11T10:00:00Z,6.0,7.0,0.0,45.0,4.0,12.625,4.0,0.6557377049180327
10.0,False,CAL FIRE Amador-El Dorado Unit,2.0,4,/incidents/2017/8/28/sandra-fire/,All road closures have been lifted.,2,3,6.0,2.0,11.0,2018-01-09T12:46:00Z,3.0,False,True,Grass,2.0,3.0,38.34421,"Butte Mountain road, 3 miles east of Jackson",-120.72274,False,Sandra Fire,100.0,151.5,True,"The Sandra Fire started on August 28 2017, Off Butte Mountain, 3 miles east of Jackson (Amador County) and burned 8 acres.",2017-08-28T17:06:00Z,6.0,7.0,0.0,45.0,4.0,12.625,4.0,0.6557377049180327
10.0,False,Angeles National Forest,2.0,4,/incidents/2017/8/3/rincon-fire/,All road closures have been lifted.,17,19,6.0,2.0,11.0,2018-01-09T12:18:00Z,3.0,False,True,Grass,2.0,3.0,34.23925,"off Hwy 39 & East Fork Ave, north of Azusa",-117.85182,False,Rincon Fire,100.0,151.5,True,"The Rincon Fire started on August 3, 2017 off Hwy 39 & East Fork Ave, north of Azusa (Los Angeles County) and burned 10 acres.",2017-08-03T16:21:00Z,6.0,7.0,0.0,45.0,4.0,12.625,4.0,0.6557377049180327
10.0,False,CAL FIRE Nevada-Yuba-Placer Unit,2.0,4,/incidents/2017/7/21/grizzly-fire/,All road closures have been lifted.,28,29,6.0,2.0,11.0,2018-01-09T12:03:00Z,3.0,False,True,Grass,2.0,3.0,39.36902,"off of Grizzly Hill Rd & Turnagain Arm Rd, 8 miles northeast of Nevada City",-120.97586,False,Grizzly Fire,100.0,151.5,True,"The Grizzly Fire started on July 21, 2017 off of Grizzly Hill Rd & Turnagain Arm Rd, 8 miles northeast of Nevada City in Nevada County and burned 10 acres.",2017-07-21T16:50:00Z,6.0,7.0,0.0,45.0,4.0,12.625,4.0,0.6557377049180327
10.0,False,CAL FIRE Shasta-Trinity Unit,2.0,4,/incidents/2017/7/15/north-fire/,All road closures have been lifted.,43,45,6.0,2.0,11.0,2018-01-09T11:56:00Z,3.0,False,True,Grass,2.0,3.0,40.48972,"Canyon Road and China Gulch, Happy Valley",-122.38619,True,North Fire,100.0,151.5,True,"The North fire started on July 15, 2017 off Canyon Road and China Gulch, Happy Valley in Shasta County and burned 8 acres.",2017-07-15T18:10:00Z,6.0,7.0,0.0,45.0,4.0,12.625,4.0,0.6557377049180327
10.0,False,CAL FIRE / Riverside County Fire,2.0,4,/incidents/2017/7/13/navajo-fire/,All road closures have been lifted.,32,33,6.0,2.0,11.0,2018-01-09T11:54:00Z,3.0,False,True,Grass,2.0,3.0,33.77896,"West 7th Street and Park Avenue, Perris",-117.24091,False,Navajo Fire,100.0,151.5,True,"The Navajo fire started on July 13, 2017 off west 7th Street and Park Avenue in Perris (Riverside County) and burned 10 acres.",2017-07-13T14:14:00Z,6.0,7.0,0.0,45.0,4.0,12.625,4.0,0.6557377049180327
10.0,False,CAL FIRE Butte Unit ,2.0,4,/incidents/2017/7/12/rebie-fire/,Forbestown Rd is now open,3,4,6.0,2.0,11.0,2018-01-09T11:53:00Z,3.0,False,True,Grass,2.0,3.0,39.50475,"Off Rebie way and Forbestown Rd, south east of Lake Oroville",-121.33785,True,Rebie Fire,100.0,151.5,True,"The Ribie fire started July 12, 2017 off Rebie way and Forbestown Rd, south east of Lake Oroville (Butte County) and burned 5 acres.",2017-07-12T13:55:00Z,6.0,7.0,0.0,45.0,4.0,12.625,4.0,0.6557377049180327
10.0,False,CAL FIRE/Riverside County Fire Department ,2.0,4,/incidents/2017/7/3/canyon-fire/,All road closures have been lifted.,32,33,6.0,2.0,11.0,2018-01-09T11:41:00Z,3.0,False,True,Grass,2.0,3.0,33.91806,"Bolo Court and David Mountain Road, south of Beaumont",-116.99321,False,Canyon Fire,100.0,151.5,True,"The Canyon Fire started on June 3, 2017 off of Bolo Court and David Mountain Road, south of Beaumont (Riverside County) and burned 10 acres.",2017-07-03T13:34:00Z,6.0,7.0,0.0,45.0,4.0,12.625,4.0,0.6557377049180327
10.0,False,CAL FIRE Nevada-Yuba-Placer Unit,2.0,4,/incidents/2017/7/2/brewer-fire/,All road closures have been lifted.,28,29,6.0,2.0,11.0,2018-01-09T11:16:00Z,3.0,False,True,Grass,2.0,3.0,39.08382,off Brewer Road and Conestoga Drive in Alta Sierra,-121.06656,False,Brewer Fire,100.0,151.5,True,"The Brewer Fire started on July 2, 2017 off Brewer Rd and Conestoga Dr in Alta Sierra and burned 10 acres.",2017-07-02T12:41:00Z,6.0,7.0,0.0,45.0,4.0,12.625,4.0,0.6557377049180327
10.0,False,CAL FIRE / Riverside County Fire,2.0,4,/incidents/2017/6/18/lambs-fire/,All road closures have been lifted.,32,33,6.0,2.0,11.0,2018-01-09T10:35:00Z,3.0,False,True,Grass,2.0,3.0,33.90965,"Manzanita Park and Roadrunner Dr., near Beaumont",-116.9669,False,Lambs Fire,100.0,151.5,True,"The Lambs fire started on June 18, 2017 off Manzanita Park and Roadrunner Dr., near Beaumont in Riverside County and burned 10 acres.",2017-06-18T12:28:00Z,6.0,7.0,0.0,45.0,4.0,12.625,4.0,0.6557377049180327
10.0,False,CAL FIRE/Riverside County Fire,2.0,4,/incidents/2017/6/16/springs-fire/,All road closures have been lifted.,32,33,6.0,2.0,11.0,2018-01-09T10:34:00Z,3.0,False,True,Grass,2.0,3.0,117.138741,"off Gilman Springs Road, south of Hwy 60 in Gilman Springs",33.939428,False,Springs Fire,100.0,151.5,True,"The Springs Fire started on June 17, 2017 off of Gilman Springs Rd, south of Hwy 60 in Gilman Springs in Riverside County and burned 10.8 acres.",2017-06-16T14:51:00Z,6.0,7.0,0.0,45.0,4.0,12.625,4.0,0.6557377049180327
10.0,False,Kern County Fire,2.0,4,/incidents/2017/6/5/pine-fire/,All road closures have been lifted.,13,15,6.0,2.0,11.0,2018-01-09T10:27:00Z,3.0,False,True,Grass,2.0,3.0,35.564124,"Pine Mountain Rd., 10 miles NE of Bakersfield",-118.796513,False,Pine Fire,100.0,151.5,True,"The Pine Fire started on June 5, 2017 on Pine Mountain Road, northeast of Bakersfield in Kern County and burned 9 acres.",2017-06-05T14:02:00Z,6.0,7.0,0.0,45.0,4.0,12.625,4.0,0.6557377049180327
10.0,False,CAL FIRE/Riverside County Fire,2.0,4,/incidents/2017/6/4/shirleon-fire/,All road closures have been lifted.,32,33,6.0,2.0,11.0,2018-01-09T10:26:00Z,3.0,False,True,Grass,2.0,3.0,33.87107,"Old Banning Idyllwild Road & Mount Edna Road, Banning",-116.88097,False,Shirleon Fire ,100.0,151.5,True,"The Shirleon Fire started on June 4, 2017 Old Banning Idyllwild Road & Mount Edna Road, Banning in Riverside County and burned 7 acres.",2017-06-04T16:48:00Z,6.0,7.0,0.0,45.0,4.0,12.625,4.0,0.6557377049180327
10.0,False,CAL FIRE Nevada-Yuba-Placer Unit,2.0,4,/incidents/2017/5/29/twenty-fire/,All road closures have been lifted.,58,58,6.0,2.0,11.0,2018-01-09T10:22:00Z,3.0,False,True,Grass,2.0,3.0,39.23205,"off Hwy 20 and Escheman Ln, East of Brown",-121.376,False,Twenty Fire,100.0,151.5,True,"The Twenty Fire started on May 29, 2017 off Hwy 20 and Escheman Ln, East of Brown's Valley (Yuba County) and burned 3.5 acres.",2017-05-29T15:31:00Z,6.0,7.0,0.0,45.0,4.0,12.625,4.0,0.6557377049180327
10.0,False,Kern County Fire Department,2.0,4,/incidents/2017/5/28/champagne-fire/,All road closures have been lifted.,13,15,6.0,2.0,11.0,2018-01-09T10:17:00Z,3.0,False,True,Grass,2.0,3.0,34.87128,10 miles West of Rosamond,-118.35296,False,Champagne Fire,100.0,151.5,True,"The Champagne Fire started on n May 28, 2017 10 miles east of Rosamond in Kern County and burned 10 acres.",2017-05-28T10:59:00Z,6.0,7.0,0.0,45.0,4.0,12.625,4.0,0.6557377049180327
10.0,False,CAL FIRE/Riverside County Fire,2.0,4,/incidents/2017/5/23/moreno-fire/,All road closures have been lifted.,32,33,6.0,2.0,11.0,2018-01-09T10:08:00Z,3.0,False,True,Grass,2.0,3.0,33.94673,Ironwood Avenue and Moreno Beach Drive,-117.17773,False,Moreno Fire,100.0,151.5,True,"The Moreno Fire started on May 23, 2017 off of Ironwood Avenue and Moreno Beach Drive, Moreno Valley (Riverside County) and burned 10 acres.",2017-05-23T13:13:00Z,6.0,7.0,0.0,45.0,4.0,12.625,4.0,0.6557377049180327
10.0,False,CAL FIRE San Benito-Monterey Unit ,2.0,4,/incidents/2017/4/24/soledad-fire/,All road closures have been lifted.,26,27,6.0,2.0,11.0,2018-01-09T09:51:00Z,3.0,False,True,Grass,2.0,3.0,36.44141,"Highway 101 & Front Street, north of Soledad ",-121.34695,False,Soledad Fire,100.0,151.5,True,"The Soledad Fire started on April 24, 2017, off of Highway 101 and Front Street, north of Soledad in Monterey County and burned 8 acres.",2017-04-24T12:06:00Z,6.0,7.0,0.0,45.0,4.0,12.625,4.0,0.6557377049180327
0.0,False,CAL FIRE Sonoma-Lake-Napa Unit,2.0,4,/incidents/2017/10/9/pressley-fire-central-lnu-complex/,All road closures have been lifted.,47,49,6.0,2.0,11.0,2018-01-09T13:34:00Z,3.0,False,True,Grass,2.0,3.0,38.36685,east of Rohnert Park,-122.64001,True,Pressley Fire (Central LNU Complex),100.0,151.5,True,"The Pressley Fire started on October 09, 2017 east of Rohnert Park in Sonoma County. 10/13/17 Pm absorbed into the Nuns Fire",2017-10-09T01:30:00Z,6.0,7.0,0.0,45.0,4.0,12.625,4.0,0.6557377049180327
0.0,False,CAL FIRE Sonoma-Lake-Napa Unit,2.0,4,/incidents/2017/10/8/partrick-fire-central-lnu-complex/,All road closures have been lifted.,27,28,6.0,2.0,11.0,2018-01-09T13:33:00Z,3.0,False,True,Grass,2.0,3.0,38.31802,"off Partrick Rd, west of Napa",-122.39052,True,Partrick Fire (Central LNU Complex),100.0,151.5,True,"The Partrick Fire started on October 8, 2017 off off Partrick Rd, west of Napa in Napa County. 10/13/17 PM Absorbed into the Nuns Fire",2017-10-08T23:48:00Z,6.0,7.0,0.0,45.0,4.0,12.625,4.0,0.6557377049180327
0.0,False,Yosemite National Park,2.0,4,/incidents/2017/9/7/rattlesnake-fire/,All road closures have been lifted.,20,22,6.0,2.0,11.0,2018-01-09T13:19:00Z,3.0,False,True,Grass,2.0,3.0,37.73596,Hwy 120 and Big Oak Flat Road near Foresta,-119.78256,False,Rattlesnake Fire,100.0,151.5,True,"The Rattlesnake Fire started on September 7, 2017, at Hwy 120 and Big Oak Flat Road, near Foresta (Mariposa County).",2017-09-07T15:00:00Z,6.0,7.0,0.0,45.0,4.0,12.625,4.0,0.6557377049180327
0.0,False,Klamath National Forest,2.0,4,/incidents/2017/7/25/clear-complex-merged-into-eclipse-complex/,All road closures have been lifted.,45,47,6.0,2.0,11.0,2018-01-09T12:05:00Z,3.0,False,True,Grass,2.0,3.0,41.702,"Clear Creek Drainage, 7 miles southwest of Happy Camp (Siskiyou County)",-123.508,False,Clear Complex (merged into Eclipse Complex),100.0,151.5,True,"The Clear Complex satarted on July 25th 2017 offClear Creek Drainage, 7 miles southwest of Happy Camp (Siskiyou County).",2017-07-25T12:45:00Z,6.0,7.0,0.0,45.0,4.0,12.625,4.0,0.6557377049180327
0.0,False,Modoc National Forest,2.0,4,/incidents/2017/7/23/warner-mountain-lightning/,All road closures have been lifted.,24,25,6.0,2.0,11.0,2018-01-09T12:04:00Z,3.0,False,True,Grass,2.0,3.0,41.338,Warner Mountain Ranger District on the Modoc National Forest,-120.304,False,Warner Mountain Lightning,100.0,151.5,True,The Warner Mountain Lightning Fire started off Warner Mountain Ranger District on the Modoc National Forest in Modoc County and burned 210 acres.,2017-07-23T00:00:00Z,6.0,7.0,0.0,45.0,4.0,12.625,4.0,0.6557377049180327
0.0,False,City of Orland Fire Department,2.0,4,/incidents/2017/7/19/creek-fire/,All road closures have been lifted.,10,11,6.0,2.0,11.0,2018-01-09T12:02:00Z,3.0,False,True,Grass,2.0,3.0,39.75425,"Stony Creek, Orland",-122.17657,False,Creek Fire,100.0,151.5,True,"The Creek Fire started on July 19, 2017 off of Stony Creek, Orland in Glenn County.",2017-07-19T17:30:00Z,6.0,7.0,0.0,45.0,4.0,12.625,4.0,0.6557377049180327
0.0,False,Lassen National Forest,2.0,4,/incidents/2017/7/6/antelope-fire/,All road closures have been lifted.,16,18,6.0,2.0,11.0,2018-01-09T11:45:00Z,3.0,False,True,Grass,2.0,3.0,40.6361,"10 Miles west of Eagle Lake, Lassen National Forest",-120.9643,False,Antelope Fire,100.0,151.5,True,"The Antelope Fire started on July 6, 2017 10 Miles west of Eagle Lake, Lassen National Forest (Lassen County).",2017-07-06T13:00:00Z,6.0,7.0,0.0,45.0,4.0,12.625,4.0,0.6557377049180327
0.0,False,Klamath National Forest,2.0,4,/incidents/2017/7/4/klamath-fire/,All road closures have been lifted.,45,47,6.0,2.0,11.0,2018-01-09T11:43:00Z,3.0,False,True,Grass,2.0,3.0,41.86609,"Off Hwy 96 & Dutch Creek Rd, east of Oak Knoll",-122.73031,False,Klamath Fire,100.0,151.5,True,"The Klamath Fire started on July 4, 2017 off Hwy 96 & Dutch Creek Rd, east of Oak Knoll (Siskiyou County).",2017-07-04T15:21:00Z,6.0,7.0,0.0,45.0,4.0,12.625,4.0,0.6557377049180327
0.0,False,Camp Pendleton Marine Corps Base,2.0,4,/incidents/2017/6/28/cristianitos-fire/,All road closures have been lifted.,36,37,6.0,2.0,11.0,2018-01-09T11:10:00Z,3.0,False,True,Grass,2.0,3.0,33.43513,off Cristianitos Rd. and Talega Rd.,-117.58252,False, Cristianitos Fire,100.0,151.5,True,"The Cristianitos Fire started on June 28, 2017, off Cristianitos Rd and Talega Rd on Camp Pendleton in San Diego County.",2017-06-28T17:56:00Z,6.0,7.0,0.0,45.0,4.0,12.625,4.0,0.6557377049180327
0.0,False,CAL FIRE Siskiyou Unit / Klamath National Forest,2.0,4,/incidents/2017/6/25/salmon-august-complex/,All road closures have been lifted.,45,47,6.0,2.0,11.0,2018-01-09T11:07:00Z,3.0,False,True,Grass,2.0,3.0,41.841,"14 miles west of Etna, California in the Marble Mountain Wilderness",-123.474,False,Salmon-August Complex ,100.0,151.5,True,"This complex of six fires includes the Island Fire started on June 25, 2017 14 miles west of Etna, California in the Marble Mountain Wilderness (Siskiyou County), the Wallow Fire, Pointers fire, Mary fire, Grizzly fire, Garden fire and Deep fire.",2017-06-25T17:00:00Z,6.0,7.0,0.0,45.0,4.0,12.625,4.0,0.6557377049180327
0.0,False,Tulare County,2.0,4,/incidents/2017/6/23/king-incident/,All road closures have been lifted.,54,54,6.0,2.0,11.0,2018-01-09T11:01:00Z,3.0,False,True,Grass,2.0,3.0,36.51912,"Hwy 201 & Rd 36, Community of Kings River",-119.50606,False,King Incident,100.0,151.5,True,"The King Incident started on June 23, 2017 off Hwy 201 & Rd 36, in the community of Kings River (Tulare County).",2017-06-23T22:32:00Z,6.0,7.0,0.0,45.0,4.0,12.625,4.0,0.6557377049180327
0.0,False,Department of Defense - Camp Roberts,2.0,4,/incidents/2017/5/19/range-fire/,All road closures have been lifted.,38,40,6.0,2.0,11.0,2018-01-09T10:05:00Z,3.0,False,True,Grass,2.0,3.0,35.85253,"off of San Antonio Drive and Hwy 101, Camp Roberts",-120.80411,False,Range Fire,100.0,151.5,True,"The Range Fire started on May 19, 2017 off of San Antonio Drive and Hwy 101, Camp Roberts (San Luis Obispo County) and burned 5,000 acres.",2017-05-19T13:10:00Z,6.0,7.0,0.0,45.0,4.0,12.625,4.0,0.6557377049180327
0.0,False,Unified Command,2.0,4,/incidents/2017/2/7/oroville-spillway/,All road closures have been lifted.,3,4,6.0,2.0,11.0,2018-01-09T09:24:00Z,3.0,False,True,Grass,2.0,3.0,39.51158,"Oroville Dam, Canyon Dr. & Oroville Dam Rd, Oroville, CA 95966",-121.55633,True,Oroville Spillway ,100.0,596.0,True,"On Saturday, February 12 emergency evacuations were ordered for the residents in Oroville, California. Oroville residents evacuate northward.",2017-02-07T14:00:00Z,6.0,7.0,0.0,45.0,4.0,49.666666666666664,4.0,0.16750418760469013
410203.0,False,USFS Mendocino National Forest ,2.0,5,/incidents/2018/7/27/ranch-fire-mendocino-complex/,All road closures have been lifted.,5,"6,11,17,23",6.0,2.0,11.0,2019-01-04T09:33:00Z,1.0,False,True,Grass,2.0,3.0,39.243283,"off Highway 20 near Potter Valley, northeast of Ukiah ",-123.103367,True,Ranch Fire (Mendocino Complex),100.0,151.5,True,"The Ranch Fire started July 27, 2018 off Highway 20 near Potter Valley, northeast of Ukiah (Mendocino County). This fire was contained on September 19, 2018 and burned 410,203 acres.

Mendocino Complex - Size 459,123 total acres",2018-07-27T12:05:00Z,6.0,246.0,0.0,1050.0,4.0,12.625,4.0,0.6557377049180327
410203.0,False,USFS Mendocino National Forest ,2.0,5,/incidents/2018/7/27/ranch-fire-mendocino-complex/,All road closures have been lifted.,10,"6,11,17,23",6.0,2.0,11.0,2019-01-04T09:33:00Z,1.0,False,True,Grass,2.0,3.0,39.243283,"off Highway 20 near Potter Valley, northeast of Ukiah ",-123.103367,True,Ranch Fire (Mendocino Complex),100.0,151.5,True,"The Ranch Fire started July 27, 2018 off Highway 20 near Potter Valley, northeast of Ukiah (Mendocino County). This fire was contained on September 19, 2018 and burned 410,203 acres.

Mendocino Complex - Size 459,123 total acres",2018-07-27T12:05:00Z,6.0,246.0,0.0,1050.0,4.0,12.625,4.0,0.6557377049180327
410203.0,False,USFS Mendocino National Forest ,2.0,5,/incidents/2018/7/27/ranch-fire-mendocino-complex/,All road closures have been lifted.,15,"6,11,17,23",6.0,2.0,11.0,2019-01-04T09:33:00Z,1.0,False,True,Grass,2.0,3.0,39.243283,"off Highway 20 near Potter Valley, northeast of Ukiah ",-123.103367,True,Ranch Fire (Mendocino Complex),100.0,151.5,True,"The Ranch Fire started July 27, 2018 off Highway 20 near Potter Valley, northeast of Ukiah (Mendocino County). This fire was contained on September 19, 2018 and burned 410,203 acres.

Mendocino Complex - Size 459,123 total acres",2018-07-27T12:05:00Z,6.0,246.0,0.0,1050.0,4.0,12.625,4.0,0.6557377049180327
410203.0,False,USFS Mendocino National Forest ,2.0,5,/incidents/2018/7/27/ranch-fire-mendocino-complex/,All road closures have been lifted.,21,"6,11,17,23",6.0,2.0,11.0,2019-01-04T09:33:00Z,1.0,False,True,Grass,2.0,3.0,39.243283,"off Highway 20 near Potter Valley, northeast of Ukiah ",-123.103367,True,Ranch Fire (Mendocino Complex),100.0,151.5,True,"The Ranch Fire started July 27, 2018 off Highway 20 near Potter Valley, northeast of Ukiah (Mendocino County). This fire was contained on September 19, 2018 and burned 410,203 acres.

Mendocino Complex - Size 459,123 total acres",2018-07-27T12:05:00Z,6.0,246.0,0.0,1050.0,4.0,12.625,4.0,0.6557377049180327
229651.0,False,"Unified Command: CAL FIRE Shasta-Trinity Unit, US Forest Service and NPS Whiskeytown National Recreation Area",2.0,5,/incidents/2018/7/23/carr-fire/,All road closures have been lifted.,43,"45,53",5.0,48.0,11.0,2019-01-04T09:37:00Z,3.0,False,True,Grass,2.0,0.0,40.65428,"Hwy 299 and Carr Powerhouse Rd, Whiskeytown",-122.62357,True,Carr Fire,100.0,456.0,True,"The Carr Fire started on July 23, 2018 off Hwy 299 and Carr Powerhouse Road, Whiskeytown (Shasta County). It was contained on August 30, 2018.",2018-07-23T13:15:00Z,61.0,1614.0,0.0,45.0,31.0,38.0,50.0,0.2188183807439825
229651.0,False,"Unified Command: CAL FIRE Shasta-Trinity Unit, US Forest Service and NPS Whiskeytown National Recreation Area",2.0,5,/incidents/2018/7/23/carr-fire/,All road closures have been lifted.,53,"45,53",5.0,48.0,11.0,2019-01-04T09:37:00Z,3.0,False,True,Grass,2.0,0.0,40.65428,"Hwy 299 and Carr Powerhouse Rd, Whiskeytown",-122.62357,True,Carr Fire,100.0,456.0,True,"The Carr Fire started on July 23, 2018 off Hwy 299 and Carr Powerhouse Road, Whiskeytown (Shasta County). It was contained on August 30, 2018.",2018-07-23T13:15:00Z,61.0,1614.0,0.0,45.0,31.0,38.0,50.0,0.2188183807439825
153336.0,False,"Unified Command: CAL FIRE, Butte County Sheriff Department, Paradise Police Department, USFS",2.0,5,/incidents/2018/11/8/camp-fire/,See Incident Update,3,4,11.0,3.0,73.0,2018-11-25T08:00:00Z,85.0,False,True,Grass,2.0,3.0,39.8134,Pulga Road at Camp Creek Road near Jarbo Gap,-121.4347,True,Camp Fire,100.0,1065.0,True,"The Camp Fire started on November 8, 2018 off Pulga Road at Camp Creek Road near Jarbo Gap (Butte County) and burned 153,336 acres. It was contained November 25, 2018. ",2018-11-08T06:33:00Z,6.0,18804.0,0.0,45.0,3.0,14.391891891891891,5.0,0.09380863039399624
96949.0,False,Ventura County Fire Dept. and Los Angeles County Fire Dept.,2.0,5,/incidents/2018/11/8/woolsey-fire/,All road closures have been lifted.,17,"19,56",6.0,2.0,11.0,2019-01-04T08:42:00Z,3.0,False,True,Grass,2.0,0.0,34.235,"E Street and Alfa Road Rd, South of Simi Valley",-118.70128,True,Woolsey Fire,100.0,151.5,True,"The Woolsey fire started on November 8, 2018 near E Street and Alfa Road Rd, South of Simi Valley (Ventura County). It burned 96,949 acres, and was contained on November 21, 2018.",2018-11-08T14:24:00Z,341.0,1643.0,0.0,45.0,4.0,12.625,4.0,0.6557377049180327
96949.0,False,Ventura County Fire Dept. and Los Angeles County Fire Dept.,2.0,5,/incidents/2018/11/8/woolsey-fire/,All road closures have been lifted.,56,"19,56",6.0,2.0,11.0,2019-01-04T08:42:00Z,3.0,False,True,Grass,2.0,0.0,34.235,"E Street and Alfa Road Rd, South of Simi Valley",-118.70128,True,Woolsey Fire,100.0,151.5,True,"The Woolsey fire started on November 8, 2018 near E Street and Alfa Road Rd, South of Simi Valley (Ventura County). It burned 96,949 acres, and was contained on November 21, 2018.",2018-11-08T14:24:00Z,341.0,1643.0,0.0,45.0,4.0,12.625,4.0,0.6557377049180327
96901.0,False,USFS Sierra National Forest ,2.0,5,/incidents/2018/7/13/ferguson-fire/,All road closures have been lifted.,20,22,6.0,2.0,11.0,2019-01-04T09:48:00Z,3.0,False,True,Grass,2.0,3.0,37.6549,"Highway 140 and Hite Cove, near El Portal",-119.88581,False,Ferguson Fire,100.0,151.5,True,"The Ferguson Fire started on July 13, 2018 at Highway 140 & Hite Cove, near El Portal in Mariposa County and burned 96,901 acres. It was contained on August 19, 2018.",2018-07-13T21:36:00Z,6.0,7.0,0.0,45.0,4.0,12.625,4.0,0.6557377049180327
90288.0,False,CAL FIRE Sonoma-Lake-Napa Unit,2.0,5,/incidents/2018/6/30/county-fire/,All road closures have been lifted.,27,"28,57",6.0,2.0,11.0,2019-01-04T09:57:00Z,3.0,False,True,Grass,2.0,1.0,38.80583,east of Lake Berryessa,-122.18183,True,County Fire,100.0,151.5,True,"The County Fire started June 30 2018 near County Road 63 and Highway 16, Rumsey Canyon (Yolo County). The fire burned  was contained on July 14, 2018, and burned 90,288 acres .",2018-06-30T14:12:00Z,6.0,29.0,0.0,45.0,4.0,12.625,4.0,0.6557377049180327
90288.0,False,CAL FIRE Sonoma-Lake-Napa Unit,2.0,5,/incidents/2018/6/30/county-fire/,All road closures have been lifted.,57,"28,57",6.0,2.0,11.0,2019-01-04T09:57:00Z,3.0,False,True,Grass,2.0,1.0,38.80583,east of Lake Berryessa,-122.18183,True,County Fire,100.0,151.5,True,"The County Fire started June 30 2018 near County Road 63 and Highway 16, Rumsey Canyon (Yolo County). The fire burned  was contained on July 14, 2018, and burned 90,288 acres .",2018-06-30T14:12:00Z,6.0,29.0,0.0,45.0,4.0,12.625,4.0,0.6557377049180327
63311.0,False,USFS Shasta-Trinity National Forest,2.0,5,/incidents/2018/9/5/delta-fire/,All road closures have been lifted.,43,"45,53",6.0,2.0,11.0,2019-01-04T09:07:00Z,3.0,False,True,Grass,2.0,3.0,40.9425,"I-5 and Lamoine, 2 miles NW of Lakehead ",-122.43,False,Delta Fire,100.0,151.5,True,"The Delta Fire started on September 5, 2018 at I-5 and Lamoine, 2 miles NW of Lakehead in Shasta County and burned 63,311 acres before being contained on October 7, 2018.",2018-09-05T12:51:00Z,6.0,42.0,0.0,45.0,4.0,12.625,4.0,0.6557377049180327
63311.0,False,USFS Shasta-Trinity National Forest,2.0,5,/incidents/2018/9/5/delta-fire/,All road closures have been lifted.,53,"45,53",6.0,2.0,11.0,2019-01-04T09:07:00Z,3.0,False,True,Grass,2.0,3.0,40.9425,"I-5 and Lamoine, 2 miles NW of Lakehead ",-122.43,False,Delta Fire,100.0,151.5,True,"The Delta Fire started on September 5, 2018 at I-5 and Lamoine, 2 miles NW of Lakehead in Shasta County and burned 63,311 acres before being contained on October 7, 2018.",2018-09-05T12:51:00Z,6.0,42.0,0.0,45.0,4.0,12.625,4.0,0.6557377049180327
48920.0,False,Unified command: CAL FIRE Mendocino Unit and USFS Mendocino National Forest ,2.0,5,/incidents/2018/7/27/river-fire-mendocino-complex/,All road closures have been lifted.,5,"6,17,23",58.0,76.0,256.0,2019-01-04T09:18:00Z,3.0,False,True,Grass,20.0,3.0,39.04786,"Old River Rd, near Mile Marker Post 7.9, Hopland ",-123.11971,True,River Fire (Mendocino Complex),100.0,3100.0,True,"The River Fire started on July 27, 2018 off Old River Rd, near Mile Marker Post 7.9, Hopland in Mendocino County and burned 48,920 acres. It was contained August 13, 2018.",2018-07-27T13:01:00Z,6.0,35.0,0.0,1025.0,79.0,12.062256809338521,96.0,0.032247662044501774
48920.0,False,Unified command: CAL FIRE Mendocino Unit and USFS Mendocino National Forest ,2.0,5,/incidents/2018/7/27/river-fire-mendocino-complex/,All road closures have been lifted.,15,"6,17,23",58.0,76.0,256.0,2019-01-04T09:18:00Z,3.0,False,True,Grass,20.0,3.0,39.04786,"Old River Rd, near Mile Marker Post 7.9, Hopland ",-123.11971,True,River Fire (Mendocino Complex),100.0,3100.0,True,"The River Fire started on July 27, 2018 off Old River Rd, near Mile Marker Post 7.9, Hopland in Mendocino County and burned 48,920 acres. It was contained August 13, 2018.",2018-07-27T13:01:00Z,6.0,35.0,0.0,1025.0,79.0,12.062256809338521,96.0,0.032247662044501774
48920.0,False,Unified command: CAL FIRE Mendocino Unit and USFS Mendocino National Forest ,2.0,5,/incidents/2018/7/27/river-fire-mendocino-complex/,All road closures have been lifted.,21,"6,17,23",58.0,76.0,256.0,2019-01-04T09:18:00Z,3.0,False,True,Grass,20.0,3.0,39.04786,"Old River Rd, near Mile Marker Post 7.9, Hopland ",-123.11971,True,River Fire (Mendocino Complex),100.0,3100.0,True,"The River Fire started on July 27, 2018 off Old River Rd, near Mile Marker Post 7.9, Hopland in Mendocino County and burned 48,920 acres. It was contained August 13, 2018.",2018-07-27T13:01:00Z,6.0,35.0,0.0,1025.0,79.0,12.062256809338521,96.0,0.032247662044501774
46150.0,False,USFS Shasta-Trinity National Forest,2.0,5,/incidents/2018/8/9/hirz-fire/,All road closures have been lifted.,43,45,6.0,2.0,11.0,2019-01-04T09:21:00Z,3.0,False,True,Grass,2.0,3.0,40.896,"off Gilman and Moore Creek Campground, east of Lakehead ",-122.219,True,Hirz Fire,100.0,151.5,True,"The Hirz Fire started August 9, 2018 off Gilman and Moore Creek Campground, east of Lakehead (Shasta County). Fire burned 46,150 acres and was contained September 12, 2018. ",2018-08-09T01:55:00Z,6.0,7.0,0.0,45.0,4.0,12.625,4.0,0.6557377049180327
39387.0,False,Modoc National Forest,2.0,5,/incidents/2018/8/15/stone-fire/,All road closures have been lifted.,24,25,6.0,2.0,11.0,2019-01-04T09:20:00Z,3.0,False,True,Grass,2.0,3.0,41.38544,"Big Canyon, 10 miles SW of Canby",-121.04386,False,Stone Fire,100.0,151.5,True,"The Stone Fire started August 15 2018 near Big Canyon, 10 miles SW of Canby (Modoc County). It was contained on August 29, 2018 and burned 39,387 acres.
",2018-08-15T18:05:00Z,6.0,7.0,0.0,45.0,4.0,12.625,4.0,0.6557377049180327
38008.0,False,CAL FIRE Siskiyou Unit,2.0,5,/incidents/2018/7/5/klamathon-fire/,I-5 is open,45,47,6.0,4.0,12.0,2019-01-04T09:55:00Z,1.0,False,True,Grass,2.0,3.0,41.893332,"off Klamathon Road and Copco Road, south of Hornbrook",-122.534655,True,Klamathon Fire,100.0,350.0,True,"The Klamathon Fire started on July 5, 2018 off Klamathon Road and Copco Road, south of Hornbrook (Siskiyou County). The fire burned 38,008 acres, and was contained on July 21, 2018.",2018-07-05T12:31:00Z,12.0,83.0,0.0,45.0,4.0,26.923076923076923,6.0,0.2849002849002849
36450.0,False,Stanislaus National Forest,2.0,5,/incidents/2018/8/1/donnell-fire/,All road closures have been lifted.,55,55,6.0,2.0,11.0,2019-01-04T09:26:00Z,3.0,False,True,Grass,2.0,3.0,38.349,"Near Hwy 108, Donnell Lake area in the Carson Iceburg Wilderness",-119.929,False,Donnell Fire,100.0,151.5,True,"The Donnell Fire started on August 1, 2018 near Hwy 108, Donnell Lake area in the Carson Iceburg Wilderness (Tuolumne County) and 36,450 acres.",2018-08-01T17:48:00Z,6.0,7.0,0.0,45.0,4.0,12.625,4.0,0.6557377049180327
23136.0,False,Cleveland National Forest,2.0,5,/incidents/2018/8/6/holy-fire/,All road closures have been lifted.,29,30,6.0,2.0,11.0,2019-01-04T09:23:00Z,3.0,False,True,Grass,2.0,3.0,33.69888,"Holy Jim Canyon, west of N. Main Divide",-117.52055,False,Holy Fire,100.0,151.5,True,"The Holy Fire started on August 6, 2018 off Holy Jim Canyon, west of N. Main Divide (Orange County) and burned 23,136 acres. ",2018-08-06T13:20:00Z,6.0,24.0,0.0,45.0,4.0,12.625,4.0,0.6557377049180327
18703.0,False,Unified Command: CAL FIRE and USFS Lassen National Forest,2.0,5,/incidents/2018/7/27/whaleback-fire/,All road closures have been lifted.,16,18,6.0,2.0,11.0,2019-01-04T09:32:00Z,3.0,False,True,Grass,2.0,3.0,40.633536,"off Whaleback Mountain and Antelope Valley Road, West of Spaulding",-120.868091,False,Whaleback Fire,100.0,151.5,True,"The Whaleback Fire started July 27, 2018 off Whaleback Mountain and Antelope Valley Road, West of Spaulding (Lassen County) and burned 18,703 acres. It was contained on August 9, 2018.  ",2018-07-27T13:32:00Z,6.0,7.0,0.0,45.0,4.0,12.625,4.0,0.6557377049180327
15185.0,False,CAL FIRE Sonoma-Lake-Napa Unit,2.0,5,/incidents/2018/6/23/pawnee-fire/,Walker Ridge Road at Highway 20,15,17,6.0,2.0,11.0,2019-01-04T10:01:00Z,3.0,False,True,Grass,2.0,1.0,39.0674,"Pawnee Rd & New Long Valley Rd, northeast of Clearlake Oaks ",-122.59848,True,Pawnee Fire,100.0,151.5,True,"The Pawnee Fire started on June 23, 2018 off Pawnee Rd & New Long Valley Rd, northeast of Clearlake Oaks (Lake County) and burned 15,185 acres. It was contained on July 8, 2018. ",2018-06-23T17:21:00Z,6.0,22.0,0.0,45.0,4.0,12.625,4.0,0.6557377049180327
13139.0,False,San Bernardino National Forest,2.0,5,/incidents/2018/7/25/cranston-fire/,All road closures have been lifted.,32,33,6.0,2.0,11.0,2019-01-04T09:36:00Z,3.0,False,True,Grass,2.0,3.0,0.0,"off Highway 74 and Control Road, east of Hemet",0.0,False,Cranston Fire,100.0,151.5,True,"The Cranston Fire started July 25, 2018 off Highway 74 and Control Road, east of Hemet (Riverside County). This fire was contained on August 11, 2018 and burned 13,139 acres",2018-07-25T11:41:00Z,6.0,12.0,0.0,45.0,4.0,12.625,4.0,0.6557377049180327
12300.0,False,CAL FIRE Tuolumne-Calaveras Unit,2.0,5,/incidents/2018/6/29/waverly-fire/,All road closures have been lifted.,37,39,6.0,2.0,11.0,2019-01-04T09:58:00Z,3.0,False,True,Grass,2.0,3.0,38.052055,"off North Waverly Road and North Shelton Road, east of Linden",-120.945482,False,Waverly Fire,100.0,151.5,True,"The Waverly Fire starte on July 29, 2018 off North Waverly Road and North Shelton Road, East of Linden (San Joaquin County).",2018-06-29T15:11:00Z,6.0,1.0,0.0,45.0,4.0,12.625,4.0,0.6557377049180327
6974.0,False,Humboldt-Toiyabe National Forest,2.0,5,/incidents/2018/9/4/boot-fire/,All road closures have been lifted.,25,26,6.0,2.0,11.0,2019-01-04T09:09:00Z,3.0,False,True,Grass,2.0,3.0,38.347395,"Hwy 395 & Hwy 108, Sonora Junction",-119.45186,False,Boot Fire,100.0,151.5,True,"The Boot Fire started on September 4, 2018 off Hwy 395 & Hwy 108, Sonora Junction (Mono County). This fire was 100% contained on September 15, 2018 and burned 6,974 acres.",2018-09-04T14:26:00Z,6.0,7.0,0.0,45.0,4.0,12.625,4.0,0.6557377049180327
4564.0,False,CAL FIRE Madera-Mariposa-Merced ,2.0,5,/incidents/2018/6/15/planada-fire/,All road closures have been lifted.,22,24,6.0,2.0,11.0,2019-01-04T10:06:00Z,3.0,False,True,Grass,2.0,3.0,37.39339,"off Doug Road and Bonner Road, north of the community of Planada",-120.34207,False,Planada Fire,100.0,151.5,True,"The Planada Fire started June 15, 2018 off Doug Road and Bonner Road, north of the community of Planada (Merced County). It was contained on June 19, 2018.",2018-06-15T10:34:00Z,6.0,7.0,0.0,45.0,4.0,12.625,4.0,0.6557377049180327
4531.0,False,"Unified Command: CAL FIRE, Ventura County Fire, Ventura Sheriff Dept, LA County Fire, LA City Fire, LA Sherriff Dept, LA Police Dept",2.0,5,/incidents/2018/11/8/hill-fire/,All road closures have been lifted.,56,56,6.0,2.0,11.0,2019-01-04T08:43:00Z,3.0,False,True,Grass,2.0,3.0,34.22685,"Hill Canyon Rd and Santa Rosa Rd, Santa Rosa Valley",-118.93444,True,Hill Fire,100.0,151.5,True,"The Hill Fire started on November 8, 2018 off Hill Canyon Rd and Santa Rosa Rd, Santa Rosa Valley (Ventura County).",2018-11-08T14:03:00Z,4.0,4.0,0.0,45.0,4.0,12.625,4.0,0.6557377049180327
4500.0,False,Suisun Fire Protection District,2.0,5,/incidents/2018/10/7/branscombe-fire/,All road closures have been lifted.,46,48,6.0,2.0,11.0,2019-01-04T08:57:00Z,3.0,False,True,Grass,2.0,3.0,0.0,"Branscombe Road south of Hwy 12, Suisun City",0.0,False,Branscombe Fire,100.0,151.5,True,"Branscombe Fire started on October 7, 2018 off of Branscombe Road south of Hwy 12, Suisun City (Solano County) and burned 4,500 acres. It was contained on November 9, 2018.",2018-10-07T13:00:00Z,6.0,7.0,0.0,45.0,4.0,12.625,4.0,0.6557377049180327
4064.0,False,Sierra National Forest,2.0,5,/incidents/2018/6/11/lions-fire/,All road closures have been lifted.,18,20,6.0,2.0,11.0,2019-01-04T10:03:00Z,3.0,False,True,Grass,2.0,3.0,37.571,near the Lion Point area in the Ansel Adams Wilderness,-119.118,False,Lions Fire,100.0,151.5,True,"The Lions Fire started on June 11, 2018 near the Lion Point area in the Ansel Adams Wilderness. It crossed onto the Inyo National Forest on June 22. The fire burned 4,064 acres and was contained on July 16, 2018.",2018-06-11T12:00:00Z,6.0,7.0,0.0,45.0,4.0,12.625,4.0,0.6557377049180327
3889.0,False,CAL FIRE Tehama-Glenn Unit,2.0,5,/incidents/2018/10/7/sun-fire/,All roads are open.,52,52,6.0,2.0,11.0,2019-01-04T08:57:00Z,3.0,False,True,Grass,2.0,3.0,40.22027778,"Hwy 36 and Sunriver Road, east of Red Bluff",-122.18,True,Sun Fire,100.0,196.0,True,"Sun Fire started on October 7, 2018 off Hwy 36 and  Sunriver Road, East of Red Bluff (Tehama County),",2018-10-07T12:51:00Z,6.0,7.0,0.0,45.0,4.0,16.333333333333332,4.0,0.5076142131979695
3716.0,False,CAL FIRE Tehama-Glenn Unit,2.0,5,/incidents/2018/6/23/lane-fire/,All road closures have been lifted.,52,52,6.0,2.0,11.0,2019-01-04T10:02:00Z,3.0,False,True,Grass,2.0,1.0,40.35068,Off Hwy 36 in Paynes Creek,-121.77867,True,Lane Fire,100.0,151.5,True,"The Lane Fire started on June 23, 2018 off Highway 36 in Paynes Creek (Tehama County) and burned 3,716 acres. It was contained on July 4, 2018.",2018-06-23T11:38:00Z,6.0,7.0,0.0,45.0,4.0,12.625,4.0,0.6557377049180327
3674.0,False,Hoopa Valley Tribe ,2.0,5,/incidents/2018/8/16/mill-creek-1-fire/,All road closures have been lifted.,11,12,6.0,2.0,11.0,2019-01-04T09:17:00Z,3.0,False,True,Grass,2.0,3.0,41.07944,"Hwy 96 & Mill Creek Road, northeast of the Town of Hoopa",-123.688056,False,Mill Creek 1 Fire,100.0,151.5,True,"The Mill Creek 1 Fire started on August 16, 2018 off Hwy 96 & Mill Creek Road, northeast of the Town of Hoopa (Humboldt County). It was contained on August 30, 2018.",2018-08-16T09:18:00Z,6.0,7.0,0.0,45.0,4.0,12.625,4.0,0.6557377049180327
3380.0,False,US Forest Service - Angeles National Forest,2.0,5,/incidents/2018/9/22/charlie-fire/,All road closures have been lifted.,17,19,6.0,2.0,11.0,2019-01-04T09:03:00Z,3.0,False,True,Grass,2.0,3.0,34.48229,"Charlie Canyon Rd  and Tapia Canyon Rd, Castaic",-118.60858,False,Charlie Fire,100.0,151.5,True,"The Charlie Fire started on September 22 2018 near Charlie Canyon Rd and Tapia Canyon Rd, Castaic (Los Angeles County). It was contained on October 1, 2018 and burned 3,380 acres.",2018-09-22T14:30:00Z,6.0,7.0,0.0,45.0,4.0,12.625,4.0,0.6557377049180327
2995.0,False,Kings County Fire Department,2.0,5,/incidents/2018/8/6/five-fire/,All road closures have been lifted.,14,16,6.0,2.0,11.0,2019-01-04T09:23:00Z,3.0,False,True,Grass,2.0,3.0,35.97896,"off Interstate 5 and Milham Rd, Kettleman Hills area",-119.98329,False,Five Fire,100.0,151.5,True,"The Five Fire started August 6, 2018 off Interstate 5 and Milham Rd, Kettleman Hills area (Kings County) and burned 2,995 acres. It was contained on August 8, 2018.",2018-08-06T17:29:00Z,6.0,7.0,0.0,45.0,4.0,12.625,4.0,0.6557377049180327
2956.0,False,CAL FIRE Tehama-Glenn Unit,2.0,5,/incidents/2018/6/9/apple-fire/,All road closures have been lifted.,52,52,6.0,2.0,11.0,2019-01-04T10:10:00Z,3.0,False,True,Grass,2.0,3.0,39.94355,"Off Apple Rd & Paskenta Rd, west of Corning",-122.3571,True,Apple Fire,100.0,151.5,True,"The Apple Fire started on June 9, 2018 off Apple Rd & Paskenta Rd, west of Corning (Tehama County) and burned 2,956 acres. It was contained on June 12, 2018. ",2018-06-09T14:10:00Z,6.0,5.0,0.0,45.0,4.0,12.625,4.0,0.6557377049180327
2950.0,False,Kern County Fire Department,2.0,5,/incidents/2018/8/3/tarina-fire/,All road closures have been lifted.,13,15,6.0,2.0,11.0,2019-01-04T09:26:00Z,3.0,False,True,Grass,2.0,3.0,35.37444,"Breckenridge Rd & Comanche Dr, east of Bakersfield",-118.83556,False,Tarina Fire,100.0,151.5,True,"The Tarina Fire started on August 3, 2018 off Breckenridge Rd & Comanche Dr, east of Bakersfield in Kern County. This fire was contained on August 5, 2018 and burned 2,950 acres.",2018-08-03T14:48:00Z,6.0,7.0,0.0,45.0,4.0,12.625,4.0,0.6557377049180327
2883.0,False,Inyo National Forest Service ,2.0,5,/incidents/2018/7/8/georges-fire/,Some closures still exist in the fire area. Please avoid the fire area for your safety and for our firefighters’ safety.,12,14,20.0,3.0,22.0,2019-01-04T09:54:00Z,3.0,False,True,Grass,7.0,3.0,36.6734,"off Hogback and Whitney Portal Road, Alabama Hills",-118.21881,True,Georges Fire,100.0,564.0,True,"The Georges Fire started July 8, 2018 off Hogback and Whitney Portal Road, Alabama Hills (Inyo County) and burned 2,883 acres. ",2018-07-08T13:36:00Z,6.0,7.0,0.0,45.0,4.0,24.52173913043478,10.0,0.17699115044247787
2490.0,False,CAL FIRE Sonoma-Lake-Napa Unit,2.0,5,/incidents/2018/9/8/snell-fire/,All road closures have been lifted.,27,28,6.0,2.0,11.0,2019-01-04T09:06:00Z,3.0,False,True,Grass,2.0,3.0,38.69601,"off Butts Canyon Rd and Snell Valley Rd, southeast of Middletown",-122.44468,True,Snell Fire,100.0,151.5,True,"The Snell Fire started on September 8, 2018 off Butts Canyon Rd and Snell Valley Rd, 7 miles SE of Middletown in Napa County and burned 2,490 acres. It was contained on September 15, 2018.",2018-09-08T14:29:00Z,6.0,7.0,0.0,45.0,4.0,12.625,4.0,0.6557377049180327
2290.0,False,CAL FIRE Tehama-Glenn Unit,2.0,5,/incidents/2018/6/9/chrome-fire/,All road closures have been lifted.,10,11,6.0,2.0,11.0,2019-01-04T10:09:00Z,3.0,False,True,Grass,2.0,3.0,39.64978,"Hwy 162 and Forest Hwy 7, north of Elk Creek",-122.58218,True,Chrome Fire,100.0,151.5,True,"The Chrome Fire started on June 9, 2018 at Hwy 162 and Forest Hwy 7, north of Elk Creek (Glenn County) and burned 2,290 acres. It was contained on June 15, 2018. ",2018-06-09T15:32:00Z,6.0,1.0,0.0,45.0,4.0,12.625,4.0,0.6557377049180327
2225.0,False,CAL FIRE San Benito-Monterey Unit,2.0,5,/incidents/2018/8/6/turkey-fire/,All road closures have been lifted.,26,27,6.0,2.0,11.0,2019-01-04T09:23:00Z,3.0,False,True,Grass,2.0,3.0,35.847778,"near Highway 46 and Turkey Flats, near Parkfield",-120.343056,False,Turkey Fire,100.0,151.5,True,"The Turkey Fire started on August 6, 2018 near Highway 46 and Turkey Flats, near Parkfield (Monterey County) and burned 2,225 acres. It was contained on August 7, 2018.",2018-08-06T12:59:00Z,6.0,7.0,0.0,45.0,4.0,12.625,4.0,0.6557377049180327
2162.0,False,"Unified Command: CAL FIRE Sonoma-Lake-Napa Unit, Solano County Fire",2.0,5,/incidents/2018/8/10/nelson-fire/,Peabody Road (between Foxboro Road and Chuck Hammond Drive),46,48,4.0,2.0,11.0,2019-01-04T09:20:00Z,3.0,False,True,Grass,1.0,3.0,38.431278,"Nelson Rd and Cherry Glen Rd, Vacaville",-122.043747,True,Nelson Fire,100.0,180.0,True,"The Nelson Fire started on August 10 2018, near Nelson Rd and Cherry Glen Rd, Vacaville (Solano County). It was contained on August 11, 2018, and burned 2,162 acres.",2018-08-10T16:57:00Z,6.0,1.0,0.0,10.0,4.0,15.0,3.0,0.5524861878453039
2100.0,False,BLM Northern District (NOD) ,2.0,5,/incidents/2018/7/13/eagle-fire/,All road closures have been lifted.,24,25,6.0,2.0,11.0,2019-01-04T09:46:00Z,3.0,False,True,Grass,2.0,3.0,41.29363,"County Rd 40/ County Rd1, South West of Eagleville",-120.11461,False,Eagle Fire,100.0,151.5,True,"The Eagle Fire started on July 13, 2018 at County Rd 40/ County Rd1, South West of Eagleville (Modoc County) and burned 2,100 acres. It was contained on August 9, 2018.",2018-07-13T22:03:00Z,6.0,7.0,0.0,45.0,4.0,12.625,4.0,0.6557377049180327
2070.0,False,Unified Command: CAL FIRE San Bernardino Unit and Inyo County Sheriff's Office,2.0,5,/incidents/2018/2/18/pleasant-fire/,All road closures have been lifted.,12,14,6.0,2.0,11.0,2019-01-03T09:43:00Z,3.0,False,True,Grass,2.0,3.0,37.40208,"Pleasant Valley Dam Road and Hwy 395, north of Bishop",-118.50235,True,Pleasant Fire,100.0,151.5,True,"The Pleasant Fire started on February 18, 2018 off Pleasant Valley Dam Road and Hwy 395, north of Bishop in San Bernardino County and burned 2,070 acres.",2018-02-18T14:12:00Z,6.0,7.0,0.0,45.0,4.0,12.625,4.0,0.6557377049180327
1900.0,False,CAL FIRE Shasta-Trinity Unit,2.0,5,/incidents/2018/8/9/hat-fire/,All road closures have been lifted.,43,45,6.0,2.0,11.0,2019-01-04T09:21:00Z,3.0,False,True,Grass,2.0,3.0,40.99344,"Hwy 299 east and Fish Hatchery rd, northeast of Burney ",-121.52225,True,Hat Fire,100.0,151.5,True,"The Hat Fire started on August 9, 2018 off Hwy 299 east and Fish Hatchery rd, northeast of Burney in Shasta County and burned 1,900 acres. It was contained on August 16, 2018. ",2018-08-09T14:34:00Z,6.0,7.0,0.0,45.0,4.0,12.625,4.0,0.6557377049180327
1756.0,False,CAL FIRE Madera-Mariposa-Merced Unit ,2.0,5,/incidents/2018/5/2/nees-fire/,All road closures have been lifted.,22,24,6.0,2.0,11.0,2019-01-04T10:26:00Z,3.0,False,True,Grass,2.0,3.0,36.85156,Interstate 5 and W Nees Ave. south of Los Banos ,-120.77206,False,Nees Fire,100.0,151.5,True,"The Nees Fire started May 2, 2018 off Interstate 5 and W Nees Ave. south of Los Banos in Merced County.",2018-05-02T16:00:00Z,6.0,7.0,0.0,45.0,4.0,12.625,4.0,0.6557377049180327
1751.0,False,Shasta-Trinity National Forest,2.0,5,/incidents/2018/9/4/kerlin-fire/,All road closures have been lifted.,53,53,6.0,2.0,11.0,2019-01-04T09:08:00Z,3.0,False,True,Grass,2.0,3.0,40.616251,"Kerlin Creek, west of Hyampom",-123.52019,False,Kerlin Fire,100.0,151.5,True,"The Kerlin Fire started on September 4, 2018 near Kerlin Creek, west of Hyampom (Trinity County). This fire was contained on September 15, 2018 and burned 1,751 acres.",2018-09-04T15:20:00Z,6.0,7.0,0.0,45.0,4.0,12.625,4.0,0.6557377049180327
1678.0,False,Unified Command: CAL FIRE and City of Redding Fire Department,2.0,5,/incidents/2018/6/24/creek-fire/,All road closures have been lifted.,43,45,6.0,2.0,11.0,2019-01-04T10:01:00Z,3.0,False,True,Grass,2.0,1.0,40.50318,"Clear Creek Rd & American Rd, west of Redding",-122.42308,True,Creek Fire,100.0,151.5,True,"The Creek Fire started on June 24, 2018 off Clear Creek Rd & American Rd, west of Redding (Shasta County) and burned 1,678 acres. This fire was contained on July 5, 2018 and burned 1,678 acres. ",2018-06-24T12:29:00Z,6.0,11.0,0.0,45.0,4.0,12.625,4.0,0.6557377049180327
1500.0,False,Suisun City Fire Protection District,2.0,5,/incidents/2018/11/8/nurse-fire/,All road closures have been lifted.,46,48,6.0,2.0,11.0,2019-01-04T08:47:00Z,3.0,False,True,Grass,2.0,3.0,38.21396,"off Highway 12 and Nurse Blue Road, Suisun City",-121.9424,False,Nurse Fire,100.0,151.5,True,"The Nurse Fire started November 8, 2018 off Highway 12 and Nurse Blue Road, Suisun City (Solano County). ",2018-11-08T13:28:00Z,6.0,7.0,0.0,45.0,4.0,12.625,4.0,0.6557377049180327
1500.0,False,Camp Roberts,2.0,5,/incidents/2018/6/20/yankee-fire/,All road closures have been lifted.,38,40,6.0,2.0,11.0,2019-01-04T10:03:00Z,3.0,False,True,Grass,2.0,3.0,35.73629,"E. Perimeter Rd, Yankee training area, Camp Roberts Military Reservation",-120.75593,False,Yankee Fire,100.0,151.5,True,"The Yankee Fire started on June 20, 2018 off E. Perimeter Rd, Yankee training area, Camp Roberts Military Reservation (San Luis Obispo County).",2018-06-20T18:22:00Z,6.0,7.0,0.0,45.0,4.0,12.625,4.0,0.6557377049180327
1352.0,False,Unified Command: US Forest Service and Los Angeles County FD,2.0,5,/incidents/2018/6/4/stone-fire/,All road closures have been lifted.,17,19,6.0,2.0,11.0,2019-01-04T10:15:00Z,3.0,False,True,Grass,2.0,3.0,34.5486,"off Anthony Road and Hierba Road, North of Agua Dulce",-118.31138,False,Stone Fire,100.0,151.5,True,"The Stone fire started June 4, 2018 off Anthony Road and Hierba Road, North of Agua Dulce (Los Angeles County) and burned 1,352 acres. It was contained on June 12, 2018.  ",2018-06-04T12:40:00Z,6.0,7.0,0.0,45.0,4.0,12.625,4.0,0.6557377049180327
1350.0,False,San Bernardino National Forest ,2.0,5,/incidents/2018/7/6/valley-fire/,All road closures have been lifted.,35,36,6.0,2.0,11.0,2019-01-04T09:55:00Z,3.0,False,True,Grass,2.0,3.0,34.095568,Valley of the Falls Dr & Service Road 1S08,-116.958806,True,Valley Fire,100.0,151.5,True,"The Valley Fire started on July 6, 2018 off Valley of the Falls Dr & Service Road 1S08 (San Bernardino County). Fire burned 1,350 acres and was contained September 12, 2018.",2018-07-06T13:29:00Z,6.0,7.0,0.0,45.0,4.0,12.625,4.0,0.6557377049180327
1314.0,False,CAL FIRE San Benito-Monterey,2.0,5,/incidents/2018/6/4/airline-fire/,All road closures have been lifted.,34,35,6.0,2.0,11.0,2019-01-04T10:15:00Z,3.0,False,True,Grass,2.0,3.0,36.40755,Coalinga and Airline Highway,-120.99322,True,Airline Fire,100.0,151.5,True,"The Airline Fire started on June 4, 2018 off Coalinga and Airline Highway in Monterey County and burned 1,314 acre. It was contained on June 11, 2018.",2018-06-04T17:01:00Z,6.0,7.0,0.0,45.0,4.0,12.625,4.0,0.6557377049180327
1265.0,False,"Unified Command: CAL FIRE San Bernardino Unit, Cal Trans, and Inyo County Sheriff's Office",2.0,5,/incidents/2018/4/19/moffat-fire/,All road closures have been lifted.,12,14,12.0,1.0,17.0,2019-01-03T13:09:00Z,3.0,False,True,Grass,2.0,3.0,36.71537,"Highway 395 and Moffat Ranch Road, north of Lone Pine",-118.08449,True,Moffat Fire,100.0,325.0,True,"The Moffet Fire started on April 19, 2018 Highway 395 and Moffat Ranch Road, north of Lone Pine in Inyo County and burned 1,265 acres.",2018-04-19T10:28:00Z,6.0,7.0,0.0,45.0,1.0,18.055555555555557,3.0,0.3067484662576687
1261.0,False,CAL FIRE / Riverside County Fire,2.0,5,/incidents/2018/5/17/patterson-fire/,All road closures have been lifted.,32,33,6.0,2.0,11.0,2019-01-04T10:24:00Z,3.0,False,True,Grass,2.0,3.0,33.62924,"off Rawson Road and Royal Netherlands Road, south of Winchester",-117.05992,False,Patterson Fire,100.0,151.5,True,"The Patterson Fire started on May 17, 2018 off Rawson Road and Royal Netherlands Road, south of Winchester (Riverside County) and burned 1,261 acres. It was contained on May 18, 2018.",2018-05-17T14:19:00Z,6.0,7.0,0.0,45.0,4.0,12.625,4.0,0.6557377049180327
1200.0,False,Sutter County Fire Protection District,2.0,5,/incidents/2018/7/31/butte-fire/,All road closures have been lifted.,51,51,6.0,2.0,11.0,2019-01-04T09:28:00Z,3.0,False,True,Grass,2.0,3.0,39.186144,"Pass Road and W Butte Road, 9 miles northwest of Yuba City ",-121.792885,False,Butte Fire,100.0,151.5,True,"The Butte fire started on July 31, 2018 off Pass Road and W Butte Road, 9 miles northwest of Yuba City in Sutter County. This fire was contained on 8/2/2018 and burned 1,200 acres.",2018-07-31T17:34:00Z,6.0,7.0,0.0,45.0,4.0,12.625,4.0,0.6557377049180327
1120.0,False,Tahoe National Forest,2.0,5,/incidents/2018/9/3/north-fire/,All road closures have been lifted.,30,31,6.0,2.0,11.0,2019-01-04T09:10:00Z,3.0,False,True,Grass,2.0,3.0,39.268611,"North Fork Campground, south of Emigrant Gap",-120.658333,True,North Fire,100.0,151.5,True,"The North Fire started on September 3, 2018 off North Fork Campground, south of Emigrant Gap (Placer County). This fire was 100% contained on September 16, 2018 and burned 1,120 acres.",2018-09-03T16:38:00Z,6.0,7.0,0.0,45.0,4.0,12.625,4.0,0.6557377049180327
1014.0,False,USFS Los Padres National Forest,2.0,5,/incidents/2018/8/19/front-fire/,All road closures have been lifted.,40,42,6.0,2.0,11.0,2019-01-04T09:16:00Z,3.0,False,True,Grass,2.0,3.0,35.11416667,off Highway 166 and Sierra Madre Road,-120.09222222,False,Front Fire,100.0,151.5,True,"The Front Fire started August 19, 2018 off Highway 166 and Sierra Madre Road (Santa Barbara County). This fire was contained on August 28, 2018 and burned 1,014 acres.",2018-08-19T13:37:00Z,6.0,7.0,0.0,45.0,4.0,12.625,4.0,0.6557377049180327
993.0,False,Kern County Fire Department,2.0,5,/incidents/2018/7/27/breckenridge-fire/,All road closures have been lifted.,13,15,6.0,2.0,11.0,2019-01-04T09:32:00Z,3.0,False,True,Grass,2.0,3.0,35.387408,"off Breckenridge Road and Tarina Ct, east of Bakersfield",-118.817934,False,Breckenridge Fire,100.0,151.5,True,"The Breckenridge fire started July 27, 2018 off Breckenridge Road and Tarina Ct, east of Bakersfield (Kern County) and burned 993 acres. It was contained on July 28, 2018. ",2018-07-27T16:12:00Z,6.0,7.0,0.0,45.0,4.0,12.625,4.0,0.6557377049180327
972.0,False,USFS Mendocino National Forest,2.0,5,/incidents/2018/7/31/eel-fire/,All road closures have been lifted.,21,23,6.0,2.0,11.0,2019-01-04T09:29:00Z,3.0,False,True,Grass,2.0,3.0,39.82877,"off Indian Dick Road and Mendocino Pass Road, east of Covelo",-123.08489,False,Eel Fire,100.0,151.5,True,"The Eel Fire started off Indian Dick Road and Mendocino Pass Road, east of Covelo (Mendocino County) and burned 972 acres. It was contained on August 8, 2018.  ",2018-07-31T15:28:00Z,6.0,7.0,0.0,45.0,4.0,12.625,4.0,0.6557377049180327
962.0,False,Chico City Fire,2.0,5,/incidents/2018/7/12/stoney-fire/,All road closures have been lifted.,3,4,6.0,2.0,11.0,2019-01-04T09:48:00Z,3.0,False,True,Grass,2.0,3.0,39.77124,"Bidwell Park, Upper Park Rd, Chico",-121.76859,True,Stoney Fire,100.0,151.5,True,"The Stoney Fire started on July 13, 2018 at Bidwell Park, Upper Park Road, Chico (Butte County). It burned 962 acres and was contained on July 20, 2018.",2018-07-12T22:45:00Z,6.0,7.0,0.0,45.0,4.0,12.625,4.0,0.6557377049180327
856.0,False,CAL FIRE Tehama-Glenn Unit,2.0,5,/incidents/2018/7/9/dale-fire/,All road closures have been lifted.,52,52,6.0,2.0,11.0,2019-01-04T09:52:00Z,3.0,False,True,Grass,2.0,3.0,40.33682,"off Hwy 36 and Manton Rd, 10 miles NE of Red Bluff ",-121.93908,False,Dale Fire,100.0,151.5,True,"The Dales fire started on July 9, 2018 off Hwy 36 and Manton Road, northeast of Red Bluff in Tehama County. The fire was contained on July 12, 2018 and burned 856 acres.",2018-07-09T18:30:00Z,6.0,7.0,0.0,45.0,4.0,12.625,4.0,0.6557377049180327
825.0,False,CAL FIRE Amador - El Dorado Unit,2.0,5,/incidents/2018/7/6/irish-fire/,All roads are opened.,2,3,4.0,2.0,15.0,2019-01-04T09:54:00Z,3.0,False,True,Grass,1.0,3.0,38.42623,"off Irish Ridge Road and Carbondale Road, southeast of Plymouth",-120.95408,True,Irish Fire,100.0,151.5,True,"The Irish Fire started on July 6, 2018 off Irish Ridge Road and Carbondale Road, southeast of Plymouth (Amador County). ",2018-07-06T14:42:00Z,6.0,1.0,0.0,45.0,4.0,9.46875,3.0,0.6557377049180327
822.0,False,CAL FIRE Sonoma-Lake-Napa Unit,2.0,5,/incidents/2018/7/18/eighty-eight-fire/,All road closures have been lifted.,57,57,6.0,2.0,11.0,2019-01-04T09:40:00Z,3.0,False,True,Grass,2.0,3.0,38.59694444,"off County Road 88 and County Road 29, north of Winters",-121.99388889,False,Eighty Eight Fire,100.0,151.5,True,"The Eighty Eight Fire started off County Road 88 and County Road 29, north of Winters (Yolo County). The fire burned 822 acres, and was contained on July 20, 2018.",2018-07-18T14:24:00Z,6.0,7.0,0.0,45.0,4.0,12.625,4.0,0.6557377049180327
700.0,False,CAL FIRE Nevada-Yuba-Placer Unit,2.0,5,/incidents/2018/8/1/sunset-fire/,All road closures have been lifted.,30,31,6.0,2.0,11.0,2019-01-04T09:28:00Z,3.0,False,True,Grass,2.0,3.0,38.82426,"off Sunset Blvd. West and South Brewer Rd, northwest of Roseville",-121.451307,False,Sunset Fire,100.0,151.5,True,"The Sunset fire started August 1, 2018 off Sunset Blvd. West and South Brewer Rd, northwest of Roseville (Placer County) and burned 700 acres. It was contained on August 1, 2018. ",2018-08-01T13:11:00Z,6.0,7.0,0.0,45.0,4.0,12.625,4.0,0.6557377049180327
668.0,False,CAL FIRE Tulare Unit,2.0,5,/incidents/2018/8/15/river-fire/,All road closures have been lifted.,54,54,6.0,2.0,11.0,2019-01-04T09:19:00Z,3.0,False,True,Grass,2.0,3.0,35.79012,"Old Stage Rd and White River Rd, southeast of Porterville",-118.7393,False,River Fire,100.0,151.5,True,"The River Fire started August 15 2018 near Old Stage Rd and White River Rd, southeast of Porterville (Tulare County) and burned 668 acres. It was contained on August 19, 2018. ",2018-08-15T17:14:00Z,6.0,7.0,0.0,45.0,4.0,12.625,4.0,0.6557377049180327
650.0,False,CAL FIRE San Benito-Monterey Unit,2.0,5,/incidents/2018/8/11/gulch-fire/,All road closures have been lifted.,26,27,6.0,2.0,11.0,2019-01-04T09:20:00Z,3.0,False,True,Grass,2.0,3.0,36.00912,"Dead Mans Gulch Rd and Sargents Rd, south of San Ardo",-120.82226,False,Gulch Fire,100.0,151.5,True,"The Gultch Fire started on August 11th 2018 near Dead Mans Gulch Rd and Sargents Rd, south of San Ardo (Monterey County). The Gulch Fire was contained on August 12, 2018, and burned 650 acres.",2018-08-11T14:12:00Z,6.0,7.0,0.0,45.0,4.0,12.625,4.0,0.6557377049180327
646.0,False,Northern California District Bureau of Land Management ,2.0,5,/incidents/2018/6/14/tumbleweed-fire/,All road closures have been lifted.,16,18,6.0,2.0,11.0,2019-01-04T10:06:00Z,3.0,False,True,Grass,2.0,3.0,40.3768,"off Highway 395 Southeast of Litchfield, East of Susanville",-120.36403,False,Tumbleweed Fire,100.0,151.5,True,"The Tumbleweed Fire start June 14, 2018 off Highway 395 Southeast of Litchfield, East of Susanville (Lassen County) and burned 646 acres. ",2018-06-14T17:45:00Z,6.0,7.0,0.0,45.0,4.0,12.625,4.0,0.6557377049180327
640.0,False,CAL FIRE Santa Clara Unit,2.0,5,/incidents/2018/7/8/grant-fire/,All road closures have been lifted.,0,1,6.0,2.0,11.0,2019-01-04T09:53:00Z,3.0,False,True,Grass,2.0,3.0,37.75646,"off I580 and Grantline Rd, Altamont Area",-121.60646,True,Grant Fire,100.0,151.5,True,"The Grant Fire started July 8, 2018 off I580 and Grantline Rd, Altamont Area (Alameda County) and burned 640 acres. It was contained on July 9, 2018. ",2018-07-08T17:38:00Z,6.0,7.0,0.0,45.0,4.0,12.625,4.0,0.6557377049180327
573.0,False,CAL FIRE Tuolumne-Calaveras Unit,2.0,5,/incidents/2018/9/8/tulloch-fire/,All road closures have been lifted.,55,55,6.0,2.0,11.0,2019-01-04T09:06:00Z,3.0,False,True,Grass,2.0,3.0,37.83388,"Hwy 108 and Tulloch Road, east of Oakdale",-120.61746,False,Tulloch Fire,100.0,151.5,True,"The Tulloch Fire started on September 8, 2018 at Hwy 108 and Tulloch Road, 13 miles east of Oakdale in Tuolumne County. It was contained on September 9, 2018 and burned 573 acres.",2018-09-08T13:34:00Z,6.0,7.0,0.0,45.0,4.0,12.625,4.0,0.6557377049180327
550.0,False,CAL FIRE Butte Unit/Butte County Fire Department,2.0,5,/incidents/2018/10/30/june-fire/,All road closures have been lifted.,3,4,6.0,2.0,11.0,2019-01-04T08:50:00Z,3.0,False,True,Grass,2.0,3.0,39.36529,"Four Junes Way and Palermo, south of Palermo ",-121.51707,False,June Fire,100.0,151.5,True,"The June Fire started on October 30, 2018 at Four Junes Way and Palermo, south of Palermo in Butte County. It burned 550 acres, and was contained on October 31, 2018.",2018-10-30T14:46:00Z,6.0,7.0,0.0,45.0,4.0,12.625,4.0,0.6557377049180327
513.0,False,CAL FIRE San Benito-Monterey,2.0,5,/incidents/2018/6/4/eastern-fire/,All road closures have been lifted.,34,35,6.0,2.0,11.0,2019-01-04T10:14:00Z,3.0,False,True,Grass,2.0,3.0,36.378333,"Coalinga Road, east of Bitterwater ",-120.901167,True,Eastern Fire,100.0,151.5,True,"The Eastern Fire started on June 4, 2018 off Coalinga Road, east of Bitterwater in Monterey County and burned 513 acres. It was contained on June 11, 2018. ",2018-06-04T17:30:00Z,6.0,7.0,0.0,45.0,4.0,12.625,4.0,0.6557377049180327
504.0,False,"Unified Command: CAL FIRE San Diego, Alpine Fire District and Cleveland National Forest",2.0,5,/incidents/2018/7/6/west-fire/,All roads are opened.,36,37,6.0,2.0,11.0,2019-01-04T09:55:00Z,3.0,False,True,Grass,2.0,3.0,32.833674,"off I-8 & West Willows Rd, Community of Alpine",-116.7311,True,West Fire,100.0,151.5,True,"The West Fire started on July 6, 2018 off I-8 & West Willows Rd, Community of Alpine in San Diego County. The fire was contained on July 10, 2018 and burned 504 acres.",2018-07-06T23:39:00Z,6.0,48.0,0.0,45.0,4.0,12.625,4.0,0.6557377049180327
484.0,False,CAL FIRE Santa Clara Unit,2.0,5,/incidents/2018/5/30/grant-fire/,All road closures have been lifted.,0,1,6.0,2.0,11.0,2019-01-04T10:20:00Z,3.0,False,True,Grass,2.0,3.0,37.75375,"near Grant Line Rd and Mountain House Rd, Altamont Area ",-121.57918,False,Grant Fire,100.0,151.5,True,"The Grant Fire started on May 30, 2018 near near Grant Line Rd and Mountain House Rd, Altamont Area in Alameda County.",2018-05-30T13:21:00Z,6.0,1.0,0.0,45.0,4.0,12.625,4.0,0.6557377049180327
441.0,False,CAL FIRE Lassen Modoc Unit,2.0,5,/incidents/2018/6/27/hyatt-fire/,All road closures have been lifted.,16,18,6.0,2.0,11.0,2019-01-04T09:59:00Z,3.0,False,True,Grass,2.0,3.0,40.316137,"Hyatt Ln and Standish Buntingville Rd, 5 miles east of Janesville",-120.45053,False,Hyatt Fire,100.0,151.5,True,"The Hyatt Fire started on June 27, 2018 off Hyatt Ln and Standish Buntingville Rd, 5 miles east of Janesville in Lassen County. The burned 441 acres.",2018-06-27T15:09:00Z,6.0,4.0,0.0,45.0,4.0,12.625,4.0,0.6557377049180327
400.0,False,CAL FIRE San Benito-Monterey Unit,2.0,5,/incidents/2018/9/13/metz-fire/,All road closures have been lifted.,26,27,6.0,2.0,11.0,2019-01-04T09:04:00Z,3.0,False,True,Grass,2.0,3.0,36.35502,"Metz Road and Topo Road, east of Greenfield",-121.1563,False,Metz Fire,100.0,151.5,True,"The Metz Fire started on September 13, 2018 off Metz Road and Topo Road, east of Greenfield in Monterey County and burned 400 acres. It was contained September 14, 2018. ",2018-09-13T15:37:00Z,6.0,7.0,0.0,45.0,4.0,12.625,4.0,0.6557377049180327
375.0,False,CAL FIRE San Benito-Monterey Unit,2.0,5,/incidents/2018/6/26/san-ardo/,All road closures have been lifted.,26,27,6.0,2.0,11.0,2019-06-21T08:51:41Z,3.0,False,True,Grass,2.0,3.0,35.95515,"Sargents Canyon and Deadman Gulch, San Ardo Oil Fields",-120.86256,False,San Ardo,100.0,151.5,True,"The San Ardo fire started June 25 2018 near Sargents Canyon and Deadman Gulch, San Ardo Oil Fields(Monterey County).",2018-06-26T07:11:00Z,6.0,7.0,0.0,45.0,4.0,12.625,4.0,0.6557377049180327
367.0,False,USFS Sequoia National Forest,2.0,5,/incidents/2018/8/18/call-fire/,All road closures have been lifted.,13,15,6.0,2.0,11.0,2019-01-04T09:16:00Z,3.0,False,True,Grass,2.0,3.0,35.51777778,"off Cow Flat Road and Highway 178, west of Lake Isabella",-118.6525,False,Call Fire,100.0,151.5,True,"The Call Fire started August 18, 2018 off Cow Flat Road and Highway 178, west of Lake Isabella (Kern County). This fire was contained on August 24, 2018 and burned 367 acres.",2018-08-18T15:17:00Z,6.0,7.0,0.0,45.0,4.0,12.625,4.0,0.6557377049180327
365.0,False,Unified Command: CAL FIRE San Diego County Fire Authority and San Diego County Fire ,2.0,5,/incidents/2018/7/27/pasqual-fire/,All road closures have been lifted.,36,37,6.0,2.0,11.0,2019-01-04T09:32:00Z,3.0,False,True,Grass,2.0,3.0,33.07892,"San Pasqual Valley Rd, west of Ramona",-116.91845,True,Pasqual Fire,100.0,151.5,True,"The Pasqual Fire started on July 27, 2018 off of San Pasqual Valley Rd, west of Ramona in San Diego County. The fire was contained on 7/30/2018 and burned 365 acres.",2018-07-27T13:28:00Z,6.0,7.0,0.0,45.0,4.0,12.625,4.0,0.6557377049180327
360.0,False,CAL FIRE Madera Mariposa Merced Unit,2.0,5,/incidents/2018/9/22/oak-fire/,All road closures have been lifted.,18,20,6.0,2.0,11.0,2019-01-04T09:03:00Z,3.0,False,True,Grass,2.0,3.0,37.38789,"Lonesome Oak Ln and Bissett Station Rd, Ahwahnee",-119.68912,True,Oak Fire,100.0,151.5,True,"The Oak Fire started on September 22 2018 near Lonesome Oak Ln and Bissett Station Rd, Ahwahnee (Maderea County) 100% contained 9/29/2018",2018-09-22T15:44:00Z,6.0,7.0,0.0,45.0,4.0,12.625,4.0,0.6557377049180327
347.0,False,CAL FIRE Butte Unit - Butte County Fire Department,2.0,5,/incidents/2018/6/26/shippee-fire/,All road closures have been lifted.,3,4,6.0,2.0,11.0,2019-01-04T09:59:00Z,3.0,False,True,Grass,2.0,3.0,39.59872,"Midway Road and Esquon Road , 4 miles SE  of Durham",-121.78208,False,Shippee Fire,100.0,151.5,True,"The Shippee Fire started June 26 2018 near Midway Road and Esquon Road , 4 miles SE  of Durham (Butte County)",2018-06-26T12:56:00Z,6.0,7.0,0.0,45.0,4.0,12.625,4.0,0.6557377049180327
338.0,False,Inyo National Forest,2.0,5,/incidents/2018/7/31/owens-fire/,All road closures have been lifted.,12,14,6.0,2.0,11.0,2019-01-04T09:29:00Z,3.0,False,True,Grass,2.0,3.0,37.735461,"Owens River Rd & Indiana Summit Rd, north of Mammoth Lakes",-118.970443,False,Owens Fire,100.0,151.5,True,"The Inyo Fire started on July 31, 2018 off Owens River Rd & Indiana Summit Rd, north of Mammoth Lakes (Inyo County) and burned 312 acres. It was contained on August 9, 2018.",2018-07-31T15:07:00Z,6.0,7.0,0.0,45.0,4.0,12.625,4.0,0.6557377049180327
328.0,False,CAL FIRE Shasta-Trinity Unit,2.0,5,/incidents/2018/6/23/bascom-fire/,All road closures have been lifted.,43,45,6.0,2.0,11.0,2019-01-04T10:02:00Z,3.0,False,True,Grass,2.0,3.0,40.52909,"Off Bascom Rd & Hwy 44, in Millville",-122.17457,False,Bascom Fire,100.0,151.5,True,"The Bascom Fire started on June 23, 2018 off Bascom Rd & Millville Rd, east of Redding (Shasta County). The fire burned 328 acres and was contained on June 26, 2018.",2018-06-23T12:54:00Z,6.0,7.0,0.0,45.0,4.0,12.625,4.0,0.6557377049180327
320.0,False,Unified Command: CAL FIRE Santa Clara Unit and Milpitas Fire Department,2.0,5,/incidents/2018/7/22/country-fire/,All previously closed roads have been reopened. There is still heavy fire apparatus traffic in the area. Extreme caution is advised for people driving in the area.,41,43,1.0,2.0,5.0,2019-01-04T09:37:00Z,3.0,False,True,Grass,2.0,3.0,37.449425,County Club Rd & N Park Victoria Rd in Milpitas ,-121.88807,True,Country Fire,100.0,150.0,True,"The Country Fire started on July 22, 2018 off County Club Rd & N Park Victoria Rd, Milpitas (Santa Clara County). The fire was contained on July25, 2018 and burned 320 acres.",2018-07-22T13:06:00Z,6.0,1.0,0.0,45.0,4.0,25.0,4.0,0.6622516556291391
316.0,False,CAL FIRE Amador-El Dorado Unit,2.0,5,/incidents/2018/7/4/shingle-fire/,All road closures have been lifted.,8,9,6.0,2.0,11.0,2019-01-04T09:56:00Z,3.0,False,True,Grass,2.0,3.0,38.539806,"off South Shingle Road and Latrobe Road, west of Latrobe",-121.059979,False,Shingle Fire,100.0,151.5,True,"The Shingle Fire started on July 4, 2018 off South Shingle Road and Latrobe Road, west of Latrobe (El Dorado County) and burned 316 acres. It was contained on July 5, 2018. ",2018-07-04T17:09:00Z,6.0,7.0,0.0,45.0,4.0,12.625,4.0,0.6557377049180327
300.0,False,CAL FIRE Shasta Trinity Unit,2.0,5,/incidents/2018/6/28/flat-fire/,All road closures have been lifted.,53,53,6.0,2.0,11.0,2019-01-04T09:59:00Z,3.0,False,True,Grass,2.0,3.0,40.60402,"Reading Creek Road, SE of Douglas City",-122.9144,True,Flat Fire,100.0,151.5,True,"The Flat Fire started June 28 2018 off Reading Creek Road, SE of Douglas City (Trinity County) and burned 300 acres. It was contained on July 5, 2018.",2018-06-28T18:01:00Z,6.0,7.0,0.0,45.0,4.0,12.625,4.0,0.6557377049180327
300.0,False,CAL FIRE Madera-Mariposa-Merced ,2.0,5,/incidents/2018/6/4/oneals-fire/,All road closures have been lifted.,18,20,6.0,2.0,11.0,2019-01-04T10:14:00Z,3.0,False,True,Grass,2.0,3.0,37.10181,"Road 210 and Road 200, Oneal",-119.623981,False,ONeals Fire,100.0,151.5,True,"The O'neals Fire started on June 4, 2018 off Road 210 and Road 200, O'neals in Madera County and burned 300 acres. It was contained on June 7, 2018. ",2018-06-04T17:44:00Z,6.0,7.0,0.0,45.0,4.0,12.625,4.0,0.6557377049180327
300.0,False,Department of Defense - Camp Pendleton ,2.0,5,/incidents/2018/5/4/alpha-fire/,All road closures have been lifted.,36,37,6.0,2.0,11.0,2019-01-04T10:26:00Z,3.0,False,True,Grass,2.0,3.0,33.389425,"Basilone Rd and San Juan Rd, Camp Pendleton Marine Corps Base",-117.502405,False,Alpha Fire,100.0,151.5,True,"The Alpha Fire started May 4 2018 near Basilone Rd and San Juan Rd, Camp Pendleton Marine Corps Base (San Diedgo County).",2018-05-04T11:44:00Z,6.0,7.0,0.0,45.0,4.0,12.625,4.0,0.6557377049180327
293.0,False,Kern County Fire,2.0,5,/incidents/2018/5/16/twisselman-fire/,All road closures have been lifted.,13,15,6.0,2.0,11.0,2019-01-04T10:25:00Z,3.0,False,True,Grass,2.0,3.0,0.0,"Twisselman Road and Kecks Road, west of Highway 33",0.0,False,Twisselman Fire,100.0,151.5,True,"The Twisselman fire started on May 16, 2018 off Twisselman Road and Kecks Road, west of Highway 33 (Kern County) and burned 293 acres. It was contained on May 16, 2018. ",2018-05-16T16:30:00Z,6.0,7.0,0.0,45.0,4.0,12.625,4.0,0.6557377049180327
290.0,False,CAL FIRE Tuolumne-Calaveras Unit,2.0,5,/incidents/2018/8/6/south-fire/,All road closures have been lifted.,4,5,6.0,2.0,11.0,2019-01-04T09:23:00Z,3.0,False,True,Grass,2.0,3.0,38.061298,"Near Milton Road and South Gulch Road, Rancho Calaveras",-120.872244,False,South Fire,100.0,151.5,True,"The South Fire Started August 6th 2018 Near Milton Road and South Gulch Road, Rancho Calaveras (Calaveras County) and burned 290 acres. It was contained August 7, 2018.",2018-08-06T16:26:00Z,6.0,7.0,0.0,45.0,4.0,12.625,4.0,0.6557377049180327
289.0,False,CAL FIRE Madera-Mariposa-Merced Unit,2.0,5,/incidents/2018/8/23/eastman-fire/,All road closures have been lifted.,18,20,6.0,2.0,11.0,2019-01-04T09:15:00Z,3.0,False,True,Grass,2.0,3.0,37.197039,"Road 29 & Road 607, southwest of Eastman Lake",-120.002619,False,Eastman Fire,100.0,151.5,True,"The Eastman Fire started on August 23, 2018 off Road 29 & Road 607, southwest of Eastman Lake (Madera County). It burned 289 acres and was contained on August 24, 2018.",2018-08-23T15:40:00Z,6.0,7.0,0.0,45.0,4.0,12.625,4.0,0.6557377049180327
282.0,False,Unified Command: CAL FIRE/Riverside County Fire Department and Corona City Fire ,2.0,5,/incidents/2018/7/19/skyline-fire/,All road closures have been lifted.,32,33,6.0,2.0,11.0,2019-01-04T09:39:00Z,3.0,False,True,Grass,2.0,3.0,33.836101,"off Skyline Drive and Burrero Way, in an unincorporated county area west of Corona Cit",-117.607577,False,Skyline Fire,100.0,151.5,True,"The Skyline Fire started on July 19, 2018 off off Skyline Drive and Burrero Way, in an unincorporated county area west of Corona City.",2018-07-19T17:22:00Z,6.0,7.0,0.0,45.0,4.0,12.625,4.0,0.6557377049180327
278.0,False,CAL FIRE San Benito-Monterey,2.0,5,/incidents/2018/7/11/panoche-fire/,All road closures have been lifted.,34,35,6.0,2.0,11.0,2019-01-04T09:49:00Z,3.0,False,True,Grass,2.0,3.0,36.65351,"off Panoche Road, 2 miles north of CAL FIRE Antelope Station, southeast of Hollister",-121.0454,False,Panoche Fire,100.0,151.5,True,"Panoche Fire started on July 11, 2018 off Panoche Road, 2 miles north of CAL FIRE Antelope Station, southeast of Hollister (San Benito County). The fire was contained on July 15, 2018 and burned 278 acres.",2018-07-11T16:40:00Z,6.0,7.0,0.0,45.0,4.0,12.625,4.0,0.6557377049180327
268.0,False,Unified Command: CAL FIRE and Contra Costa County Fire Department,2.0,5,/incidents/2018/6/29/valley-fire/,All road closures have been lifted.,6,7,6.0,2.0,11.0,2019-01-04T09:58:00Z,3.0,False,True,Grass,2.0,3.0,37.94714,"Ygnaciao Valley Road and Cowell Road, Concord",-121.9921,False,Valley Fire,100.0,151.5,True,"The Valley Fire started June 28th 2018 near Ygnaciao Valley Road and Cowell Road, Concord (Contra Costa County).",2018-06-29T16:06:00Z,6.0,7.0,0.0,45.0,4.0,12.625,4.0,0.6557377049180327
268.0,False,CAL FIRE Tehama-Glenn Unit,2.0,5,/incidents/2018/6/23/stoll-fire/,All road closures have been lifted.,52,52,6.0,2.0,11.0,2019-01-04T10:02:00Z,3.0,False,True,Grass,2.0,3.0,40.18395,"Stoll Rd & Baker Rd, west of Red Bluff",-122.27574,True,Stoll Fire,100.0,151.5,True,"The Stoll Fire started on June 23, 2018 off Stoll Rd & Baker Rd, west of Red Bluff (Tehama County). The fire burned 268 acres and was contained on June 27, 2018.",2018-06-23T12:52:00Z,6.0,24.0,0.0,45.0,4.0,12.625,4.0,0.6557377049180327
265.0,False,CAL FIRE San Diego Unit,2.0,5,/incidents/2018/6/6/recycle-fire/,"All road closures have been lifted. Please drive with caution, emergency personnel will be working in the area.",36,37,6.0,2.0,11.0,2019-01-04T10:11:00Z,3.0,False,True,Grass,2.0,1.0,32.63046,"Off Hwy 94 and Campo Truck Trail, Campo",-116.46674,True,Recycle Fire,100.0,151.5,True,"The Recycle Fire started on June 6, 2018 off Off Hwy 94 and Campo Truck Trail, Campo (San Diego County). The fire burned 265 acres and was contained on June 8, 2018.",2018-06-06T09:46:00Z,6.0,7.0,0.0,45.0,4.0,12.625,4.0,0.6557377049180327
261.0,False,Lassen National Forest,2.0,5,/incidents/2018/9/28/wilson-fire/,All road closures have been lifted.,52,52,6.0,2.0,11.0,2019-01-04T08:59:00Z,3.0,False,True,Grass,2.0,3.0,40.34256,"Wilson Lake Rd and Lost Creek Rd, 10 miles NW of Chester  ",-121.43025,False,Wilson Fire,100.0,151.5,True,"The Wilson Fire started on September 28, 2018 at Wilson Lake Rd and Lost Creek Rd, 10 miles NW of Chester in Tehama County. This fire was contained on October 4, 2018 at 261 acres.",2018-09-28T13:08:00Z,6.0,7.0,0.0,45.0,4.0,12.625,4.0,0.6557377049180327
260.0,False,CAL FIRE San Luis Obispo Unit,2.0,5,/incidents/2018/6/26/fox-fire/,All road closures have been lifted.,38,40,6.0,2.0,11.0,2019-01-04T10:00:00Z,3.0,False,True,Grass,2.0,3.0,35.33916,"Camp San Luis Obispo Range Echo, 3 miles NW of San Luis Obispo",-120.71488,False,Fox Fire,100.0,151.5,True,"The Fox Fire started on June 26, 2018 at Camp San Luis Obispo Range Echo, 3 miles NW of San Luis Obispo. The fire burned 260 acres and was contained on June 26, 2018.",2018-06-26T11:16:00Z,6.0,7.0,0.0,45.0,4.0,12.625,4.0,0.6557377049180327
258.0,False,Channel Islands National Park,2.0,5,/incidents/2018/3/27/santa-cruz-fire/,All road closures have been lifted.,40,42,6.0,2.0,11.0,2019-01-03T09:44:00Z,3.0,False,True,Grass,2.0,3.0,34.0232,"Channel Islands National Park, Santa Cruz Island",-119.76576,False,Santa Cruz Fire,100.0,151.5,True,"The Santa Cruz Fire Started March 27 2018 on Channel Islands National Park, Santa Cruz Island
(Santa Barbara County) and burned 258 acres.",2018-03-27T14:45:00Z,6.0,7.0,0.0,45.0,4.0,12.625,4.0,0.6557377049180327
250.0,False,CAL FIRE San Diego Unit,2.0,5,/incidents/2018/8/9/rangeland-fire/,All road closures have been lifted.,36,37,6.0,2.0,11.0,2019-01-04T09:21:00Z,3.0,False,True,Grass,2.0,3.0,33.076239,off Rangeland Road and Highway 78 in Ramona,-116.902985,False,Rangeland Fire,100.0,151.5,True,"The Rangeland Fire started August 9, 2018 off Rangeland Road and Highway 78 in Ramona (San Diego County). This fire was contained on August 10, 2018 and burned 250 acres.",2018-08-09T13:09:00Z,6.0,7.0,0.0,45.0,4.0,12.625,4.0,0.6557377049180327
247.0,False,Unified Command: CAL FIRE Santa Clara Unit & East Contra Costa Fire,2.0,5,/incidents/2018/7/25/marsh-fire/,All road closures have been lifted.,6,7,6.0,2.0,11.0,2019-01-04T09:34:00Z,3.0,False,True,Grass,2.0,1.0,37.89612,"Marsh Creek Rd and  Bragdon way, east of Mount Diablo ",-121.85847,True,Marsh Fire,100.0,151.5,True,"The Marsh Fire started July 25 2018 near Marsh Creek Rd and  Bragdon way,  east of Mount Diablo (Contra Costa County) and burned 247 acres. It was contained on July 28, 2018",2018-07-25T14:41:00Z,6.0,1.0,0.0,45.0,4.0,12.625,4.0,0.6557377049180327
224.0,False,CAL FIRE Siskiyou Unit,2.0,5,/incidents/2018/7/15/steamboat-fire/,All road closures have been lifted.,45,47,6.0,2.0,11.0,2019-01-04T09:44:00Z,3.0,False,True,Grass,2.0,3.0,41.70877,"Shasta Valley Wildlife Area, 4 miles south east of Montague ",-122.47293,True,Steamboat Fire,100.0,151.5,True,"The Steamboat Fire started on July 15, 2018 near the Shasta Valley Wildlife Area, 4 miles south east of Montague (Siskiyou County) and burned 224 acres. It was contained on July 19, 2018.",2018-07-15T09:58:00Z,6.0,7.0,0.0,45.0,4.0,12.625,4.0,0.6557377049180327
215.0,False,Klamath National Forest,2.0,5,/incidents/2018/7/1/petersburg-fire/,All road closures have been lifted.,45,47,6.0,2.0,11.0,2019-01-04T09:56:00Z,3.0,False,True,Grass,2.0,3.0,41.085,Petersburg and Caribou Creek Rd 3 MI SW of Cecilville,-123.051,False,Petersburg Fire,100.0,151.5,True,"The Petersburg Fire Started June 1 2018 near Petersburg and Caribou Creek Rd 3 MI SW of Cecilville (Siskiyou County). The fire was contained on July 10, 2018 and burned 215 acres.",2018-07-01T18:13:00Z,6.0,7.0,0.0,45.0,4.0,12.625,4.0,0.6557377049180327
215.0,False,CAL FIRE San Benito-Monterey Unit,2.0,5,/incidents/2018/6/12/beaver-fire/,All road closures have been lifted.,34,35,6.0,2.0,11.0,2019-01-04T10:07:00Z,3.0,False,True,Grass,2.0,3.0,36.37532,"off Coalinga Highway and Airline Highway, East of King City",-120.862579,False,Beaver Fire,100.0,151.5,True,"The Beaver Fire started June 12, 2018 off Coalinga Highway and Airline Highway, East of King City (San Benito County). ",2018-06-12T15:06:00Z,6.0,7.0,0.0,45.0,4.0,12.625,4.0,0.6557377049180327
207.0,False,CAL FIRE San Diego Fire Authority,2.0,5,/incidents/2018/7/28/rock-fire/,All road closure have been lifted.,36,37,6.0,2.0,11.0,2019-01-04T09:31:00Z,3.0,False,True,Grass,2.0,3.0,33.41476,Rock Mountain Dr. and Sandia Creek Dr. in the community of Fallbrook. ,-117.24044,True,Rock Fire,100.0,151.5,True,"The Rock Fire started on July 28, 2018 off Rock Mountain Dr. and Sandia Creek Dr. in the community of Fallbrook (San Diego County). The fire was contained on July 31, 2018 and burned 207 acres.",2018-07-28T15:14:00Z,6.0,7.0,0.0,45.0,4.0,12.625,4.0,0.6557377049180327
205.0,False,Bureau of Indian Affairs - CAL FIRE / Riverside County Fire,2.0,5,/incidents/2018/7/26/ribbon-fire/,All road closures have been lifted.,32,33,6.0,2.0,11.0,2019-01-04T09:33:00Z,3.0,False,True,Grass,2.0,3.0,33.571763,Highway 74 and Ribbonwood Dr. near Pinyon,-116.500058,False,Ribbon Fire,100.0,151.5,True,"The Ribbon Fire started on July 26, 2018 at Hwy 74 and Ribbonwood Drive, near Pinyon in Riverside County.",2018-07-26T10:12:00Z,6.0,7.0,0.0,45.0,4.0,12.625,4.0,0.6557377049180327
200.0,False,Kern County Fire,2.0,5,/incidents/2018/9/12/water-fire/,All road closures have been lifted.,13,15,6.0,2.0,11.0,2019-01-04T09:06:00Z,3.0,False,True,Grass,2.0,3.0,34.91482,"southbound I-5, south of Grapevine Rd.",-118.92485,False,Water Fire,100.0,151.5,True,"The Water Fire started on September 12, 2018 off southbound I-5, south of Grapevine Rd. in Kern County and burned 200 acres. It was contained on September 14, 2018.",2018-09-12T11:25:00Z,6.0,7.0,0.0,45.0,4.0,12.625,4.0,0.6557377049180327
200.0,False,CAL FIRE Madera-Mariposa-Merced ,2.0,5,/incidents/2018/6/7/bear-fire/,All road closures have been lifted.,22,24,6.0,2.0,11.0,2019-01-04T10:10:00Z,3.0,False,True,Grass,2.0,3.0,37.33924,"Cunningham Road and Hwy 140, Planda",-120.24315,False,Bear Fire,100.0,151.5,True,"The Bear Fire started on June 7, 2018 off Cunningham Road and Hwy 140, Planda (Merced County). This fire was contained on June 8, 2018 and burned 200 acres.",2018-06-07T18:04:00Z,6.0,7.0,0.0,45.0,4.0,12.625,4.0,0.6557377049180327
191.0,False,CAL FIRE Butte Unit/Butte County Fire Department,2.0,5,/incidents/2018/7/4/par-fire/,All road closures have been lifted.,3,4,6.0,2.0,11.0,2019-01-04T09:56:00Z,3.0,False,True,Grass,2.0,3.0,39.491737,"off Par Four Way and Highway 162, west of the City of Oroville ",-121.637759,False,Par Fire,100.0,151.5,True,"The Par Fire started July 4, 2018 off Par Four Way and Highway 162, west of the City of Oroville (Butte County) and burned 191 acres. It was contained on July 4, 2018.",2018-07-04T13:30:00Z,6.0,7.0,0.0,45.0,4.0,12.625,4.0,0.6557377049180327
186.0,False,Ventura County Fire Department,2.0,5,/incidents/2018/11/12/peak-fire/,All road closures have been lifted.,56,56,6.0,2.0,11.0,2019-01-04T08:46:00Z,3.0,False,False,Grass,2.0,3.0,34.26734825,"off Highway 118 and Rocky Peak Road, east of Simi Valley",-118.64381589,False,Peak Fire,100.0,151.5,True,"The Peak Fire started November 12, 2018 off Highway 118 and Rocky Peak Road, east of Simi Valley (Ventura County) and burned 186 acres. It was contained November 12, 2018.  ",2018-11-12T10:06:00Z,6.0,7.0,0.0,45.0,4.0,12.625,4.0,0.6557377049180327
185.0,False,CAL FIRE Madera-Mariposa-Merced ,2.0,5,/incidents/2018/6/17/dinosaur-fire/,All road closures have been lifted.,22,24,6.0,2.0,11.0,2019-01-04T10:04:00Z,3.0,False,True,Grass,2.0,3.0,37.05876,"off Dinosaur Road and Highway 152, Santa Nella",-121.176354,False,Dinosaur Fire,100.0,151.5,True,"The Dinosaur Fire started June 17, 2018 off Dinosaur Road and Highway 152, Santa Nella (Merced County). ",2018-06-17T15:09:00Z,6.0,7.0,0.0,45.0,4.0,12.625,4.0,0.6557377049180327
175.0,False,Los Angeles County,2.0,5,/incidents/2018/6/9/south-fire/,All road closures have been lifted.,17,19,6.0,2.0,11.0,2019-01-04T10:08:00Z,3.0,False,True,Grass,2.0,3.0,37.97638,"I-5 and Calgrove Blvd, Santa Clarita",-122.5275,False,South Fire,100.0,151.5,True,"The South Fire started on June 9, 2018 off I-5 and Calgrove Blvd, Santa Clarita (Los Angeles County) and burned 175 acres. It was contained on June 12, 2018. ",2018-06-09T14:45:00Z,6.0,7.0,0.0,45.0,4.0,12.625,4.0,0.6557377049180327
175.0,False,Orange County Fire,2.0,5,/incidents/2018/6/2/aliso-fire/,All road closures have been lifted.,29,30,6.0,2.0,11.0,2019-01-04T10:19:00Z,3.0,False,True,Grass,2.0,3.0,33.55132,"Aliso Woods Canyon Park, Community of Aliso Viejo",-117.72044,False,Aliso Fire,100.0,151.5,True,"The Aliso Fire Started June 2 2018 near Aliso Woods Canyon Park, Community of Aliso Viejo (Orange County).  This fire was contained on June 7, 2018 and burned 175 acres. ",2018-06-02T13:07:00Z,6.0,7.0,0.0,45.0,4.0,12.625,4.0,0.6557377049180327
172.0,False,Los Padres National Forest,2.0,5,/incidents/2018/9/1/ogilvy-fire/,All road closures have been lifted.,40,42,6.0,2.0,11.0,2019-01-04T09:12:00Z,3.0,False,True,Grass,2.0,3.0,34.576944,"Pie Canyon Rd and Mono-Alamar Rd, NE of Gibraltar Reservoir",-119.61416,False,Ogilvy Fire,100.0,151.5,True,"The Ogivly Fire started on September 1, 2018 near Pie Canyon Rd and Mono-Alamar Rd, NE of Gibraltar Reservoir (Santa Barbara County).  The fire was contained on September 4, 2018 and burned 172 acres.",2018-09-01T14:22:00Z,6.0,7.0,0.0,45.0,4.0,12.625,4.0,0.6557377049180327
170.0,False,Tehama County Fire Department,2.0,5,/incidents/2018/6/23/sierra-fire/,All road closures have been lifted.,52,52,6.0,2.0,11.0,2019-01-04T10:02:00Z,3.0,False,True,Grass,2.0,3.0,40.12791,"Off Casale Rd & Reading Rd, south of Red Bluff",-122.19792,False,Sierra Fire,100.0,151.5,True,"The Sierra Fire started on June 23, 2018 off Casale Rd & Reading Rd, south of Red Bluff (Tehama County).",2018-06-23T13:15:00Z,6.0,7.0,0.0,45.0,4.0,12.625,4.0,0.6557377049180327
167.0,False,CAL FIRE San Benito - Monterey Unit,2.0,5,/incidents/2018/10/13/priest-fire/,All road closures have been lifted.,26,27,6.0,2.0,11.0,2019-01-04T08:54:00Z,3.0,False,True,Grass,2.0,3.0,36.18401," Hwy 198 & Priest Valley Rd, east of San Lucas",-120.69955,False,Priest Fire,100.0,151.5,True,"The Priest Fire started on October 13, 2018 off  Hwy 198 & Priest Valley Rd, east of San Lucas (Monterey County) and burned 167 acres. It was contained on October 15, 2018. ",2018-10-13T14:43:00Z,6.0,7.0,0.0,45.0,4.0,12.625,4.0,0.6557377049180327
167.0,False,CAL FIRE Lassen-Modoc Unit / Lassen National Forest,2.0,5,/incidents/2018/7/24/roxie-fire-formerly-1-1-fire/,All road closures have been lifted.,16,18,6.0,2.0,11.0,2019-01-04T09:35:00Z,3.0,False,True,Grass,2.0,1.0,40.34822,"Roxie Peconom Campground, west of Willard Cr, 10 mi west of Susanville",-120.82497,True,Roxie Fire (Formerly 1-1 Fire),100.0,151.5,True,"The 1-1 Fire started on July 24, 2018 near the Roxie Peconom Campground, west of Willard Cr, 10 mi west of Susanville (Lassen County). The fire was contained on August 1, 2018 and burned 167 acres.",2018-07-24T16:02:00Z,6.0,7.0,0.0,45.0,4.0,12.625,4.0,0.6557377049180327
166.0,False,Angeles National Forest,2.0,5,/incidents/2018/9/9/fork-fire/,All road closures have been lifted.,17,19,6.0,2.0,11.0,2019-01-04T09:05:00Z,3.0,False,True,Grass,2.0,3.0,34.2325,"East Fork Rd & San Gabriel Canyon Rd, Azusa",-117.846111,False,Fork Fire,100.0,151.5,True,"The Fork Fire started on September 9, 2018 off East Fork Rd & San Gabriel Canyon Rd, Azusa (Los Angeles County) and burned 166 acres. It was contained on September 11, 2018. ",2018-09-09T12:10:00Z,6.0,7.0,0.0,45.0,4.0,12.625,4.0,0.6557377049180327
163.0,False,CAL FIRE Tuolumne-Calaveras Unit,2.0,5,/incidents/2018/6/24/flat-fire/,All road closures have been lifted.,55,55,6.0,2.0,11.0,2019-01-04T10:01:00Z,3.0,False,True,Grass,2.0,3.0,37.80785,"Hwy 49 & Marshes Flat Rd, in the Community of Moccasin ",-120.30187,True,Flat Fire,100.0,151.5,True,"The Flat Fire started on June 24, 2018 off Hwy 49 & Marshes Flat Rd, in the Community of Moccasin (Tuolumne County).",2018-06-24T13:54:00Z,6.0,7.0,0.0,45.0,4.0,12.625,4.0,0.6557377049180327
160.0,False,Solano County Fire Protection District,2.0,5,/incidents/2018/10/12/winters-fire/,All road closures have been lifted.,46,48,6.0,2.0,11.0,2019-01-04T08:55:00Z,3.0,False,True,Grass,2.0,3.0,38.45673,"Winters Rd & Allendale Rd, south of Winters",-121.94658,False,Winters Fire,100.0,151.5,True,"The Winters Fire started on October 12, 2018 off Winters Rd & Allendale Rd, south of Winters (Solano County) and burned 160 acres. It was contained on October 12, 2018. ",2018-10-12T11:21:00Z,6.0,7.0,0.0,45.0,4.0,12.625,4.0,0.6557377049180327
155.0,False,CAL FIRE Shasta-Trinity Unit,2.0,5,/incidents/2018/8/19/gorge-fire/,All road closures have been lifted.,43,45,6.0,2.0,11.0,2019-01-04T09:16:00Z,3.0,False,True,Grass,2.0,3.0,40.36888889,"off Highway 36 west and Beegum Gorge road, Platina area",-122.89055556,False,Gorge Fire,100.0,151.5,True,"The Gorge Fire started August 19, 2018 off Highway 36 west and Beegum Gorge road, Platina area (Shasta County). It burned 155 acres & was contained on August 21, 2018.",2018-08-19T07:32:00Z,6.0,7.0,0.0,45.0,4.0,12.625,4.0,0.6557377049180327
155.0,False,Orange County Fire,2.0,5,/incidents/2018/6/11/santiago-fire/,All road closures have been lifted.,29,30,6.0,2.0,11.0,2019-01-04T10:08:00Z,3.0,False,True,Grass,2.0,3.0,33.787838,off Highway 241 and Santiago Canyon Road,-117.746625,False,Santiago Fire,100.0,151.5,True,"The Santiago Fire started on June 11, 2018 off Highway 241 and Santiago Canyon Road (Orange County). The fire burned 155 acres and was contained on June 14, 2018.",2018-06-11T17:04:00Z,6.0,7.0,0.0,45.0,4.0,12.625,4.0,0.6557377049180327
154.0,False,CAL FIRE / Riverside County Fire,2.0,5,/incidents/2018/6/12/euclid-fire/,All road closures have been lifted.,32,33,6.0,2.0,11.0,2019-01-04T10:07:00Z,3.0,False,True,Grass,2.0,3.0,33.925862,off Highway 71 south of Euclid Avenue in Chino,-117.654299,False,Euclid Fire,100.0,151.5,True,"The Euclid Fire started on June 12, 2018 off Highway 71 south of Euclid Avenue in Chino (Riverside County). The fire was contained on June 22 and burned 154 acres.",2018-06-12T14:22:00Z,6.0,7.0,0.0,45.0,4.0,12.625,4.0,0.6557377049180327
152.0,False,Marin County Fire,2.0,5,/incidents/2018/9/10/irving-fire/,All road closures have been lifted.,19,21,6.0,2.0,11.0,2019-01-04T09:05:00Z,3.0,False,True,Grass,2.0,3.0,38.02447,"Samuel P Taylor State Park, northwest of the Community of Lagunitas",-122.727,True,Irving Fire,100.0,151.5,True,"The Irving Fire started on September 10,2018 in Samuel P Taylor State Park, northwest of the Community of Lagunitas, Marin County and burned 152 acres. It was contained September 14, 2018.",2018-09-10T19:00:00Z,6.0,7.0,0.0,45.0,4.0,12.625,4.0,0.6557377049180327
150.0,False,Ventura County Fire Department,2.0,5,/incidents/2018/11/15/briggs-fire/,All road closures have been lifted.,56,56,6.0,2.0,11.0,2019-01-04T08:44:00Z,3.0,False,True,Grass,2.0,3.0,34.30166667,"off Shell Road and Orr Road, Santa Paula",-119.09916667,False,Briggs Fire,100.0,151.5,True,"The Briggs Fire started November 15, 2018 off Shell Road and Orr Road, Santa Paula (Ventura County)",2018-11-15T01:39:00Z,6.0,7.0,0.0,45.0,4.0,12.625,4.0,0.6557377049180327
150.0,False,Fort Hunter Liggett Military Reservation,2.0,5,/incidents/2018/10/2/nacimiento-fire/,All road closures have been lifted.,26,27,6.0,2.0,11.0,2019-01-04T08:57:00Z,3.0,False,True,Grass,2.0,3.0,35.97677,"Nacimiento Fergusson Rd, west of Jolon",-121.24898,False,Nacimiento Fire,100.0,151.5,True,"The Nacimiento Fire started on October 2, 2018 off Nacimiento Fergusson Rd, west of Jolon (Monterey County). It was contained on October 3, 2018 and burned 150 acres.",2018-10-02T12:32:00Z,6.0,7.0,0.0,45.0,4.0,12.625,4.0,0.6557377049180327
150.0,False,CAL FIRE Amador-El Dorado Unit,2.0,5,/incidents/2018/9/4/sliger-fire/,All road closures have been lifted.,8,9,12.0,1.0,30.0,2019-01-04T09:09:00Z,3.0,False,True,Grass,2.0,3.0,38.94388,"Sliger Mine Rd and Hida Way, northwest of Georgetown",-120.92611,True,Sliger Fire,100.0,151.5,True,"The Sliger Fire started on September 4, 2018 off Sliger Mine Rd and Hida Way, northwest of Georgetown. The Sliger fire was contained on September 10, 2018 and burned 150 acres.",2018-09-04T15:03:00Z,6.0,7.0,0.0,45.0,5.0,4.887096774193548,3.0,0.6557377049180327
147.0,False,Rialto Fire Department,2.0,5,/incidents/2018/11/13/sierra-fire/,All road closures have been lifted.,35,36,6.0,2.0,11.0,2019-01-04T08:45:00Z,3.0,False,True,Grass,2.0,3.0,34.18075,off Sierra Ave and Riverside Ave,-117.43184,False,Sierra Fire,100.0,151.5,True,"The Sierra Fire started November 13, 2018 off Sierra Ave and Riverside Ave (San Bernardino County). ",2018-11-13T08:19:00Z,6.0,7.0,0.0,45.0,4.0,12.625,4.0,0.6557377049180327
136.0,False,CAL FIRE Tuolumne-Calaveras Unit,2.0,5,/incidents/2018/8/5/parrots-fire/,All road closures have been lifted.,4,5,6.0,2.0,11.0,2019-01-04T09:24:00Z,3.0,False,True,Grass,2.0,3.0,38.08424,"Parrots Ferry Rd x Camp 9 Rd, South of the community of Vallecito",-120.46078,False,Parrots Fire,100.0,151.5,True,"The Parrots Fire started on August 5, 2018 near Parrots Ferry Rd x Camp 9 Rd, South of the community of Vallecito in Calaveras County and burned 136 acres. It was contained on August 7, 2018.",2018-08-05T04:19:00Z,6.0,7.0,0.0,45.0,4.0,12.625,4.0,0.6557377049180327
135.0,False,CAL FIRE Sonoma-Lake-Napa Unit,2.0,5,/incidents/2018/7/28/steele-fire/,All roads are open.,27,28,6.0,2.0,11.0,2019-01-04T09:30:00Z,3.0,False,True,Grass,2.0,3.0,38.51943,"off Arroyo Grande Drive and Steele Canyon Road, Capell",-122.18353,True,Steele Fire,100.0,151.5,True,"The Steele fire started July 28, 2018 off Arroyo Grande Drive and Steele Canyon Road, Capell (Napa County) and burned 135 acres. It was contained on August 1, 2018.",2018-07-28T16:30:00Z,4.0,8.0,0.0,45.0,4.0,12.625,4.0,0.6557377049180327
128.0,False,Los Angeles County Fire Department ,2.0,5,/incidents/2018/7/23/pico-fire/,All road closures have been lifted.,17,19,6.0,2.0,11.0,2019-01-04T09:37:00Z,3.0,False,True,Grass,2.0,3.0,34.38039,"off West Pico Canyon Rd and Potrero Canyon Rd, Stevenson Ranch area",-118.60441,False,Pico Fire,100.0,151.5,True,"The Pico Fire started on July 23, 2018 off West Pico Canyon Rd and Potrero Canyon Rd, Stevenson Ranch area (Los Angeles County). This fire was contained on July 23, 2018 and burned 128 acres.",2018-07-23T12:55:00Z,6.0,7.0,0.0,45.0,4.0,12.625,4.0,0.6557377049180327
127.0,False,Mendocino National Forest ,2.0,5,/incidents/2018/6/1/open-fire/,All road closures have been lifted.,10,11,6.0,2.0,11.0,2019-01-04T10:19:00Z,3.0,False,True,Grass,2.0,3.0,39.46543,"Open Ridge, NW of Dry Creek Hill, 11 miles SW of Elk Creek",-122.65582,False,Open Fire,100.0,151.5,True,"The Open Fire started June 1 2018 near Open Ridge, NW of Dry Creek Hill, 11 miles SW of Elk Creek (Glenn County). The fire burned 127 acres and was 100% contained on ",2018-06-01T15:20:00Z,6.0,7.0,0.0,45.0,4.0,12.625,4.0,0.6557377049180327
127.0,False,CAL FIRE Siskiyou Unit,2.0,5,/incidents/2018/5/9/shastina-fire/,All road closures have been lifted.,45,47,6.0,2.0,11.0,2019-01-04T10:25:00Z,3.0,False,True,Grass,2.0,3.0,41.65935,"west of Rancho Hills, community of Lake Shastina, north of Weed",-122.48556,False,Shastina Fire,100.0,151.5,True,"The Shastina Fire started on May 9, 2018 west of Rancho Hills, community of Lake Shastina, north of Weed (Siskiyou County) and burned 127 acres. It was contained on May 17, 2018.",2018-05-09T18:11:00Z,6.0,7.0,0.0,45.0,4.0,12.625,4.0,0.6557377049180327
125.0,False,San Bernardino National Forest/San Bernardino County Fire,2.0,5,/incidents/2018/8/31/sterling/,All road closures have been lifted.,35,36,6.0,2.0,11.0,2019-01-04T09:12:00Z,3.0,False,True,Grass,2.0,3.0,34.15475,"Sterling Ave and Foothill Dr, City of San Bernardino",-117.244366,False,Sterling,100.0,151.5,True,"The Sterling Fire started on August 31 2018 near Sterling Ave and Foothill Dr, City of San Bernardino (San Bernardino County). It was contained on September 4, 2018 and burned 125 acres.",2018-08-31T17:58:00Z,6.0,7.0,0.0,45.0,4.0,12.625,4.0,0.6557377049180327
120.0,False,CAL FIRE Tulare Unit,2.0,5,/incidents/2018/10/24/market-fire/,All road closures have been lifted.,54,54,6.0,2.0,11.0,2019-01-04T08:51:00Z,3.0,False,True,Grass,2.0,3.0,36.47766,"Road 208 and Avenue 380, 5 miles north of Woodlake",-119.10433,False,Market Fire,100.0,151.5,True,"The Market Fire started on October 24, 2018 off Road 208 and Avenue 380, 5 miles north of Woodlake in Tulare County and burned 120 acres. It was contained October 25, 2018. ",2018-10-24T12:18:00Z,6.0,7.0,0.0,45.0,4.0,12.625,4.0,0.6557377049180327
117.0,False,USFS Plumas National Forest ,2.0,5,/incidents/2018/8/7/murphy-fire/,All road closures have been lifted.,31,32,6.0,2.0,11.0,2019-01-04T09:22:00Z,3.0,False,True,Grass,2.0,3.0,39.996944,"off Hwy 70 near Chips Creek, west of Belden",-121.27,False,Murphy Fire,100.0,151.5,True,"The Murphy Fire started August 7, 2018 off Hwy 70 near Chips Creek, west of Belden (Plumas County) and burned 117 acres. ",2018-08-07T02:11:00Z,6.0,7.0,0.0,45.0,4.0,12.625,4.0,0.6557377049180327
116.0,False,CAL FIRE San Benito-Monterey,2.0,5,/incidents/2018/7/12/idria-fire/,All road closures have been lifted.,34,35,6.0,2.0,11.0,2019-01-04T09:49:00Z,3.0,False,True,Grass,2.0,3.0,36.59036,"Panoche Rd and New Idria Rd, west of San Joaquin",-120.82355,False,Idria Fire,100.0,151.5,True,"The Idria Fire started on July 12, 2018 off Panoche Rd and New Idria Rd, W of San Joaquin in San Benito County. The fire was contained on July 15, 2018 and burned 116 acres.",2018-07-12T12:57:00Z,6.0,7.0,0.0,45.0,4.0,12.625,4.0,0.6557377049180327
116.0,False,CAL FIRE Santa Clara Unit,2.0,5,/incidents/2018/7/6/bridle-fire/,All road closures have been lifted.,41,43,6.0,2.0,11.0,2019-01-04T09:54:00Z,3.0,False,True,Grass,2.0,3.0,37.06367,"off Bridal Path Drive and Butch Drive, east of Gilroy",-121.53586,False,Bridle Fire,100.0,151.5,True,"The Bridle Fire started on July 6, 2018 off Bridal Path Drive and Butch Drive, east of Gilroy (Santa Clara County) and burned 116 acres. It was contained on July 7, 2018.",2018-07-06T10:40:00Z,6.0,7.0,0.0,45.0,4.0,12.625,4.0,0.6557377049180327
115.0,False,CAL FIRE Madera-Mariposa-Merced Unit,2.0,5,/incidents/2018/6/18/wheeler-fire/,All road closures have been lifted.,20,22,6.0,2.0,11.0,2019-01-04T10:04:00Z,3.0,False,True,Grass,2.0,3.0,37.707234,"Wheeler Gulch & Hwy 49 South, southwest of Coulterville",-120.199162,True,Wheeler Fire,100.0,151.5,True,"The Wheeler Fire started on June 18, 2018 off Wheeler Gulch & Hwy 49 South, southwest of Coulterville (Mariposa County).",2018-06-18T12:30:00Z,6.0,7.0,0.0,45.0,4.0,12.625,4.0,0.6557377049180327
114.0,False,Kern County Fire ,2.0,5,/incidents/2018/8/16/pine-fire/,All road closures have been lifted.,13,15,6.0,2.0,11.0,2019-01-04T09:17:00Z,3.0,False,True,Grass,2.0,3.0,35.56888889,"off Pine Mountain Road and Granite Road, north of Bakersfield",-118.80138889,False,Pine Fire,100.0,151.5,True,"The Pine Fire started August 16, 2018 off Pine Mountain Road and Granite, north of Bakersfield (Kern County) and burned 114 acres. It was contained on August 16, 2018.",2018-08-16T16:06:00Z,6.0,7.0,0.0,45.0,4.0,12.625,4.0,0.6557377049180327
113.0,False,Santa Barbara County Fire,2.0,5,/incidents/2018/7/6/holiday-fire/,All road closures have been lifted.,40,42,6.0,2.0,11.0,2019-01-04T09:54:00Z,3.0,False,True,Grass,2.0,3.0,34.463889,"off north Fairview Ave and Holiday Hill Road, City of Goleta",-119.831389,True,Holiday Fire,100.0,151.5,True,"The Holiday Fire started July 6, 2018 off north Fairview Ave and Holiday Hill Road, City of Goleta (Santa Barbara County).",2018-07-06T20:40:00Z,6.0,24.0,0.0,45.0,4.0,12.625,4.0,0.6557377049180327
110.0,False,Santa Barbara County Fire,2.0,5,/incidents/2018/7/20/windmill-fire/,All road closures have been lifted.,40,42,6.0,2.0,11.0,2019-01-04T09:38:00Z,3.0,False,True,Grass,2.0,3.0,34.62412,"Highway 246, west of Buellton",-120.22298,False,Windmill Fire,100.0,151.5,True,"The Windmill Fire started on July 20, 2018 off Highway 246, west of Buellton (Santa Barbara County) and burned 110 acres. It was contained on July 23, 2018.",2018-07-20T14:23:00Z,6.0,7.0,0.0,45.0,4.0,12.625,4.0,0.6557377049180327
108.0,False,CAL FIRE Fresno-Kings Unit,2.0,5,/incidents/2018/5/26/cobble-fire/,All road closures have been lifted.,9,10,6.0,2.0,11.0,2019-01-04T10:22:00Z,3.0,False,True,Grass,2.0,3.0,36.75581,"Cobblestone Lane and Thernal Road, Tivy Valley",-119.42172,False,Cobble Fire,100.0,151.5,True,"The Cobble Fire started on May 26, 2018 off Cobblestone Lane and Thernal Road, Tivy Valley in Fresno County. The fire burned 108 acres and was 100% contained on May 27, 2018.",2018-05-26T14:52:00Z,6.0,7.0,0.0,45.0,4.0,12.625,4.0,0.6557377049180327
106.0,False,CAL FIRE Mendocino Unit,2.0,5,/incidents/2018/8/1/western-fire/,All road closures have been lifted.,21,23,6.0,2.0,11.0,2019-01-04T09:26:00Z,3.0,False,True,Grass,2.0,3.0,38.8802,"Off Highway 101, south of Hopland",-123.0496,False,Western Fire,100.0,151.5,True,"The Western Fire started on August 1, 2018 off Highway 101, south of Hopland (Mendocino County). This fire was contained on August 2, 2018 and burned 106 acres.",2018-08-01T15:53:00Z,6.0,7.0,0.0,45.0,4.0,12.625,4.0,0.6557377049180327
103.0,False,CAL FIRE Sonoma-Lake-Napa Unit,2.0,5,/incidents/2018/8/26/cache-fire/,All road closures have been lifted.,15,17,6.0,2.0,11.0,2019-01-04T09:14:00Z,3.0,False,True,Grass,2.0,3.0,39.02017,"Hwy 20 and New Long Valley Rd, Clear Lake Oaks          ",-122.57496,False,Cache Fire,100.0,151.5,True,"The Cache Fire started on August 26, 2018 at Hwy 20 and New Long Valley Rd, Clear Lake Oaks in Lake County. This fire was contained on August 29, 2018 and burned 103 acres.",2018-08-26T18:04:00Z,6.0,7.0,0.0,45.0,4.0,12.625,4.0,0.6557377049180327
103.0,False,CAL FIRE Tehama-Glenn Unit,2.0,5,/incidents/2018/5/18/jelly-fire/,All road closures have been lifted.,52,52,6.0,2.0,11.0,2019-01-04T10:24:00Z,3.0,False,True,Grass,2.0,3.0,40.31759,"Off Jellysferry Rd, north of Red Bluff",-122.21032,False,Jelly Fire,100.0,151.5,True,"The Jelly Fire started on May 18, 2018 off Jellysferry Rd, north of Red Bluff (Tehama County) and burned 103 acres. It was contained on May 19, 2018. ",2018-05-18T16:37:00Z,6.0,7.0,0.0,45.0,4.0,12.625,4.0,0.6557377049180327
100.0,False, San Diego Fire-Rescue Department,2.0,5,/incidents/2018/8/13/cloverdale-fire/,All road closures have been lifted.,36,37,6.0,2.0,11.0,2019-01-04T09:19:00Z,3.0,False,True,Grass,2.0,3.0,33.0971179,"off San Pasqual Valley Rd, near Escondido.",-117.0242529,False,Cloverdale Fire,100.0,151.5,True,"The Cloverdale Fire started on August 13th, 2018 off off San Pasqual Rd near Escondido (San Diego County).  This fire was contained on August 16, 2018 and burned 100 acres.",2018-08-13T14:58:00Z,6.0,7.0,0.0,45.0,4.0,12.625,4.0,0.6557377049180327
100.0,False,CAL FIRE Tulare Unit,2.0,5,/incidents/2018/7/27/balch-fire/,All road closures have been lifted.,54,54,6.0,2.0,11.0,2019-01-04T09:33:00Z,3.0,False,True,Grass,2.0,3.0,36.21634,"off Balch Park Road and Yokohl Drive, northeast of Porterville",-118.82989,False,Balch Fire,100.0,151.5,True,"The Balch Fire started July 27, 2018 off Balch Park Road and Yokohl Drive, northeast of Porterville (Tulare County). The fire was contained on July 30, 2018 and burned 100 acres.",2018-07-27T12:14:00Z,6.0,7.0,0.0,45.0,4.0,12.625,4.0,0.6557377049180327
100.0,False,San Bernardino National Forest ,2.0,5,/incidents/2018/7/6/box-fire/,All road closures have been lifted.,35,36,6.0,2.0,11.0,2019-01-04T09:55:00Z,3.0,False,True,Grass,2.0,3.0,34.22526,"off Interstate 15 and Kenwood Ave, north of San Bernardino",-117.40967,False,Box Fire,100.0,151.5,True,"The Box Fire started July 6, 2018 off Highway 15 and Kenwood Ave, north of San Bernardino (San Bernardino County). The fire was contained on July 12, and burned 100 acres.",2018-07-06T09:36:00Z,6.0,7.0,0.0,45.0,4.0,12.625,4.0,0.6557377049180327
100.0,False,CAL FIRE San Luis Obispo Unit,2.0,5,/incidents/2018/5/24/water-fire/,All road closures have been lifted.,38,40,6.0,2.0,11.0,2019-01-04T10:22:00Z,3.0,False,True,Grass,2.0,3.0,35.56922,"Bitterwater Rd and Bitterwater Canyon Rd, California Valley Area",-120.12441,False,Water Fire,100.0,151.5,True,"The Water Fire started on May 24, 2018 at Bitterwater Rd and Bitterwater Canyon Rd, California Valley Area in San Luis Obispo County. The fire burned 100 acres and is 100% contained on May 24, 2018.",2018-05-24T10:43:00Z,6.0,7.0,0.0,45.0,4.0,12.625,4.0,0.6557377049180327
96.0,False,Fort Hunter Liggett,2.0,5,/incidents/2018/6/9/sam-fire/,All road closures have been lifted.,26,27,6.0,2.0,11.0,2019-01-04T10:08:00Z,3.0,False,True,Grass,2.0,3.0,35.9352,"Sam Jones and Jolon Rd, Fort Hunter Liggett ",-121.11936,False,Sam Fire,100.0,151.5,True,"The Sam Jones Fire started on June 9, 2018 at Sam Jones and Jolon Rd, Fort Hunter Liggett (Monterey County). This fire was contained on June 9, 2018 and burned 96 acres.",2018-06-09T15:31:00Z,6.0,7.0,0.0,45.0,4.0,12.625,4.0,0.6557377049180327
95.0,False,CAL FIRE Kern County Fire,2.0,5,/incidents/2018/6/29/sheep-fire/,All road closures have been lifted.,13,15,6.0,2.0,11.0,2019-01-04T09:57:00Z,3.0,False,True,Grass,2.0,3.0,35.1234,"Comanche Point Rd, 3 miles south of Arvin",-118.72905,False,Sheep Fire,100.0,151.5,True,"The Sheep Fire started June 29 2018 near Comanche Point Rd, south of Arvin (Kern County)",2018-06-29T17:53:00Z,6.0,7.0,0.0,45.0,4.0,12.625,4.0,0.6557377049180327
90.0,False,CAL FIRE Mendocino Unit,2.0,5,/incidents/2018/7/5/peach-fire/,All road closures have been lifted.,21,23,6.0,2.0,11.0,2019-01-04T09:55:00Z,3.0,False,True,Grass,2.0,3.0,39.038859,"off Peachland Road and Highway 128, north of the Community of Boonville",-123.38493,False,Peach Fire ,100.0,151.5,True,"The Peach Fire started on July 5, 2018 off Peachland Road and Highway 128 and burned 90 acres, north of the Community of Boonville (Mendocino County). It was contained on July 6, 2018.",2018-07-05T15:12:00Z,6.0,7.0,0.0,45.0,4.0,12.625,4.0,0.6557377049180327
89.0,False,CAL FIRE Lassen-Modoc Unit,2.0,5,/incidents/2018/7/15/3-16-fire/,All road closures have been lifted.,16,18,6.0,2.0,11.0,2019-01-04T09:42:00Z,3.0,False,True,Grass,2.0,3.0,40.94666,near Little Valley,-121.27049,False,3-16 Fire,100.0,151.5,True,"The 3-16 Fire started on July 15, 2018 near Little Valley in Lassen County. The 3-16 fire burned 89 acres, and was contained on July 17, 2018.",2018-07-15T18:54:00Z,6.0,7.0,0.0,45.0,4.0,12.625,4.0,0.6557377049180327
88.0,False,CAL FIRE Lassen - Modoc Unit,2.0,5,/incidents/2018/11/8/horn-fire/,All road closures have been lifted.,16,18,6.0,2.0,11.0,2019-01-04T08:47:00Z,3.0,False,True,Grass,2.0,3.0,40.83116,"Horn Road and Mail Route Road, 9 miles southeast of Termo  ",-120.19336,False,Horn Fire,100.0,151.5,True,"The Horn fire started on November 8, 2018 off Horn Road and Mail Route Road, 9 miles southeast of Termo (Lassen County).",2018-11-08T11:25:00Z,6.0,7.0,0.0,45.0,4.0,12.625,4.0,0.6557377049180327
88.0,False,USFS Sierra National Forest ,2.0,5,/incidents/2018/8/27/redinger-fire/,All road closures have been lifted.,18,20,6.0,2.0,11.0,2019-01-04T09:13:00Z,3.0,False,True,Grass,2.0,3.0,37.179167,"Mammoth Road, 29 miles north of Clovis",-119.431667,False,Redinger Fire,100.0,151.5,True,"The Redinger Fire started on August 27, 2018 at Mammoth Road, 29 miles north of Clovis in Madera County. burned 88 acres",2018-08-27T23:19:00Z,6.0,7.0,0.0,45.0,4.0,12.625,4.0,0.6557377049180327
88.0,False,CAL FIRE Mariposa-Madera-Merced Unit,2.0,5,/incidents/2018/5/20/plaza-fire/,All road closures have been lifted.,22,24,6.0,2.0,11.0,2019-01-04T10:24:00Z,3.0,False,True,Grass,2.0,3.0,37.056944,off Highway 33 and south of Highway 152,-121.01638,False,Plaza Fire,100.0,151.5,True,"The Plaza fire started May 20, 2018 off Highway 33 and south of Highway 152 (Merced County) and burned 88 acres. It was contained on May 20, 2018.",2018-05-20T13:07:00Z,6.0,7.0,0.0,45.0,4.0,12.625,4.0,0.6557377049180327
80.0,False,CAL FIRE San Luis Obispo Unit,2.0,5,/incidents/2018/9/29/shandon-fire/,All road closures have been lifted.,38,40,6.0,2.0,11.0,2019-01-04T08:58:00Z,3.0,False,True,Grass,2.0,3.0,-120.258,"Gillis Canyon Road and San Juan Road, east of Paso Robles",-120.258,False,Shandon Fire,100.0,151.5,True,"The Shandon Fire started September 29 2018 near Gillis Canyon Road and San Juan Road,20 miles east of Paso Robles (San Luis Obispo County)",2018-09-29T09:30:00Z,6.0,7.0,0.0,45.0,4.0,12.625,4.0,0.6557377049180327
80.0,False,CAL FIRE Sonoma-Lake-Napa Unit,2.0,5,/incidents/2018/7/9/spring-2-fire/,All road closures have been lifted.,15,17,6.0,2.0,11.0,2019-01-04T09:51:00Z,3.0,False,True,Grass,2.0,3.0,39.06715,"Pawnee Dr. and New Long Valley Dr., northeast of Clearlake ",-122.59789,False,Spring 2 Fire,100.0,151.5,True,"Spring 2 Fire started on July 9, 2018 off Pawnee Drive and New Long Valley Drive northeast of Clearlake in Lake County. The fire was contained on July 11 and burned 80 acres.",2018-07-09T16:46:00Z,6.0,1.0,0.0,45.0,4.0,12.625,4.0,0.6557377049180327
80.0,False,CAL FIRE Tuolumne-Calaveras Unit,2.0,5,/incidents/2018/6/24/horse-fire/,All road closures have been lifted.,4,5,6.0,2.0,11.0,2019-01-04T10:01:00Z,3.0,False,True,Grass,2.0,3.0,37.95766,"Horseshoe Rd & Stagecoach Dr, near Copperopolis",-120.68902,True,Horse Fire,100.0,151.5,True,"The Horse Fire started on June 24, 2018 off Horseshoe Rd & Stagecoach Dr, near Copperopolis (Calaveras County).  The fire burned 80 acres and was 100% contained on June 26, 2018.",2018-06-24T15:28:00Z,6.0,2.0,0.0,45.0,4.0,12.625,4.0,0.6557377049180327
77.0,False,Santa Barbara County Fire,2.0,5,/incidents/2018/7/18/cruces-fire/,All road closures have been lifted.,40,42,6.0,2.0,11.0,2019-01-04T09:40:00Z,3.0,False,True,Grass,2.0,3.0,34.54305556,"off Highway 1 and Highway 101, North of Gaviota",-120.31805556,False,Cruces Fire,100.0,151.5,True,"The Cruces Fire started July 18, 2018 off Highway 1 and Highway 101, North of Gaviota (Santa Barbara County). The fire burned 77 acres, and was contained on July 21, 2018.",2018-07-18T11:55:00Z,6.0,7.0,0.0,45.0,4.0,12.625,4.0,0.6557377049180327
76.0,False,CAL FIRE Shasta-Trinity Unit,2.0,5,/incidents/2018/9/28/silver-fire/,All road closures have been lifted.,43,45,6.0,2.0,11.0,2019-01-04T08:58:00Z,3.0,False,True,Grass,2.0,3.0,40.5939,"Oak Run Rd and Little Ridge Rd, Palo Cedro",-122.17173,True,Silver Fire,100.0,151.5,True,"The Silver Fire started on September 28, 2018 at Oak Run Rd and Little Ridge Rd, Palo Cedro in Shasta County. Was contained on 9/30/2018",2018-09-28T14:44:00Z,6.0,1.0,0.0,45.0,4.0,12.625,4.0,0.6557377049180327
76.0,False,CAL FIRE Fresno-Kings Unit,2.0,5,/incidents/2018/6/27/anchor-fire/,All road closures have been lifted.,9,10,6.0,2.0,11.0,2019-01-04T09:59:00Z,3.0,False,True,Grass,2.0,3.0,36.696879,"Anchor Ave and Hills Valley Rd, north of Orange Cove",-119.304499,False,Anchor Fire,100.0,151.5,True,"The Anchor Fire started on June 27, 2018 off Anchor Ave and Hills Valley Rd, north of Orange Cove in Fresno County. ",2018-06-27T12:39:00Z,6.0,7.0,0.0,45.0,4.0,12.625,4.0,0.6557377049180327
75.0,False,CAL FIRE Sonoma-Lake-Napa Unit,2.0,5,/incidents/2018/7/4/stony-fire/,All road closures have been lifted.,5,6,6.0,2.0,11.0,2019-01-04T09:56:00Z,3.0,False,True,Grass,2.0,3.0,39.2976,"off Stonyford Road and Lake Park, west of Maxwell   ",-122.512012,True,Stony Fire,100.0,151.5,True,"The Stony Fire started July 4, 2018 off Stonyford Road and Lake Park, west of Maxwell (Lake County) and burned 75 acres. It was contained on July 4, 2017.  ",2018-07-04T13:14:00Z,6.0,7.0,0.0,45.0,4.0,12.625,4.0,0.6557377049180327
75.0,False,CAL FIRE Tehama-Glenn Unit,2.0,5,/incidents/2018/5/28/chrome-fire/,All road closures have been lifted.,10,11,6.0,2.0,11.0,2019-01-04T10:21:00Z,3.0,False,True,Grass,2.0,3.0,39.65578,"Hwy 162 and Forest Hwy 7, northwest of Elk Creek",-122.58666,False,Chrome Fire,100.0,151.5,True,"The Chrome Fire started on May 28, 2018 at Hwy 162 and Forest Hwy 7, northwest of Elk Creek in Glenn County. is 100% contained at 75 Acres",2018-05-28T17:33:00Z,6.0,7.0,0.0,45.0,4.0,12.625,4.0,0.6557377049180327
73.0,False,CAL FIRE / Riverside County Fire,2.0,5,/incidents/2018/4/28/main-fire/,All road closures have been lifted.,32,33,6.0,2.0,11.0,2019-01-04T10:26:00Z,3.0,False,True,Grass,2.0,3.0,33.67815,"Main Street and Interstate 15, City of Lake Elsinore",-117.32281,False,Main Fire,100.0,151.5,True,"The main fire started on April 28, 2018 at Main Street and Interstate 15, City of Lake Elsinore in Riverside County.",2018-04-28T14:26:00Z,6.0,7.0,0.0,45.0,4.0,12.625,4.0,0.6557377049180327
70.0,False,Unitied Command: CAL FIRE & San Jose City Fire Department,2.0,5,/incidents/2018/7/10/curie-fire/,All road closures have been lifted.,41,43,6.0,2.0,11.0,2019-01-04T09:50:00Z,3.0,False,True,Grass,2.0,3.0,37.22545,"Curie Dr and San Ignacio Ave, southeast of San Jose",-121.79189,False,Curie Fire,100.0,151.5,True,"The Curie Fire started on July 10, 2018 at Curie Dr. and San Ignacio Ave., 10 miles SE of San Jose in Santa Clara County. The fire was contained on July 11 and burned 56 acres.",2018-07-10T15:08:00Z,6.0,7.0,0.0,45.0,4.0,12.625,4.0,0.6557377049180327
70.0,False,CAL FIRE Santa Clara Unit,2.0,5,/incidents/2018/6/29/tesla-fire/,All road closures have been lifted.,41,43,6.0,2.0,11.0,2019-01-04T09:57:00Z,3.0,False,True,Grass,2.0,3.0,37.66074,"Tesla Road and Reuss Road, east of Livermore",-121.67144,False,Tesla Fire,100.0,151.5,True,"The Tesla Fire started June 29 2018 near Tesla Road and Reuss Road, east of Livermore (Santa Clara County).",2018-06-29T20:59:00Z,6.0,7.0,0.0,45.0,4.0,12.625,4.0,0.6557377049180327
70.0,False,CAL FIRE Tehama-Glenn Unit,2.0,5,/incidents/2018/6/13/spring-fire/,All road closures have been lifted.,52,52,6.0,2.0,11.0,2019-01-04T10:07:00Z,3.0,False,True,Grass,2.0,3.0,40.394073,"off Spring Branch Road and Jellys Ferry Road, northeast of Red Bluff",-122.135924,False,Spring Fire,100.0,151.5,True,"The Spring Fire started June 13, 2018 off Spring Branch Road and Jellys Ferry Road, northeast of Red Bluff (Tehama County) and burned 70 acres. It was contained on June 14, 2018. ",2018-06-13T21:06:00Z,6.0,7.0,0.0,45.0,4.0,12.625,4.0,0.6557377049180327
70.0,False,CAL FIRE/ Riverside County Fire,2.0,5,/incidents/2018/5/4/tornado-fire/,All road closures have been lifted.,32,33,6.0,2.0,11.0,2019-01-04T10:26:00Z,3.0,False,True,Grass,2.0,3.0,33.504964,"Via Santa Rosa near Via Tornado, southwest of Temecula",-117.148204,False,Tornado Fire,100.0,151.5,True,"The Tornado Fire started May 4 2018, near Via Santa Rosa near Via Tornado, southwest of Temecula (Riverside County)",2018-05-04T14:48:00Z,6.0,7.0,0.0,45.0,4.0,12.625,4.0,0.6557377049180327
68.0,False,CAL FIRE Madera-Mariposa-Merced Unit,2.0,5,/incidents/2018/6/24/romero-fire/,All road closures have been lifted.,22,24,6.0,2.0,11.0,2019-01-04T10:00:00Z,3.0,False,True,Grass,2.0,3.0,37.08529,"Hwy 152 & Lower Cottonwood, west of Los Banos",-121.09354,False,Romero Fire,100.0,151.5,True,"The Romero Fire started on June 24, 2018 off Hwy 152 & Lower Cottonwood, west of Los Banos (Merced County).",2018-06-24T16:11:00Z,6.0,7.0,0.0,45.0,4.0,12.625,4.0,0.6557377049180327
67.0,False,CAL FIRE Amador - El Dorado Unit,2.0,5,/incidents/2018/8/1/bumper-fire/,All road closures have been lifted.,8,9,6.0,2.0,1.0,2019-01-04T09:28:00Z,3.0,False,True,Grass,2.0,3.0,38.645,"Bumper Rd & China Hill Rd, east of Frenchtown",-120.874167,True,Bumper Fire,100.0,151.5,True,"The Bumper Fire started on August 1, 2018 off Bumper Rd & China Hill Rd, east of Frenchtown (El Dorado County). The fire was contained on August 4, 2018 and burned 67 acres.",2018-08-01T13:57:00Z,6.0,7.0,0.0,45.0,4.0,75.75,4.0,0.6557377049180327
67.0,False,CAL FIRE Mendocino Unit,2.0,5,/incidents/2018/7/21/heart-fire/,All road closures have been lifted.,21,23,6.0,2.0,11.0,2019-01-04T09:37:00Z,3.0,False,True,Grass,2.0,3.0,39.279833,"Hwy 101 at mile marker 38, west of Redwood Valley (Mendocino County) ",-123.258319,False,Heart Fire,100.0,151.5,True,"The Heart Fire started on July 21, 2018 off Hwy 101 at mile marker 38, west of Redwood Valley. The fire was contained on July 24, 2018 and burned 67 acres.",2018-07-21T16:22:00Z,6.0,7.0,0.0,45.0,4.0,12.625,4.0,0.6557377049180327
66.0,False,CAL FIRE Amador - El Dorado Unit,2.0,5,/incidents/2018/8/1/omega-fire/,All road closures have been lifted.,8,9,6.0,2.0,1.0,2019-01-04T09:27:00Z,3.0,False,True,Grass,2.0,3.0,38.82128,"off Omega Lane and Alpha Circle, west of Pilot Hill",-121.03918,True,Omega Fire,100.0,151.5,True,"The Omega Fire started August 1, 2018 off Omega Lane and Alpha Circle, west of Pilot Hill (El Dorado County). The fire was contained on August 4, 2018 and burned 66 acres.",2018-08-01T14:40:00Z,3.0,1.0,0.0,45.0,4.0,75.75,4.0,0.6557377049180327
64.0,False,CAL FIRE San Benito-Monterey,2.0,5,/incidents/2018/6/4/panoche-fire/,All road closures have been lifted.,34,35,6.0,2.0,11.0,2019-01-04T10:13:00Z,3.0,False,True,Grass,2.0,3.0,36.64832,"Panoche Road, north of San Benito",-121.03253,False,Panoche Fire,100.0,151.5,True,"The Panoche Fire started on Jun 4, 2018 off Panoche Road, north of San Benito. This fire burned 64 acres and was 100% contained on June 6, 2018.",2018-06-04T23:17:00Z,6.0,7.0,0.0,45.0,4.0,12.625,4.0,0.6557377049180327
63.0,False,CAL FIRE Santa Clara Unit/San Jose City Fire & South Santa Clara County FPD,2.0,5,/incidents/2018/10/7/park-fire/,All road closures have been lifted.,41,43,6.0,2.0,11.0,2019-01-04T08:57:00Z,3.0,False,True,Grass,2.0,3.0,37.1769444,"Monterey Road and Coyote Creek Golf Drive, north of Morgan Hill",-121.68694444,False,Park Fire,100.0,151.5,True,"Park Fire started on October 7, 2018 off of Monterey Road and Coyote Creek Golf Drive, north of Morgan Hill, (Santa Clara County)",2018-10-07T12:57:00Z,6.0,7.0,0.0,45.0,4.0,12.625,4.0,0.6557377049180327
63.0,False,CAL FIRE Shasta-Trinity Unit,2.0,5,/incidents/2018/7/20/highland-fire/,All road closures have been lifted.,43,45,4.0,2.0,7.0,2019-01-04T09:38:00Z,3.0,False,True,Grass,2.0,3.0,40.741186,"Highland Ridge Rd & Trinity Mt Rd, French Gulch",-122.649626,True,Highland Fire,100.0,98.0,True,"The Highland Fire started on July 20, 2018 off Highland Ridge Rd & Trinity Mt Rd, French Gulch (Shasta County).",2018-07-20T13:26:00Z,6.0,7.0,0.0,45.0,4.0,12.25,4.0,1.0101010101010102
63.0,False,CAL FIRE / Riverside County Fire,2.0,5,/incidents/2018/7/4/benton-fire/,All road closures have been lifted.,32,33,6.0,2.0,11.0,2019-01-04T09:56:00Z,3.0,False,True,Grass,2.0,3.0,33.56349,off Benton Road and Crams Corner Drive in Anza,-116.732032,False,Benton Fire,100.0,151.5,True,"The Benton Fire started July 4, 2018 off Benton Road and Crams Corner Drive in Anza (Riverside County) and burned 63 acres. It was contained on July 5, 2018.",2018-07-04T14:20:00Z,6.0,7.0,0.0,45.0,4.0,12.625,4.0,0.6557377049180327
63.0,False,Klamath National Forest,2.0,5,/incidents/2018/6/27/cherry-fire/,All road closures have been lifted.,45,47,6.0,2.0,11.0,2019-01-04T09:59:00Z,3.0,False,True,Grass,2.0,3.0,41.83359,"Cherry Maple Road Klamath River, NW of Yreka, Klamath National Forest",-122.99272,False,Cherry Fire,100.0,151.5,True,"The Cherry Fire started on June 27 2018 near Cherry Maple Road Klamath River, NW of Yreka, Klamath National Forest (Siskiyoy County) and burned 63 acres. It was contained on July 5, 2018. ",2018-06-27T19:46:00Z,6.0,7.0,0.0,45.0,4.0,12.625,4.0,0.6557377049180327
63.0,False,CAL FIRE Santa Clara Unit,2.0,5,/incidents/2018/5/29/stuhr-fire/,All road closures have been lifted.,48,50,6.0,2.0,11.0,2019-01-04T10:21:00Z,3.0,False,True,Grass,2.0,3.0,37.32744,"Interstate 5 and Stuhr Rd, South of Patterson",-121.10903,False,Stuhr Fire,100.0,151.5,True,"The Stuhr Fire started May 29 2018 near Interstate 5 and Stuhr Rd, South of Patterson (Stanislaus County)",2018-05-29T12:58:00Z,6.0,7.0,0.0,45.0,4.0,12.625,4.0,0.6557377049180327
62.0,False,Kern County Fire Department,2.0,5,/incidents/2018/7/8/lebec-fire/,All road closures have been lifted.,13,15,6.0,2.0,11.0,2019-01-04T09:54:00Z,3.0,False,True,Grass,2.0,3.0,34.86022,"off Lebec Road and Lebec Oaks Road, North of Lebec",-118.87881,False,Lebec Fire,100.0,151.5,True,"The Lebec Fire started July 8, 2018 off Lebec Road and Lebec Oaks Road, North of Lebec (Kern County) and burned 62 acres. It was contained on July 9, 2018.",2018-07-08T13:38:00Z,6.0,7.0,0.0,45.0,4.0,12.625,4.0,0.6557377049180327
62.0,False,Los Padres National Forest,2.0,5,/incidents/2018/6/23/canyon-fire/,All road closures have been lifted.,17,19,6.0,2.0,11.0,2019-01-04T10:01:00Z,3.0,False,True,Grass,2.0,3.0,34.53765,North of Lake Piru,-118.75495,False,Canyon Fire,100.0,151.5,True,"The Canyon Fire started on June 23, 2018 north of Lake Piru (Los Angeles County).",2018-06-23T19:39:00Z,6.0,7.0,0.0,45.0,4.0,12.625,4.0,0.6557377049180327
62.0,False,CAL FIRE Amador - El Dorado Unit,2.0,5,/incidents/2018/6/11/liberty-fire/,All road closures have been lifted.,37,39,6.0,2.0,11.0,2019-01-04T10:08:00Z,3.0,False,True,Grass,2.0,3.0,38.24033,off East Liberty Road ,-121.09199,False,Liberty Fire,100.0,151.5,True,"The Liberty Fire started June 11, 2018 off East Liberty Road (San Joaquin County) and burned 62 acres. It was contained on June 11, 2018. ",2018-06-11T12:16:00Z,6.0,7.0,0.0,45.0,4.0,12.625,4.0,0.6557377049180327
60.0,False,CAL FIRE Tehama - Glenn Unit,2.0,5,/incidents/2018/11/5/adams-fire/,All road closures have been lifted.,52,52,6.0,2.0,11.0,2019-01-04T08:50:00Z,3.0,False,True,Grass,2.0,3.0,40.346652,"off Adams Road at Barr Lane, southwest of Cottonwood ",-122.308479,False,Adams Fire,100.0,151.5,True,"The Adams fire started November 5, 2018 off Adams Road at Bar Road, southwest of Cottonwood (Tehama County) and burned 60 acres. It was contained November 6, 2018.  ",2018-11-05T10:17:00Z,6.0,7.0,0.0,45.0,4.0,12.625,4.0,0.6557377049180327
60.0,False,CAL FIRE Sonoma-Lake-Napa Unit,2.0,5,/incidents/2018/8/30/grade-fire/,All road closures have been lifted.,15,17,6.0,2.0,11.0,2019-01-04T09:12:00Z,3.0,False,True,Grass,2.0,3.0,38.8275,"off Knoxville Road and Knoxville Devilhead Road, Knoxville",-122.3625,False,Grade Fire,100.0,151.5,True,"The Grade Fire started August 30, 2018 off Knoxville Road and Knoxville Devilhead Road, Knoxville (Lake County). It was contained on August 31, 2018.",2018-08-30T15:44:00Z,6.0,7.0,0.0,45.0,4.0,12.625,4.0,0.6557377049180327
60.0,False,CAL FIRE Madera-Mariposa-Merced ,2.0,5,/incidents/2018/6/15/raymond-fire/,All road closures have been lifted.,18,20,6.0,2.0,11.0,2019-01-04T10:06:00Z,3.0,False,True,Grass,2.0,3.0,37.14663,"off Road 407 and Road 600, Community of Raymond",-119.91223,False,Raymond Fire,100.0,151.5,True,"The Raymond Fire started June 15, 2018 off Road 407 and Road 600, Community of Raymond (Madera County) and burned 60 acres. It was contained on June 15, 2018.  ",2018-06-15T11:46:00Z,6.0,7.0,0.0,45.0,4.0,12.625,4.0,0.6557377049180327
60.0,False,CAL FIRE San Luis Obispo Unit,2.0,5,/incidents/2018/6/14/creston-fire/,All road closures have been lifted.,38,40,6.0,2.0,11.0,2019-01-04T10:06:00Z,3.0,False,True,Grass,2.0,3.0,35.58354,"off Creston Road, east of Paso Robles",-120.624135,False,Creston FIre,100.0,151.5,True,"The Creston Fire started on June 14, 2018 off Creston Road, east of Paso Robles (San Luis Obispo County). The fire burned 60 acres and was contained on June 15, 2018.",2018-06-14T17:23:00Z,6.0,7.0,0.0,45.0,4.0,12.625,4.0,0.6557377049180327
60.0,False,CAL FIRE San Luis Obispo Unit,2.0,5,/incidents/2018/6/13/vista-fire/,All road closures have been lifted.,38,40,6.0,2.0,11.0,2019-01-04T10:07:00Z,3.0,False,True,Grass,2.0,3.0,35.663607,"off Buena Vista Road, north of Paso Robles",-120.670311,False,Vista Fire,100.0,151.5,True,"The Vista Fire started June 13, 2018 off Buena Vista Road, north of Paso Robles (San Luis Obispo County) and burned 60 acres. It was contained on June 13, 2018.  ",2018-06-13T12:38:00Z,6.0,7.0,0.0,45.0,4.0,12.625,4.0,0.6557377049180327
60.0,False,Santa Barbara County Fire,2.0,5,/incidents/2018/5/17/happy-fire/,All road closures have been lifted.,40,42,6.0,2.0,11.0,2019-01-04T10:25:00Z,3.0,False,True,Grass,2.0,3.0,34.74245,"Alisos Canyon Rd, Santa Ynez, north of Santa Barbara ",-120.18236,False,Happy Fire,100.0,151.5,True,"The Happy fire started on May 17, 2018 off Alisos Canyon Rd, Santa Ynez, north of Santa Barbara (Santa Barbara County) and burned 60 acres. The fire was contained on May 18, 2018.",2018-05-17T12:53:00Z,6.0,7.0,0.0,45.0,4.0,12.625,4.0,0.6557377049180327
59.0,False,CAL FIRE San Diego Unit,2.0,5,/incidents/2018/5/22/agua-fire/,All road closures have been lifted.,36,37,6.0,2.0,11.0,2019-01-04T10:23:00Z,3.0,False,True,Grass,2.0,3.0,33.35505,"Hwy 76 and Agua Tibia Ranch Rd, 7.5 miles east of I-15",-117.03134,False,Agua Fire,100.0,151.5,True,"The Agua Fire started on May 22, 2018 at Hwy 76 and Agua Tibia Ranch Rd, 7.5 miles east of I-15 in San Diego County. The fire burned 59 acres and is 100% contained. The fire was contained on May 24, 2018.",2018-05-22T14:13:00Z,6.0,7.0,0.0,45.0,4.0,12.625,4.0,0.6557377049180327
58.0,False,CAL FIRE San Luis Obispo Unit,2.0,5,/incidents/2018/10/19/camino-fire/,All road closures have been lifted.,38,40,6.0,2.0,11.0,2019-01-04T08:52:00Z,3.0,False,True,Grass,2.0,3.0,35.17693,Off Lopez Drive east of Arroyo Grande,-120.48861,False,Camino Fire,100.0,151.5,True,"The Camino Fire started October 19, 2018 Off Lopez Drive east of Arroyo Grande (San Luis Obispo County) and burned 58 acres. It was contained October 21, 2018.",2018-10-19T14:10:00Z,6.0,7.0,0.0,45.0,4.0,12.625,4.0,0.6557377049180327
56.0,False,CAL FIRE Lassen-Modoc Unit,2.0,5,/incidents/2018/7/15/3-10-fire/,All road closures have been lifted.,16,18,6.0,2.0,11.0,2019-01-04T09:44:00Z,3.0,False,True,Grass,2.0,3.0,40.95234,"Hwy 299 E and Little Valley Rd, Dixie Valley Peak, 16 miles east of Fall River Mills",-121.21597,False,3-10 Fire,100.0,151.5,True,"The 3_10 or 3-10 fire started on July 15, 2018 at Hwy 299 E and Little Valley Rd, Dixie Valley Peak, 16 miles east of Fall River Mills (Lassen County). The 3-10 fire was contained on July 17, 2018, and burned 5 acres. ",2018-07-15T11:55:00Z,6.0,7.0,0.0,45.0,4.0,12.625,4.0,0.6557377049180327
56.0,False,CAL FIRE Santa Clara Unit,2.0,5,/incidents/2018/7/8/bruce-fire/,All road closures have been lifted.,6,7,6.0,2.0,11.0,2019-01-04T09:53:00Z,3.0,False,True,Grass,2.0,3.0,37.79718,"off Bruce Lane and Joseph Lane, east of San Ramon",-121.85311,False,Bruce Fire,100.0,151.5,True,"The Bruce fire started July 8, 2018 off Bruce Lane and Joseph Lane, east of San Ramon (Contra Costa County) and burned 56 acres. It was contained on July 9, 2018.",2018-07-08T16:45:00Z,6.0,7.0,0.0,45.0,4.0,12.625,4.0,0.6557377049180327
56.0,False,CAL FIRE Madera-Mariposa-Merced Unit,2.0,5,/incidents/2018/5/23/experimental-fire/,All road closures have been lifted.,18,20,6.0,2.0,11.0,2019-01-04T10:23:00Z,3.0,False,True,Grass,2.0,3.0,37.0979,"Off Hwy 41 & Rd 406, south of ONeals",-119.75307,True,Experimental Fire,100.0,151.5,True,"The Experimental Fire started on May 23, 2018 off Highway 41 & Road 406, south of O'Neals. The fire burned 56 acres and is 100% contained. The fire was contained on May 25, 2018.",2018-05-23T14:30:00Z,6.0,7.0,0.0,45.0,4.0,12.625,4.0,0.6557377049180327
53.0,False,San Bernardino National Forest,2.0,5,/incidents/2018/9/26/keenbrook-fire/,All road closures have been lifted.,35,36,6.0,2.0,11.0,2019-01-04T09:00:00Z,3.0,False,True,Grass,2.0,3.0,34.24138,"Cajon Blvd and Kenwood Ave, Devore",-117.42431,True,Keenbrook Fire,100.0,151.5,True,"The Keenbrook Fire started on September 26, 2018 at Cajon Blvd and Kenwood Ave, Devore in San Bernardino County and burned 53 acres. It was contained on October 11, 2018. ",2018-09-26T10:56:00Z,6.0,7.0,0.0,45.0,4.0,12.625,4.0,0.6557377049180327
53.0,False,CAL FIRE Lassen-Modoc Unit,2.0,5,/incidents/2018/9/22/copper-fire/,All road closures have been lifted.,16,18,6.0,2.0,11.0,2019-01-04T09:03:00Z,3.0,False,True,Grass,2.0,3.0,40.33642,"McKenzie Meadows and Hwy 36, 15 miles west of Susanville",-120.93005,False,Copper Fire,100.0,151.5,True,"The Copper Fire started September 22 2018 near McKenzie Meadows and Hwy 36, 15 miles west of Susanville (Lassen County). This fire was contained on September 28, 2018 and burned 53 acres.",2018-09-22T14:41:00Z,6.0,7.0,0.0,45.0,4.0,12.625,4.0,0.6557377049180327
53.0,False,CAL FIRE Madera-Mariposa-Merced ,2.0,5,/incidents/2018/6/15/boyer-fire/,All road closures have been lifted.,20,22,6.0,2.0,11.0,2019-01-04T10:05:00Z,3.0,False,True,Grass,2.0,3.0,37.47677,"off Boyer Road and Fox Hollow Lane, Community of Bootjack",-119.84299,True,Boyer Fire,100.0,151.5,True,"The Boyer Fire started on June 15, 2018 off Boyer Road and Fox Hollow Lane, Community of Bootjack (Mariposa County). It was contained on June 19, 2018.",2018-06-15T13:37:00Z,6.0,1.0,0.0,45.0,4.0,12.625,4.0,0.6557377049180327
52.0,False,US Forest Service - Modoc National Forest,2.0,5,/incidents/2018/7/14/kelley-fire/,All road closures have been lifted.,24,25,6.0,2.0,11.0,2019-01-04T09:46:00Z,3.0,False,True,Grass,2.0,3.0,41.50105,"off Hwy 299 E & County Rd 74, west of Devils Garden Conservation Camp",-120.61108,False,Kelley Fire,100.0,151.5,True,"The Kelley Fire started on July 14, 2018 off Hwy 299 E & County Rd 74, west of Devils Garden Conservation Camp (Modoc County).",2018-07-14T20:46:00Z,6.0,7.0,0.0,45.0,4.0,12.625,4.0,0.6557377049180327
51.0,False,CAL FIRE San Luis Obispo Unit,2.0,5,/incidents/2018/9/16/reservoir-fire/,All road closures have been lifted.,38,40,6.0,2.0,11.0,2019-01-04T09:04:00Z,3.0,False,True,Grass,2.0,3.0,35.30151,"off Reservoir Canyon Road and Highway 101, east of San Luis Obispo",-120.64398,False,Reservoir Fire,100.0,151.5,True,"The Reservoir Fire started September 16, 2018 off Reservoir Canyon Road and Highway 101, east of San Luis Obispo (San Luis Obispo County). The fire was contained on September 16, 2018 and burned 51 acres.",2018-09-16T08:34:00Z,6.0,7.0,0.0,45.0,4.0,12.625,4.0,0.6557377049180327
51.0,False,CAL FIRE Shasta-Trinity Unit,2.0,5,/incidents/2018/7/24/crestline-fire/,All road closures have been lifted.,43,45,7.0,2.0,24.0,2019-01-04T09:36:00Z,3.0,False,True,Grass,2.0,3.0,40.824,"Crest Line Dr and Hunt Rd, Montgomery Creek, west of Burney",-121.90215,True,Crestline Fire,100.0,192.0,True,"The Crest Line Fire started on July 24 2018, near Crest Line Dr and Hunt Rd, Montgomery Creek, west of Burney (Shasta County)",2018-07-24T15:24:00Z,6.0,7.0,0.0,45.0,6.0,7.68,4.0,0.5181347150259067
51.0,False,CAL FIRE Santa Clara Unit,2.0,5,/incidents/2018/7/10/hale-fire/,All road closures have been lifted.,41,43,6.0,2.0,11.0,2019-01-04T09:51:00Z,3.0,False,True,Grass,2.0,3.0,37.163594,at Hale Ave and Monterey St. in Morgan Hill ,-121.702547,False,Hale Fire,100.0,151.5,True,"The Hale Fire started on July 10, 2018 at Hale Ave and Monterey St. in Morgan Hill in Santa Clara County. The fire was contained on July 11 and burned 51 acres.",2018-07-10T16:45:00Z,6.0,7.0,0.0,45.0,4.0,12.625,4.0,0.6557377049180327
50.0,False,CAL FIRE Lake-Napa Unit,2.0,5,/incidents/2018/7/21/carder-fire/,All road closures have been lifted.,15,17,6.0,2.0,11.0,2019-01-04T09:38:00Z,3.0,False,True,Grass,2.0,3.0,38.91152,"Adobe Creek Rd & Peterson Ln, Kelseyville",-122.86854,True,Carder Fire,100.0,151.5,True,"The Carder Fire started on July 21, 2018 off Adobe Creek Rd & Paterson Ln, Kelseyville (Lake County). The fire burned 50 acres and was contained on July 23, 2018.",2018-07-21T14:40:00Z,6.0,1.0,0.0,45.0,4.0,12.625,4.0,0.6557377049180327
50.0,False,CAL FIRE Tehama-Glenn Unit,2.0,5,/incidents/2018/7/15/tuscan-fire/,All road closures have been lifted.,52,52,6.0,2.0,11.0,2019-01-04T09:43:00Z,3.0,False,True,Grass,2.0,3.0,40.27754,"Hwy 36 E and Tuscan Lookout Road, 7 miles NE of Red Bluff near Hog Lake",-122.11375,False,Tuscan Fire,100.0,151.5,True,"The Tuscan Fire started on July 15, 2018 at Hwy 36 E and Tuscan Lookout Road, 7 miles NE of Red Bluff near Hog Lake in Tehama County. The fire was contained on July 16, 2018, and burned 50 acres. ",2018-07-15T17:15:00Z,6.0,7.0,0.0,45.0,4.0,12.625,4.0,0.6557377049180327
50.0,False,Fort Hunter Liggett Military Base,2.0,5,/incidents/2018/2/7/haycamp-fire/,All road closures have been lifted.,26,27,6.0,2.0,11.0,2019-01-03T09:43:00Z,3.0,False,True,Grass,2.0,3.0,35.96689,"Nacimento Fergusson Road and Hayfork Road, west of the community of Lockwood",-121.28185,False,Haycamp Fire,100.0,151.5,True,"The Haycamp Fire started on February 7, 2018 off Nacimento Fergusson Road and Hayfork Road, west of the community of Lockwood (Monterey County) and burned 50 acres. ",2018-02-07T15:53:00Z,6.0,7.0,0.0,45.0,4.0,12.625,4.0,0.6557377049180327
48.0,False,CAL FIRE Santa Clara Unit,2.0,5,/incidents/2018/8/26/castro-fire/,All road closures have been lifted.,0,1,6.0,2.0,11.0,2019-01-04T09:14:00Z,3.0,False,True,Grass,2.0,3.0,37.69926,"I 580 and Paloverde Rd., Castro Valley",-122.02805,False,Castro Fire,100.0,151.5,True,"The Castro Fire started on August 26, 2018 at I 580 x Paloverde Rd., Castro Valley in Alameda County. The fire burned 48 acres and was contained on August 26, 2018.",2018-08-26T14:23:00Z,6.0,7.0,0.0,45.0,4.0,12.625,4.0,0.6557377049180327
45.0,False,Moraga-Olinda Fire District ,2.0,5,/incidents/2018/7/2/buckingham-fire/,All road closures have been lifted.,6,7,6.0,2.0,11.0,2019-01-04T09:57:00Z,3.0,False,True,Grass,2.0,3.0,37.86339,"Buckingham Dr and Moraga Rd, southwest of Walnut Creek ",-122.12351,False,Buckingham Fire,100.0,151.5,True,"The Buckingham Fire started on July 2, 2018 off Buckingham Dr and Moraga Rd, southwest of Walnut Creek (Contra Costa County) and burned 45 acres. It was contained on July 3, 2018. ",2018-07-02T14:25:00Z,6.0,7.0,0.0,45.0,4.0,12.625,4.0,0.6557377049180327
45.0,False,Marin County Fire,2.0,5,/incidents/2018/12/31/bridge-fire/,All road closures have been lifted.,19,21,6.0,2.0,11.0,2019-01-04T09:22:00Z,3.0,False,True,Grass,2.0,3.0,38.07135,"Platform Bridge Rd. and Point Reyes Station, northeast of Olema ",-122.76751,False,Bridge Fire,100.0,151.5,True,"The Bridge Fire started on August 8, 2018 at Platform Bridge Road and Point Reyes Station, northeast of Olema (Marin County) and burned 45 acres. It was contained August 9, 2018. ",1969-12-31T16:00:00Z,6.0,7.0,0.0,45.0,4.0,12.625,4.0,0.6557377049180327
43.0,False,CAL FIRE Butte Unit,2.0,5,/incidents/2018/7/19/simmons-fire/,All roads are open.,3,4,9.0,2.0,12.0,2019-01-04T09:40:00Z,3.0,False,True,Grass,2.0,2.0,39.57202,"Off Highway 162 & Simmons Rd, Lake Oroville",-121.43131,True,Simmons Fire,100.0,168.0,True,"The Simmons Fire started on July 19, 2018 off Highway 162 & Simmons Rd, near Lake Oroville (Butte County). The fire burned 43 acres, and was contained on July 21, 2018.",2018-07-19T12:00:00Z,6.0,7.0,0.0,45.0,4.0,12.923076923076923,4.0,0.591715976331361
40.0,False,CAL FIRE Riverside County Fire,2.0,5,/incidents/2018/7/23/martinez-fire/,All road closures have been lifted.,32,33,6.0,2.0,11.0,2019-01-04T09:36:00Z,3.0,False,True,Grass,2.0,3.0,33.56921,"Off Martinez Road & Avenue 66, Thermal",-116.154398,False,Martinez Fire,100.0,151.5,True,"The Martinez Fire started on July 23, 2018 off Martinez Road & Avenue 66, Thermal (Riverside County). The fire was contained on July 28, 2018 to 40 acres.",2018-07-23T14:55:00Z,6.0,7.0,0.0,45.0,4.0,12.625,4.0,0.6557377049180327
40.0,False,CAL FIRE Madera-Mariposa-Merced Unit,2.0,5,/incidents/2018/7/19/ben-fire/,All road closures have been lifted.,20,22,6.0,2.0,11.0,2019-01-04T09:39:00Z,3.0,False,True,Grass,2.0,3.0,37.28365,"Ben Hur Rd & Preston Rd, south of Ben Hur",-119.97546,False,Ben Fire,100.0,151.5,True,"The Ben Fire started on July 19, 2018 off Ben Hur Rd & Preston Rd, south of Ben Hur (Mariposa County). The fire burned 40 acres, and was contained on July 21, 2018. ",2018-07-19T13:07:00Z,6.0,7.0,0.0,45.0,4.0,12.625,4.0,0.6557377049180327
40.0,False,Unified Command: CAL FIRE Santa Clara Unit and San Ramon Valley Fire Department,2.0,5,/incidents/2018/6/19/iron-fire/,All road closures have been lifted.,6,7,6.0,2.0,11.0,2019-01-04T10:04:00Z,3.0,False,True,Grass,2.0,3.0,37.779209," off Montbretia Way and Ironwood, East of San Ramon",-121.908976,False,Iron Fire,100.0,151.5,True,"The Iron Fire started June 19, 2018 off Montbretia Way and Ironwood, East of San Ramon (Contra Costa County) and burned 40 acres. It was contained on June 19, 2018.  ",2018-06-19T15:19:00Z,6.0,7.0,0.0,45.0,4.0,12.625,4.0,0.6557377049180327
40.0,False,CAL FIRE Butte Unit/Butte County Fire Department,2.0,5,/incidents/2018/6/16/oregon-fire/,All road closures have been lifted.,3,4,6.0,2.0,11.0,2019-01-04T10:05:00Z,3.0,False,True,Grass,2.0,3.0,39.549167,"off Oregon Gulch Road, near View Lane, North of Oroville",-121.521111,False,Oregon Fire,100.0,151.5,True,"The Oregon Fire started on June 16, 2018 off Oregon Gulch Road, near View Lane, North of Oroville (Butte County). It was contained on June 19, 2018.",2018-06-16T11:47:00Z,6.0,7.0,0.0,45.0,4.0,12.625,4.0,0.6557377049180327
39.0,False,CAL FIRE San Benito-Monterey Unit,2.0,5,/incidents/2018/7/25/hidden-fire/,All road closures have been lifted.,34,35,6.0,2.0,11.0,2019-01-04T09:35:00Z,3.0,False,True,Grass,2.0,3.0,36.796,"Hidden Valley Rd & Cienega Rd, south of Hollister",-121.40604,False,Hidden Fire,100.0,151.5,True,"The Hidden Fire started on July 25, 2018 off Hidden Valley Rd & Cienega Rd, south of Hollister (San Benito County)",2018-07-25T14:11:00Z,6.0,7.0,0.0,45.0,4.0,12.625,4.0,0.6557377049180327
38.0,False,Redding City Fire,2.0,5,/incidents/2018/10/14/masonic-fire/,All road closures have been lifted.,43,45,6.0,2.0,11.0,2019-01-04T08:53:00Z,3.0,False,True,Grass,2.0,3.0,40.60866,"Lake Blvd & Masonic Ave, Redding",-122.38366,False,Masonic Fire,100.0,151.5,True,"The Masonic Fire started on October 14, 2018 off Lake Blvd & Masonic Ave, Redding (Shasta County) and burned 38 acres. It was contained on October 14, 2018.",2018-10-14T11:33:00Z,6.0,7.0,0.0,45.0,4.0,12.625,4.0,0.6557377049180327
38.0,False,San Diego City Fire Dept.,2.0,5,/incidents/2018/6/3/adobe-fire/,All road closures have been lifted.,36,37,6.0,2.0,11.0,2019-01-04T10:16:00Z,3.0,False,True,Grass,2.0,3.0,32.78031,"I-8 and College Ave, San Diego City",-117.06782,False,Adobe Fire,100.0,151.5,True,"The Adobe Fire started June 3 2018 near I-8 and College Ave, San Diego City (San Diego County).  This fire was contained on June 6, 2018 and burned 38 acres.",2018-06-03T16:16:00Z,6.0,7.0,0.0,45.0,4.0,12.625,4.0,0.6557377049180327
37.0,False,CAL FIRE San Luis Obispo Unit,2.0,5,/incidents/2018/7/21/mustang-fire/,All road closures have been lifted.,38,40,6.0,2.0,11.0,2019-01-04T09:38:00Z,3.0,False,True,Grass,2.0,3.0,35.64917,"Paso Robles Rd & Adelaida Rd, west of Paso Robles",-120.71907,False,Mustang Fire,100.0,151.5,True,"The Mustang Fire started on July 21, 2018 off Paso Robles Rd & Adelaida Rd, west of Paso Robles (San Luis Obispo County). It burned 37 acres and was contained on July 22, 2018.",2018-07-21T15:01:00Z,6.0,7.0,0.0,45.0,4.0,12.625,4.0,0.6557377049180327
37.0,False,CAL FIRE Siskiyou Unit,2.0,5,/incidents/2018/6/3/martin-fire/,All road closures have been lifted.,45,47,6.0,2.0,11.0,2019-01-04T10:17:00Z,3.0,False,True,Grass,2.0,3.0,41.58233,"Martin Dr. and Stanton Drive, NE of Lake Shastina",-122.33769,False,Martin Fire,100.0,151.5,True,"The Martin Fire started June 3 2018 near Martin Dr. and Stanton Drive, NE of Lake Shastina (Siskiyou County). This fire burned 37 acres and was contained on June 4, 2018.",2018-06-03T16:14:00Z,6.0,7.0,0.0,45.0,4.0,12.625,4.0,0.6557377049180327
36.0,False,CAL FIRE Sonoma-Lake-Napa Unit,2.0,5,/incidents/2018/9/2/ridge-fire/,All road closures have been lifted.,15,17,6.0,2.0,11.0,2019-01-04T09:11:00Z,3.0,False,True,Grass,2.0,3.0,38.981389,"Highland Springs Rd & Old Toll Rd, Kelseyville",-122.97222,False,Ridge Fire,100.0,151.5,True,"The Ridge Fire started on September 2, 2018 off Highland Springs Rd & Old Toll Rd, Kelseyville (Lake County). It was contained on September 4, 2018 and burned 36 acres.",2018-09-02T14:02:00Z,6.0,7.0,0.0,45.0,4.0,12.625,4.0,0.6557377049180327
36.0,False,CAL FIRE / Riverside County Fire,2.0,5,/incidents/2018/8/27/winchester-fire/,All road closures have been lifted.,32,33,6.0,2.0,11.0,2019-01-04T09:13:00Z,3.0,False,True,Grass,2.0,3.0,33.640051,"Hidden Falls Road, Winchester",-117.085354,False,Winchester Fire,100.0,151.5,True,"The Winchester Fire started on August 27, 2018 off Hidden Falls Road, Winchester in Riverside County. This fire was contained on August 27, 2018 and burned 36 acres.",2018-08-27T10:49:00Z,6.0,7.0,0.0,45.0,4.0,12.625,4.0,0.6557377049180327
35.0,False,CAL FIRE Mendocino Unit,2.0,5,/incidents/2018/11/8/brushy-fire/,All road closures have been lifted.,21,23,6.0,2.0,11.0,2019-01-04T08:49:00Z,3.0,False,True,Grass,2.0,3.0,39.62194,"near Dos Rios, off Highway 162, East of Highway 101 and West of Covelo",-123.28774,False,Brushy Fire,100.0,151.5,True,"The Brushy Fire started on November 8, 2018 near Dos Rios, off Highway 162, East of Highway 101 and West of Covelo in Mendocino County.  The fires was 100% contained at 35 acres on November 13, 2018.",2018-11-08T11:58:00Z,6.0,7.0,0.0,45.0,4.0,12.625,4.0,0.6557377049180327
35.0,False,CAL FIRE/Riverside County Fire Department,2.0,5,/incidents/2018/8/6/terra-fire/,All road closures have been lifted.,32,33,6.0,2.0,11.0,2019-01-04T09:23:00Z,3.0,False,True,Grass,2.0,3.0,33.759722,"off Terramor Road and Temescal Canyon Road, community of Temescal Valley",-117.460278,False,Terra Fire,100.0,151.5,True,"The Terra Fire started August 6, 2018 off Terramor Road and Temescal Canyon Road, community of Temescal Valley (Riverside County) and burned 35 acres. It was contained on August 6, 2018.",2018-08-06T14:19:00Z,6.0,7.0,0.0,45.0,4.0,12.625,4.0,0.6557377049180327
35.0,False,CAL FIRE Shasta-Trinity Unit,2.0,5,/incidents/2018/7/29/corner-fire/,All road closures have been lifted.,43,45,6.0,2.0,11.0,2019-01-04T09:29:00Z,3.0,False,True,Grass,2.0,3.0,40.95673,"Hwy 299 E & Hwy 89, east of Burney",-121.6002,False,Corner Fire,100.0,151.5,True,"The Corner Fire started on July 29, 2018 off Hwy 299 E & Hwy 89, east of Burney in Shasta County. The fire was contained on August 4, 2018 and burned 35 acres.",2018-07-29T16:22:00Z,6.0,7.0,0.0,45.0,4.0,12.625,4.0,0.6557377049180327
35.0,False,CAL FIRE San Benito-Monterey Unit,2.0,5,/incidents/2018/6/3/fairview-fire/,All road closures have been lifted.,34,35,6.0,2.0,11.0,2019-01-04T10:17:00Z,3.0,False,True,Grass,2.0,3.0,36.83036,"Fairview Rd and John Smith Rd, City of Hollister",-121.36446,False,Fairview Fire,100.0,151.5,True,"The Fairview Fire started June 3 2018 near Fairview Rd and John Smith Rd, City of Hollister (San Benito County).is 100% Contained at 35 acres on June 3 2018",2018-06-03T15:09:00Z,6.0,7.0,0.0,45.0,4.0,12.625,4.0,0.6557377049180327
34.0,False,Kern County Fire ,2.0,5,/incidents/2018/8/17/marcel-fire/,All road closures have been lifted.,13,15,6.0,2.0,11.0,2019-01-04T09:16:00Z,3.0,False,True,Grass,2.0,3.0,35.17156,"off Marcel Drive and Woodford-Tehachapi Road, west of Tehachapi",-118.51651,False,Marcel Fire,100.0,151.5,True,"The Marcel Fire started August 17, 2018 off Marcel Drive and Woodford-Tehachapi Road, west of Tehachapi (Kern County) and burned 34 acres. It was contained August 18, 2018.",2018-08-17T18:47:00Z,6.0,7.0,0.0,45.0,4.0,12.625,4.0,0.6557377049180327
34.0,False,CAL FIRE Santa Clara Unit,2.0,5,/incidents/2018/7/25/patterson-fire/,All road closures have been lifted.,0,1,6.0,2.0,11.0,2019-01-04T09:34:00Z,3.0,False,True,Grass,2.0,3.0,37.71173,"Patterson Pass Road and Midway Rd, Altamont ",-121.55604,False,Patterson Fire,100.0,151.5,True,"The Patterson Fire started on July 25, 2018 at Patterson Pass Road and Midway Rd, Altamont (Alameda County). The fire was contained on July 26, 2018 and burned 34 acres.",2018-07-25T16:05:00Z,6.0,7.0,0.0,45.0,4.0,12.625,4.0,0.6557377049180327
34.0,False,Sequoia Kings National Park,2.0,5,/incidents/2018/7/19/horse-creek-fire/,All road closures have been lifted.,54,54,6.0,2.0,11.0,2019-01-04T09:39:00Z,3.0,False,True,Grass,2.0,3.0,36.42638,"Mineral King Rd, Ash Mountain area",-118.70443,False,Horse Creek Fire,100.0,151.5,True,"The Horse Creek Fire started on July 19, 2018 off Mineral King Rd, Ash Mountain area (Tulare County) and burned 34 acres. It was contained on August 9, 2018. ",2018-07-19T16:25:00Z,6.0,7.0,0.0,45.0,4.0,12.625,4.0,0.6557377049180327
33.0,False,CAL FIRE Butte Unit,2.0,5,/incidents/2018/9/24/nimshew-fire/,All road closures have been lifted.,3,4,4.0,2.0,5.0,2019-01-04T09:01:00Z,3.0,False,True,Grass,2.0,3.0,39.84151,"Nimshew Rd & Centerville Rd, Magalia",-121.62168,True,Nimshew Fire,100.0,83.0,True,"The Nimshew Fire started on September 24, 2018 off Nimshew Rd & Centerville Rd, Magalia (Butte County) and burned 33 acres before being contained on September 26, 2018. ",2018-09-24T00:41:00Z,6.0,7.0,0.0,45.0,4.0,13.833333333333334,4.0,1.1904761904761905
33.0,False,CAL FIRE Tehama-Glenn Unit,2.0,5,/incidents/2018/7/14/lariat-fire/,All road closures have been lifted.,52,52,6.0,2.0,11.0,2019-01-04T09:46:00Z,3.0,False,True,Grass,2.0,3.0,40.00293,"off Oakridge Rd & Horseshoe Dr, Rancho Tehama, southwest of Red Bluff",-122.44008,False,Lariat Fire,100.0,151.5,True,"The Lariat Fire started on July 14, 2018 off Oakridge Rd & Horseshoe Dr, Rancho Tehama, southwest of Red Bluff in Tehama County. It was contained on July 16, 2018.",2018-07-14T20:40:00Z,6.0,7.0,0.0,45.0,4.0,12.625,4.0,0.6557377049180327
33.0,False,San Bernardino National Forest,2.0,5,/incidents/2018/6/30/creek-fire/,All road closures have been lifted.,35,36,6.0,2.0,11.0,2019-01-04T09:57:00Z,3.0,False,True,Grass,2.0,3.0,34.17711,"Hwy 330 and Old City Creek Rd, Community of Running Springs",-117.15381,False,Creek Fire,100.0,151.5,True,"The Creek Fire Started on June 30 2018 near Hwy 330 and Old City Creek Rd, Community of Running Springs (San Bernardino County).  The fire was contained on July 10, 2018 and burned 33 acres.",2018-06-30T12:12:00Z,6.0,7.0,0.0,45.0,4.0,12.625,4.0,0.6557377049180327
33.0,False,CAL FIRE Tulare Unit,2.0,5,/incidents/2018/2/18/wilcox-fire/,All road closures have been lifted.,54,54,6.0,2.0,11.0,2019-01-03T09:44:00Z,3.0,False,True,Grass,2.0,3.0,0.0,"Road 136 and Avenue 440, Community of Orosi",0.0,False,Wilcox Fire,100.0,151.5,True,"The Wilcox fire started on February 18, 2018 off Road 136 and Avenue 440, near the Community of Orosi in Tulare County and burned 33 acres.",2018-02-18T13:45:00Z,6.0,7.0,0.0,45.0,4.0,12.625,4.0,0.6557377049180327
32.0,False,Sierra National Forest,2.0,5,/incidents/2018/10/2/eagle-fire/,All road closures have been lifted.,9,10,6.0,2.0,11.0,2019-01-04T09:47:00Z,3.0,False,True,Grass,2.0,3.0,36.938674," Bobs Flat Trail, 3 miles north of Trimmer",-119.3127769,False,Eagle Fire,100.0,151.5,True,"The Eagle Fire started on October 2, 2018 off Bobs Flat Trail, 3 miles north of Trimmer in the Sierra National Forest. ",2018-10-02T15:45:00Z,6.0,7.0,0.0,45.0,4.0,12.625,4.0,0.6557377049180327
32.0,False,CAL FIRE / Riverside County Fire,2.0,5,/incidents/2018/8/25/country-fire/,All road closures have been lifted.,32,33,6.0,2.0,11.0,2019-01-04T09:15:00Z,3.0,False,True,Grass,2.0,3.0,33.97902,off High Country Drive in Moreno Valley,-117.20534,False,Country Fire,100.0,151.5,True,"The Country Fire started on August 25, 2018 off off High Country Drive in Moreno Valley (Riverside County). It burned 32 acres and was contained on August 25, 2018.",2018-08-25T11:58:00Z,6.0,7.0,0.0,45.0,4.0,12.625,4.0,0.6557377049180327
32.0,False,CAL FIRE Lassen-Modoc Unit,2.0,5,/incidents/2018/7/15/3-18-fire/,All road closures have been lifted.,16,18,6.0,2.0,11.0,2019-01-04T09:42:00Z,3.0,False,True,Grass,2.0,3.0,41.08583,"Punkin Center Road and Juniper Road, 6 miles southwest of the Community of Bieber",-121.05722,False,3-18 Fire,100.0,151.5,True,"The 3-18 fire started on July 15, 2018 at Punkin Center Road and Juniper Road, 6 miles southwest of the Community of Bieber in Lassen County. The fire was contained on July 17,2018, and burned 32 acres.",2018-07-15T16:45:00Z,6.0,7.0,0.0,45.0,4.0,12.625,4.0,0.6557377049180327
32.0,False,CAL FIRE Sonoma-Lake-Napa Unit,2.0,5,/incidents/2018/6/16/creek-fire/,All road closures have been lifted.,15,17,6.0,2.0,11.0,2019-01-04T10:05:00Z,3.0,False,True,Grass,2.0,3.0,38.886518,"off Rocky Creek Road at Morgan Valley Rd, community of Lower Lake",-122.476381,False,Creek Fire,100.0,151.5,True,"The Creek Fire started off Rocky Creek Road at Morgan Valley Rd, community of Lower Lake (Lake County) and burned 32 acres. It was contained on June 17, 2018.",2018-06-16T14:04:00Z,6.0,7.0,0.0,45.0,4.0,12.625,4.0,0.6557377049180327
31.0,False,CAL FIRE Shasta-Trinity Unit,2.0,5,/incidents/2018/7/8/vista-fire/,All road closures have been lifted.,43,45,6.0,2.0,11.0,2019-01-04T09:53:00Z,3.0,False,True,Grass,2.0,3.0,40.62693,"off Hwy 299 E and Deschutes Rd, Bella Vista",-122.23449,False,Vista Fire,100.0,151.5,True,"The Vista Fire started July, 8, 2018 off Hwy 299 E and Deschutes Rd, Bella Vista (Shasta County) and burned 31 acres. It was contained on July 9, 2018.",2018-07-08T14:41:00Z,6.0,7.0,0.0,45.0,4.0,12.625,4.0,0.6557377049180327
30.0,False,CAL FIRE Santa Clara Unit,2.0,5,/incidents/2018/9/23/quimby-fire/,All road closures have been lifted.,41,43,6.0,2.0,11.0,2019-01-04T09:02:00Z,3.0,False,True,Grass,2.0,3.0,37.33563,"Quimby Rd & Borden Dr, East San Jose ",-121.75815,False,Quimby Fire,100.0,151.5,True,"The Quimby Fire started on September 23, 2018 off Quimby Rd & Borden Dr, East San Jose (Santa Clara County). The fire was contained on September 24, 2018 and burned 30 acres.",2018-09-23T16:23:00Z,6.0,7.0,0.0,45.0,4.0,12.625,4.0,0.6557377049180327
30.0,False,Contra Costa County Fire,2.0,5,/incidents/2018/8/17/alhambra-fire/,All road closures have been lifted.,6,7,6.0,2.0,11.0,2019-01-04T09:17:00Z,3.0,False,True,Grass,2.0,3.0,37.99618,"off Highway 4 and Alhambra Ave, Martinez",-122.14097,False,Alhambra Fire,100.0,151.5,True,"The Alhambra Fire started August 17, 2018 off Highway 4 and Alhambra Ave, Martinez (Contra Costa County). The fire was contained on August 18, 2018 and burned 30 acres.",2018-08-17T19:19:00Z,6.0,7.0,0.0,45.0,4.0,12.625,4.0,0.6557377049180327
30.0,False,CAL FIRE Santa Clara Unit,2.0,5,/incidents/2018/8/4/creek-fire/,All road closures have been lifted.,0,1,6.0,2.0,11.0,2019-01-04T09:25:00Z,3.0,False,True,Grass,2.0,3.0,37.533026,"Welch Creek Rd and Geary Rd., southeast of Sunol",-121.79733,False,Creek Fire,100.0,151.5,True,"The Creek Fire started on August 4, 2018 at Welch Creek Road and Geary Road, southeast of Sunol in Alameda County.",2018-08-04T17:32:00Z,6.0,7.0,0.0,45.0,4.0,12.625,4.0,0.6557377049180327
30.0,False,CAL FIRE Riverside Coounty,2.0,5,/incidents/2018/7/28/sobrante-fire/,All road closures have been lifted.,32,33,6.0,2.0,11.0,2019-01-04T09:30:00Z,3.0,False,True,Grass,2.0,3.0,33.85852,"El Sobrante Road at McAllister Street, Lake Matthews",-117.43521,False,Sobrante Fire,100.0,151.5,True,"The Sobrnate Fire started on July 28, 2018 off El Sobrante Road at McAllister Street, Lake Matthews in Riverside County. The fire burned 30 acres and was contained on July 28, 2018.",2018-07-28T15:38:00Z,6.0,7.0,0.0,45.0,4.0,12.625,4.0,0.6557377049180327
30.0,False,CAL FIRE San Luis Obispo Unit,2.0,5,/incidents/2018/7/21/rock-fire/,All road closures have been lifted.,38,40,6.0,2.0,11.0,2019-01-04T09:38:00Z,3.0,False,True,Grass,2.0,3.0,35.68539,"off Chimney Rock Rd and Gage Irving Rd, south of Lake Nacimiento (San Luis Obispo County)",-120.95157,False,Rock Fire,100.0,151.5,True,"The Rock Fire started on July 21, 2018 off Chimney Rock Rd and Gage Irving Rd, south of Lake Nacimiento (San Luis Obispo County). The fire was contained on July 24, 2018 and burned 30 acres.",2018-07-21T15:50:00Z,6.0,7.0,0.0,45.0,4.0,12.625,4.0,0.6557377049180327
30.0,False,Unified Command: CAL FIRE Amador-El Dorado Unit and Sacramento Metro Fire,2.0,5,/incidents/2018/6/29/grant-fire/,All road closures have been lifted.,33,34,6.0,2.0,11.0,2019-01-04T09:58:00Z,3.0,False,True,Grass,2.0,3.0,38.595865,"off Grant Line Rd and White Rock Rd, southwest of Folsom",-121.17693,False,Grant Fire,100.0,151.5,True,"The Grant Fire started on June 29, 20188 off Grant Line Rd and White Rock Rd, southwest of Folsom in Sacramento County. ",2018-06-29T15:46:00Z,6.0,7.0,0.0,45.0,4.0,12.625,4.0,0.6557377049180327
30.0,False,CAL FIRE / Fresno County Fire,2.0,5,/incidents/2018/4/12/aqueduct-fire/,All road closures have been lifted.,9,10,6.0,2.0,11.0,2019-01-03T09:46:00Z,3.0,False,True,Grass,2.0,3.0,35.92436,"25th Ave & Ultica Ave, south of Kettleman City",-119.94083,False,Aqueduct Fire,100.0,151.5,True,"The Aqueduct Fire started on April 12, 2018 off 25th Ave & Ultica Ave, south of Kettleman City (Fresno County)and burned 30 acres.",2018-04-12T14:30:00Z,6.0,7.0,0.0,45.0,4.0,12.625,4.0,0.6557377049180327
28.0,False,CAL FIRE San Diego County Fire Authority,2.0,5,/incidents/2018/7/17/border-fire/,All road closures have been lifted.,36,37,6.0,2.0,11.0,2019-01-04T09:41:00Z,3.0,False,True,Grass,2.0,3.0,32.557566,north of the Meixcan border and east of the Otay port of entry,-116.8663,False,Border Fire,100.0,151.5,True,"The Border Fire started on July 17, 2018 north of the Mexican border and east of the Otay Port of entry in San Diego County. The fire was contained on July 17, 2018, and burned 28 acres. ",2018-07-17T14:05:00Z,6.0,7.0,0.0,45.0,4.0,12.625,4.0,0.6557377049180327
27.0,False,CAL FIRE Siskiyou Unit,2.0,5,/incidents/2018/5/19/ager-fire/,All road closures have been lifted.,45,47,6.0,2.0,11.0,2019-01-04T10:24:00Z,3.0,False,True,Grass,2.0,3.0,41.791859,"off Ager Road, northeast of Montague",-122.513883,False,Ager Fire,100.0,151.5,True,"The Ager fire started on May 19, 2018 off Ager Road, northeast of Montague (Siskiyou County) and burned 27 acres. It was contained on May 19, 2018. ",2018-05-19T13:04:00Z,6.0,7.0,0.0,45.0,4.0,12.625,4.0,0.6557377049180327
26.0,False,CAL FIRE Tulare Unit,2.0,5,/incidents/2018/5/18/white-fire/,All road closures have been lifted.,54,54,6.0,2.0,11.0,2019-01-04T10:24:00Z,3.0,False,True,Grass,2.0,3.0,35.826333,"off Road 272 and Avenue 2, east of Delano",-118.9821,False,White Fire,100.0,151.5,True,"The White fire started on May 18, 2018 off Road 272 and Avenue 2, east of Delano (Tulare County) and burned 26 acres. It was contained on May 18, 2018. ",2018-05-18T11:00:00Z,6.0,7.0,0.0,45.0,4.0,12.625,4.0,0.6557377049180327
25.0,False,Soboba Fire Department,2.0,5,/incidents/2018/9/14/soboba-fire/,All road closures have been lifted.,32,33,6.0,2.0,11.0,2019-01-04T09:04:00Z,3.0,False,True,Grass,2.0,3.0,33.80406,"off Soboba Rd. San Jacinto, northeast of San Jacinto City, Soboba ",-116.93188,False,Soboba Fire,100.0,151.5,True,"The Soboba Fire started September 14, 2018 off Soboba Rd. San Jacinto, northeast of San Jacinto City, Soboba (Riverside County).  This fire was contained on September 16, 2018 and burned 25 acres.",2018-09-14T19:32:00Z,6.0,7.0,0.0,45.0,4.0,12.625,4.0,0.6557377049180327
25.0,False,CAL FIRE Santa Clara Unit,2.0,5,/incidents/2018/6/16/willow-fire/,All road closures have been lifted.,6,7,6.0,2.0,11.0,2019-01-04T10:05:00Z,3.0,False,True,Grass,2.0,3.0,38.015323,"off Willow Pass Road at Evora Road, Baypoint",-121.998967,False,Willow Fire,100.0,151.5,True,"The Willow Fire started June 16, 2018 off Willow Pass Road at Evora Road, Baypoint (Contra Costa County) and burned 25 acres. It was contained on June 16, 2018.",2018-06-16T15:10:00Z,6.0,7.0,0.0,45.0,4.0,12.625,4.0,0.6557377049180327
25.0,False,CAL FIRE San Luis Obispo Unit,2.0,5,/incidents/2018/5/29/vineyard-fire/,All road closures have been lifted.,38,40,6.0,2.0,11.0,2019-01-04T10:20:00Z,3.0,False,True,Grass,2.0,3.0,35.71859,"Estrella Rd and Airport Rd, North of Paso Robles",-120.64028,False,Vineyard Fire,100.0,151.5,True,"The Vineyard Fire started May 29 2018 near Estrella Rd and Airport Rd, north of Paso Robles (San Luis Obispo County).",2018-05-29T13:11:00Z,6.0,7.0,0.0,45.0,4.0,12.625,4.0,0.6557377049180327
24.0,False,CAL FIRE Sonoma-Lake-Napa Unit,2.0,5,/incidents/2018/9/3/kelsey-fire/,All road closures have been lifted.,15,17,6.0,2.0,11.0,2019-01-04T09:11:00Z,3.0,False,True,Grass,2.0,3.0,38.91842,"Kelsey Creek Rd & Conklin Ln, Kelseyville",-122.85276,True,Kelsey Fire,100.0,151.5,True,"The Kelsey Fire started on September 3, 2018 off Kelsey Creek Rd & Conklin Ln, Kelseyville (Lake County). It was contained on September 4, 2018 and burned 24 acres.",2018-09-03T13:58:00Z,6.0,7.0,0.0,45.0,4.0,12.625,4.0,0.6557377049180327
23.0,False,CAL FIRE / Riverside County Fire,2.0,5,/incidents/2018/8/22/land-fire/,All road closures have been lifted.,32,33,6.0,2.0,11.0,2019-01-04T09:15:00Z,3.0,False,True,Grass,2.0,3.0,33.946896,"Hwy 60 and Jack Rabbit Trail, Beaumont",-117.066643,False,Land Fire,100.0,151.5,True,"The Land Fire started on August 22, 2018 at Hwy 60 and Jack Rabbit Trail, Beaumont in Riverside County. It was contained on August 22, 2018, and burned 23 acres.",2018-08-22T13:45:00Z,6.0,7.0,0.0,45.0,4.0,12.625,4.0,0.6557377049180327
23.0,False,CAL FIRE Santa Clara Unit,2.0,5,/incidents/2018/6/2/glen-fire/,All road closures have been lifted.,6,7,6.0,2.0,11.0,2019-01-04T10:19:00Z,3.0,False,True,Grass,2.0,3.0,37.99113,Glen Canyon Circle and  Chaparral Drive  SE of Pittsburg,-121.86473,False,Glen Fire,100.0,151.5,True,The Glen Fire started June 2nd 2018 near Glen Canyon Circle and  Chaparral Drive  SE of Pittsburg (Conta Costa County) is 100% contained at 23 acres on June 3 2018,2018-06-02T12:42:00Z,6.0,7.0,0.0,45.0,4.0,12.625,4.0,0.6557377049180327
23.0,False,CAL FIRE Tehama-Glenn Unit,2.0,5,/incidents/2018/6/1/plymire-fire/,All road closures have been lifted.,52,52,6.0,2.0,11.0,2019-01-04T10:19:00Z,3.0,False,True,Grass,2.0,3.0,40.201826,"Plymire Rd and Deer Valley Rd, West of Red Bluff ",-122.29388,False,Plymire Fire,100.0,151.5,True,"The Plymire Fire started June 1st near Plymire Rd and Deer Valley Rd, West of Red Bluff (Tehama County) Is 100% contained at 23 acres on June 3 2018",2018-06-01T16:07:00Z,6.0,7.0,0.0,45.0,4.0,12.625,4.0,0.6557377049180327
22.0,False,CAL FIRE Madera-Mariposa-Merced ,2.0,5,/incidents/2018/8/4/wagner-fire/,All road closures have been lifted.,20,22,6.0,2.0,11.0,2019-01-04T09:24:00Z,3.0,False,True,Grass,2.0,3.0,37.69965,"Texas Hill Rd and Bondurant Mine Rd, east of Coulterville",-120.0545,False,Wagner Fire,100.0,151.5,True,"The Wagner Fire started on August 4, 2018 at Texas Hill Rd and Bondurant Mine Rd, east of Coulterville in Mariposa County. It burned 22 acres and was contained on August 7, 2018.",2018-08-04T13:57:00Z,6.0,7.0,0.0,45.0,4.0,12.625,4.0,0.6557377049180327
21.0,False,CAL FIRE / Riverside County Fire,2.0,5,/incidents/2018/4/9/meadow-fire/,All road closures have been lifted.,32,33,6.0,2.0,11.0,2019-01-03T09:46:00Z,3.0,False,True,Grass,2.0,3.0,33.86439,"Tin Mine Rd, north of the Cajalco Expressway",-117.48144,False,Meadow Fire,100.0,151.5,True,"The Meadow Fire started on April 9, 2018 off Tin Mine Rd, north of the Cajalco Expressway (Riverside County) and burned 21 acres.",2018-04-09T18:18:00Z,6.0,7.0,0.0,45.0,4.0,12.625,4.0,0.6557377049180327
20.0,False,CAL FIRE Santa Clara Unit,2.0,5,/incidents/2018/11/15/morgan-fire/,All road closures have been lifted.,6,7,6.0,2.0,11.0,2019-01-04T08:44:00Z,3.0,False,True,Grass,2.0,3.0,37.81111,"Off Morgan Territory Rd & Storybook Ln, east of San Ramon",-121.7944,False,Morgan Fire,100.0,151.5,True,"The Morgan Fire started on November 15, 2018 off Morgan Territory Rd & Storybook Ln, east of San Ramon (Contra Costa County). The fire was contained on November 16, 2018 at 20 acres.",2018-11-15T13:31:00Z,6.0,7.0,0.0,45.0,4.0,12.625,4.0,0.6557377049180327
20.0,False,CAL FIRE Santa Clara Unit,2.0,5,/incidents/2018/11/14/niles-fire/,All road closures have been lifted.,0,1,6.0,2.0,11.0,2019-01-04T08:45:00Z,3.0,False,True,Grass,2.0,3.0,37.61158," off Palomares Road Niles Canyon Road, northwest of Sunol",-121.94182,False,Niles Fire,100.0,151.5,True,"The Niles fire started November 14, 2018 off Palomares Road Niles Canyon Road, northwest of Sunol (Alameda County) and burned 20 acres. It was contained November 18, 2018.  ",2018-11-14T14:56:00Z,6.0,7.0,0.0,45.0,4.0,12.625,4.0,0.6557377049180327
20.0,False,CAL FIRE Santa Clara Unit,2.0,5,/incidents/2018/7/25/church-fire/,All road closures have been lifted.,41,43,6.0,2.0,11.0,2019-01-04T09:33:00Z,3.0,False,True,Grass,2.0,3.0,37.07793,"Monterey Road and Church Ave, San Martin",-121.600023,False,Church Fire,100.0,151.5,True,"The Church Fire started on July 25, 2018 off Monterey Road and Church Ave, San Martin (Santa Clara County) and burned 20 acres. It was contained on July 27, 2018.",2018-07-25T16:14:00Z,6.0,7.0,0.0,45.0,4.0,12.625,4.0,0.6557377049180327
20.0,False,CAL FIRE Santa Clara Unit,2.0,5,/incidents/2018/6/17/vallecitos-fire/,All road closures have been lifted.,0,1,6.0,2.0,11.0,2019-01-04T10:04:00Z,3.0,False,True,Grass,2.0,3.0,37.627119,"off Vallecitos Road and Little Valley, south of Livermore",-121.806775,False,Vallecitos Fire,100.0,151.5,True,"The Vallecitos Fire started June 17, 2018 off Vallecitos Road and Little Valley, south of Livermore (Alameda County) and burned 20 acres. It was contained on June 17, 2018. ",2018-06-17T15:56:00Z,6.0,7.0,0.0,45.0,4.0,12.625,4.0,0.6557377049180327
20.0,False,CAL FIRE / Riverside County Fire,2.0,5,/incidents/2018/6/14/bridle-fire/,All road closures have been lifted.,32,33,6.0,2.0,11.0,2019-01-04T10:06:00Z,3.0,False,True,Grass,2.0,3.0,33.524412,"off Crazy Horse Canyon Drive and Bridle Trail Road, Community of Aguanga",-116.821724,False,Bridle Fire,100.0,151.5,True,"The Bridle Fire started on June 14, 2018 off Crazy Horse Canyon Drive and Bridle Trail Road, Community of Aguanga (Riverside County) and burned 20 acres. It was contained on June 17, 2018. ",2018-06-14T17:02:00Z,6.0,7.0,0.0,45.0,4.0,12.625,4.0,0.6557377049180327
20.0,False,CAL FIRE Butte Unit,2.0,5,/incidents/2018/6/14/70-fire/,All road closures have been lifted.,3,4,6.0,2.0,11.0,2019-01-04T10:07:00Z,3.0,False,True,Grass,2.0,3.0,39.602703,"off Highway 70 at Table Mountain Road, north of Oroville",-121.617698,False,70 Fire,100.0,151.5,True,"The 70 fire started on June 14, 2018 off Highway 70 at Table Mountain Road, north of Oroville (Butte County) and burned 20 acres. It was contained on June 14, 2018.  ",2018-06-14T15:18:00Z,6.0,7.0,0.0,45.0,4.0,12.625,4.0,0.6557377049180327
20.0,False,Los Angeles City Fire Department,2.0,5,/incidents/2018/6/12/portola-fire/,All road closures have been lifted.,17,19,6.0,2.0,11.0,2019-01-04T10:07:00Z,3.0,False,True,Grass,2.0,3.0,34.110516,off Westwanda Drive and Benedict Canyon Drive,-118.427886,False,Portola Fire ,100.0,151.5,True,"The Portola Fire started on June 12, 2018 off Westwanda Drive and Benedict Canyon Drive (Los Angeles County) and burned 20 acres. ",2018-06-12T14:56:00Z,6.0,7.0,0.0,45.0,4.0,12.625,4.0,0.6557377049180327
20.0,False,USFS - Plumas National Forest,2.0,5,/incidents/2018/4/26/french-fire/,All road closures have been lifted.,31,32,6.0,2.0,11.0,2019-01-04T10:27:00Z,3.0,False,True,Grass,2.0,3.0,39.89075,"Frenchman Lake Rd., south of Frenchman Lake, 7 miles north of Chilcoot",-120.18499,False,French Fire,100.0,151.5,True,"The French Fire started on April 26, 2018 at Frenchman Lake Rd., south of Frenchman Lake, 7 miles north of Chilcoot in Plumas County.",2018-04-26T15:00:00Z,6.0,7.0,0.0,45.0,4.0,12.625,4.0,0.6557377049180327
18.0,False,Unified Command: CAL FIRE and Camp Pendleton Fire,2.0,5,/incidents/2018/5/9/jacques-fire/,All road closures have been lifted.,36,37,6.0,2.0,11.0,2019-01-04T10:26:00Z,3.0,False,True,Grass,2.0,3.0,33.40178,"De Luz Rd and Wisecarver fuel break, Camp Pendleton Marine Corps Base",-117.27467,False,Jacques Fire,100.0,151.5,True,"The Jacques Fire started on May 9, 2018 at De Luz Rd and Wisecarver fuel break, Camp Pendleton Marine Corps Base in San Diego County.",2018-05-09T22:00:00Z,6.0,7.0,0.0,45.0,4.0,12.625,4.0,0.6557377049180327
18.0,False,CAL FIRE/Riverside County Fire Department,2.0,5,/incidents/2018/4/22/lago-fire/,All road closures have been lifted.,32,33,6.0,2.0,11.0,2019-01-03T13:10:00Z,3.0,False,True,Grass,2.0,3.0,33.88744,"Via Del Lago and Alta Calle, Lake Perris, Moreno Valley",-117.16232,False,Lago Fire,100.0,151.5,True,"The Lago fire started April 22, 2018 off Via Del Lago and Alta Calle, Lake Perris, Moreno Valley (Riverside County) and burned 18 acres. It was contained on April 22, 2018.",2018-04-22T13:35:00Z,6.0,7.0,0.0,45.0,4.0,12.625,4.0,0.6557377049180327
17.0,False,CAL FIRE San Mateo - Santa Cruz Unit,2.0,5,/incidents/2018/11/3/rincon-fire/,All road closures have been lifted.,42,44,6.0,2.0,11.0,2019-01-04T08:50:00Z,3.0,False,True,Grass,2.0,3.0,37.0125,"off Highway 9 and Rincon Crossing, north of Santa Cruz  ",-122.046,True,Rincon Fire,100.0,151.5,True,"The Rincon fire started November 3, 2018 off Highway 9 and Rincon Crossing, north of Santa Cruz (Santa Cruz County) and burned 17 acres. It was contained on November 11, 2018. ",2018-11-03T21:28:00Z,6.0,7.0,0.0,45.0,4.0,12.625,4.0,0.6557377049180327
17.0,False,CAL FIRE Amador-El Dorado Unit,2.0,5,/incidents/2018/6/17/china-fire/,All road closures have been lifted.,2,3,6.0,2.0,11.0,2019-01-04T10:05:00Z,3.0,False,True,Grass,2.0,3.0,38.265645,"off China Gulch Road and Comanche Parkway North, Jackson Valley",-120.892404,False,China Fire,100.0,151.5,True,"The China Fire started off China Gulch Road and Comanche Parkway North, Jackson Valley (Amador County) and burned 17 acres. It was contained on June 19, 2018.  ",2018-06-17T13:58:00Z,6.0,7.0,0.0,45.0,4.0,12.625,4.0,0.6557377049180327
17.0,False,CAL FIRE/ Riverside County Fire,2.0,5,/incidents/2018/6/3/ethanac-fire/,All road closures have been lifted.,32,33,6.0,2.0,11.0,2019-01-04T10:17:00Z,3.0,False,True,Grass,2.0,3.0,33.742,"Highway 74 and Ethanac Rd, City of Perris",-117.28189,False,Ethanac Fire,100.0,151.5,True,"The Ethanac Fire started June 3 2018 near Highway 74 and Ethanac Rd, City of Perris (Riverside County). Is 100 % contained at 17 acres on June 4, 2018",2018-06-03T14:17:00Z,6.0,7.0,0.0,45.0,4.0,12.625,4.0,0.6557377049180327
16.0,False,CAL FIRE Nevada-Yuba-Placer Unit,2.0,5,/incidents/2018/8/12/oak-fire/,All road closures have been lifted.,28,29,6.0,2.0,11.0,2019-01-04T09:19:00Z,3.0,False,True,Grass,2.0,3.0,39.10494,"off Oak Lane and Buck Mountain Road, south of Grass Valley",-121.07039,False,Oak Fire,100.0,151.5,True,"The Oak Fire started on August 12, 2018 off Oak Lane and Buck Mountain Road, Grass Valley and burned 16 acres. It was contained on August 12, 2018.",2018-08-12T14:20:00Z,6.0,7.0,0.0,45.0,4.0,12.625,4.0,0.6557377049180327
16.0,False,CAL FIRE Humboldt-Del Norte Unit,2.0,5,/incidents/2018/7/15/johnson-fire/,All road closures have been lifted.,11,12,6.0,2.0,11.0,2019-01-04T09:43:00Z,3.0,False,True,Grass,2.0,3.0,41.34453,Highway 169 in Pecwan,-123.85404,False,Johnson Fire,100.0,151.5,True,"The Johnson Fire started on July 15, 2018 at Highway 169 in Pecwan in Humboldt County. The fire burned 16 acres and was contained on July 16, 2018.",2018-07-15T16:14:00Z,6.0,7.0,0.0,45.0,4.0,12.625,4.0,0.6557377049180327
16.0,False,CAL FIRE Santa Clara Unit,2.0,5,/incidents/2018/5/27/keeler-fire/,All road closures have been lifted.,41,43,6.0,2.0,11.0,2019-01-04T10:22:00Z,3.0,False,True,Grass,2.0,3.0,37.21803,"Keeler Court and Santa Teresa Blvd., south of San Jose",-121.76828,False,Keeler Fire,100.0,151.5,True,"The Keeler Fire started on May 27, 2018 off Keeler Court and Santa Teresa Blvd., south of San Jose in Santa Clara County. This fire was contained on May 27, 2018 and burned 16 acres.",2018-05-27T17:05:00Z,6.0,7.0,0.0,45.0,4.0,12.625,4.0,0.6557377049180327
15.0,False,CAL FIRE Siskiyou Unit,2.0,5,/incidents/2018/10/10/iron-gate-fire/,All road closures have been lifted.,45,47,6.0,2.0,11.0,2019-01-04T08:55:00Z,3.0,False,True,Grass,2.0,3.0,41.94046,1 mile northwest of Iron Gate Dam,-122.43933,False,Iron Gate Fire,100.0,151.5,True,"The Iron Gate Fire started on October 10, 2018, 1 mile northwest of Iron Gate Dam in Siskiyou County.",2018-10-10T21:50:00Z,6.0,7.0,0.0,45.0,4.0,12.625,4.0,0.6557377049180327
15.0,False,Modoc National Forest,2.0,5,/incidents/2018/9/2/essex-fire/,All road closures have been lifted.,24,25,6.0,2.0,11.0,2019-01-04T09:11:00Z,3.0,False,True,Grass,2.0,3.0,41.52123,"East of Essex Reservoir, northeast of Canby.",-120.72362,False,Essex Fire,100.0,151.5,True,"The Essex Fire started on September 2, 2018 east of Essex Reservoir, northeast of Canby (Modoc County) and burned 15 acres. It was contained on September 16, 2018. ",2018-09-02T14:53:00Z,6.0,7.0,0.0,45.0,4.0,12.625,4.0,0.6557377049180327
15.0,False,CAL FIRE/ Riverside County Fire,2.0,5,/incidents/2018/5/4/woodchuck-fire/,All road closures have been lifted.,32,33,6.0,2.0,11.0,2019-01-04T10:26:00Z,3.0,False,True,Grass,2.0,3.0,33.467999,"Hwy 79 & Woodchuck Road, Temecula",-117.003829,False,Woodchuck Fire,100.0,151.5,True,"The Woodchuck Fire started on May 5th 2018, near Hwy 79 and Woodchuck Road, Temecula (Riverside County).",2018-05-04T18:53:00Z,6.0,7.0,0.0,45.0,4.0,12.625,4.0,0.6557377049180327
15.0,False,CAL FIRE/Riverside County Fire Department,2.0,5,/incidents/2018/4/15/tyler-fire/,All road closures have been lifted.,32,33,2.0,1.0,18.0,2019-01-03T09:46:00Z,3.0,False,True,Grass,1.0,3.0,33.711263,"Tyler Street and Vista Del Sur, Coachella, City of Coachella",-116.164058,True,Tyler Fire,100.0,105.0,True,"The Tyler Fire started on April 15, 2018 off Tyler Street and Vista Del Sur, Coachella, in the City of Coachella (Riverside County).",2018-04-15T04:38:00Z,6.0,7.0,0.0,45.0,2.0,5.526315789473684,2.0,0.9433962264150944
14.0,False,CAL FIRE San Diego Unit,2.0,5,/incidents/2018/8/6/casner-fire/,All road closures have been lifted.,36,37,6.0,2.0,11.0,2019-01-04T09:24:00Z,3.0,False,True,Grass,2.0,3.0,33.05737,"off Old Julian Highway and Creek Hollow, west of Ramona",-116.77154,False,Casner Fire,100.0,151.5,True,"The Casner fire started on August 6, 2018 off Old Julian Highway and Creek Hollow, west of Ramona (San Diego County) and burned 14 acres. It was contained on August 6, 2018. ",2018-08-06T10:31:00Z,6.0,7.0,0.0,45.0,4.0,12.625,4.0,0.6557377049180327
14.0,False,CAL FIRE San Luis Obispo Unit,2.0,5,/incidents/2018/7/17/camp-fire/,All road closures have been lifted.,38,40,6.0,2.0,11.0,2019-01-04T09:41:00Z,3.0,False,True,Grass,2.0,3.0,35.70086,"off Gage Irving Road, South Lake Nacimiento",-120.97339,False,Camp Fire,100.0,151.5,True,"The Camp Fire started on July 17, 2018 off Gage Irving Road, South Lake Nacimiento (San Luis Obispo County). It burned 14 acres and was contained on July 19, 2018.",2018-07-17T11:13:00Z,6.0,7.0,0.0,45.0,4.0,12.625,4.0,0.6557377049180327
14.0,False,CAL FIRE Lassen-Modoc Unit,2.0,5,/incidents/2018/7/14/3-2-fire/,All road closures have been lifted.,16,18,6.0,2.0,11.0,2019-01-04T09:45:00Z,3.0,False,True,Grass,2.0,3.0,39.99309,"off Homestead Ranch Road, southeast of Doyle ",-120.02137,False,3-2 Fire,100.0,151.5,True,"The 3-2 fire started on July 14, 2018 off  Homestead Ranch Road, southeast of Doyle (Lassen County). The fire was contained on July 15, 2018 at 14 acres.",2018-07-14T15:00:00Z,6.0,7.0,0.0,45.0,4.0,12.625,4.0,0.6557377049180327
14.0,False,CAL FIRE Sonoma-Lake-Napa Unit ,2.0,5,/incidents/2018/6/1/madison-fire/,All road closures have been lifted.,57,57,6.0,2.0,11.0,2019-01-04T10:20:00Z,3.0,False,True,Grass,2.0,3.0,38.64953,"County Road 25 and County Road 86A, community of Madison north of Winters       ",-122.01762,False,Madison FIre,100.0,151.5,True,"The Madison Fire started June 1st 2018 near County Road 25 and County Road 86A, community of Madison north of Winters (Yolo County)    Is 100% contained at 14 acres on June 2 2018 ",2018-06-01T13:31:00Z,6.0,7.0,0.0,45.0,4.0,12.625,4.0,0.6557377049180327
13.0,False,Shasta Lake Fire Protection District,2.0,5,/incidents/2018/9/4/ranchera-fire/,All road closures have been lifted.,43,45,6.0,2.0,11.0,2019-01-04T09:08:00Z,3.0,False,True,Grass,2.0,3.0,40.678889,"Ranchera Road and Hill Boulevard, Shasta Lake City",-122.400556,False,Ranchera Fire,100.0,151.5,True,"The Ranchera Fire stared on September 4, 2018 off Ranchera Road and Hill Boulevard, Shasta Lake City (Shasta County) and burned 13 acres. It was contained on September 5, 2018.",2018-09-04T14:43:00Z,6.0,7.0,0.0,45.0,4.0,12.625,4.0,0.6557377049180327
13.0,False,CAL FIRE San Diego Unit,2.0,5,/incidents/2018/7/20/cinnamon-fire/,Creek Hollow Dr at Old Julian Hwy,36,37,3.0,2.0,10.0,2019-01-04T09:39:00Z,3.0,False,True,Grass,4.0,3.0,33.04898,"Old Julian Way & Cinnamon Rock Rd, east of Ramona",-116.78928,True,Cinnamon Fire,100.0,80.0,True,"The Cinnamon Fire started on July 20, 2018 off old Julian Way & Cinnamon Rock Rd, east of Ramona (San Diego County). The fire burned 13 acres, and was contained on July 20, 2018.",2018-07-20T13:07:00Z,1.0,0.0,0.0,45.0,4.0,7.2727272727272725,6.0,1.2345679012345678
13.0,False,CAL FIRE Fresno-Kings Unit,2.0,5,/incidents/2018/6/2/coldwell-fire/,All road closures have been lifted.,9,10,6.0,2.0,11.0,2019-01-04T10:18:00Z,3.0,False,True,Grass,2.0,3.0,36.10499,"Hwy 198 and Coldwell Ln, 10 miles west of Coalinga",-120.55324,False,Coldwell Fire,100.0,151.5,True,"The Coldwell Fire started June 2 2018 near Hwy 198 and Coldwell Ln, 10 miles west of Coalinga (Fresno County)Is 100% contained at 13 acres on June 3 2018.",2018-06-02T09:55:00Z,6.0,7.0,0.0,45.0,4.0,12.625,4.0,0.6557377049180327
12.0,False,CAL FIRE Shasta - Trinity Unit,2.0,5,/incidents/2018/10/14/tower-fire/,All road closures have been lifted.,43,45,6.0,2.0,11.0,2019-01-04T08:54:00Z,3.0,False,True,Grass,2.0,3.0,40.49618,"Cloverdale & Clear Creek, Near the community of Igo",-122.51597,False,Tower Fire,100.0,151.5,True,"The Tower Fire started on October 14, 2018 off Cloverdale & Clear Creek, near the community of Igo (Shasta County) and burned 12 acres. It was contained on October 16, 2018.",2018-10-14T06:45:00Z,6.0,7.0,0.0,45.0,4.0,12.625,4.0,0.6557377049180327
12.0,False,"CAL FIRE Amador, El Dorado Unit",2.0,5,/incidents/2018/9/20/meyers-fire/,All road closures have been lifted.,8,9,6.0,2.0,11.0,2019-01-04T09:03:00Z,3.0,False,True,Grass,2.0,3.0,38.7448,Meyers Rd in Camino,-120.65672,True,Meyers Fire,100.0,151.5,True,"The Meyers Fire started September 20 2018, off Meyers Rd in Camino (El Dorado County)",2018-09-20T12:39:00Z,6.0,4.0,0.0,45.0,4.0,12.625,4.0,0.6557377049180327
12.0,False,CAL FIRE San Bernardino Unit,2.0,5,/incidents/2018/7/13/gray-fire/,All road closures have been lifted.,35,36,6.0,2.0,11.0,2019-01-04T09:47:00Z,3.0,False,True,Grass,2.0,3.0,34.171786,Muscoy,-117.35606,False,Gray Fire,100.0,151.5,True,"The Gray fire started on July 13, 2018 in Muscoy (San Bernardino County). It was contained on July 15, 2018, and burned 12 acres. ",2018-07-13T14:32:00Z,6.0,7.0,0.0,45.0,4.0,12.625,4.0,0.6557377049180327
12.0,False,CAL FIRE Madera-Mariposa-Merced ,2.0,5,/incidents/2018/7/10/school-fire/,All road closures have been lifted.,18,20,6.0,2.0,11.0,2019-01-04T09:50:00Z,3.0,False,True,Grass,2.0,3.0,37.22791,"in the area of Road 230 and Road 225, North Fork",-119.50461,False,School Fire,100.0,151.5,True,"The School Fire started on July 10, 2018 in the area of Road 230 and Road 225, North Fork in Madera County and burned 12 acres. It was contained on July 12, 2018. ",2018-07-10T17:31:00Z,6.0,7.0,0.0,45.0,4.0,12.625,4.0,0.6557377049180327
12.0,False,San Rafael Fire ,2.0,5,/incidents/2018/6/9/mission-fire/,All road closures have been lifted.,19,21,6.0,2.0,11.0,2019-01-04T10:09:00Z,3.0,False,True,Grass,2.0,3.0,37.97638,"Mission Avenue and C Street, City of San Rafael",-122.5275,False,Mission Fire,100.0,151.5,True,"The Mission Fire started on June 9, 2018 at Mission Avenue and C Street, City of San Rafael (Marin County). This fire burned 12.6 acres and was contained on June 9, 2018.",2018-06-09T15:30:00Z,6.0,7.0,0.0,45.0,4.0,12.625,4.0,0.6557377049180327
12.0,False,CAL FIRE San Diego Unit,2.0,5,/incidents/2018/6/5/vista-fire/,All road closures have been lifted.,36,37,6.0,2.0,11.0,2019-01-04T10:11:00Z,3.0,False,True,Grass,2.0,3.0,33.40769,"Vista Del Lago/Via Ranchitos, Fallbrook",-117.22974,False,Vista Fire,100.0,151.5,True,"The Vista Fire started on June 5, 2018 off Vista Del Lago/Via Ranchitos, Fallbrook in San Diego County. The fire burned 12.5 acres and was 100% contained on June June 6, 2018.",2018-06-05T13:45:00Z,6.0,7.0,0.0,45.0,4.0,12.625,4.0,0.6557377049180327
12.0,False,CAL FIRE Siskiyou Unit,2.0,5,/incidents/2018/6/4/meamber-fire/,All road closures have been lifted.,45,47,6.0,2.0,11.0,2019-01-04T10:13:00Z,3.0,False,True,Grass,2.0,3.0,41.64805,"Meamber Creek Road, 8 miles west of Fort Jones",-122.98442,False,Meamber Fire,100.0,151.5,True,"The Meamber Fire started on June 4, 2018 off Meamber Creek Road, west of Fort Jones in Siskiyou County. The fire burned 12 acres and was 100% contained on June 5, 2018.",2018-06-04T15:08:00Z,6.0,7.0,0.0,45.0,4.0,12.625,4.0,0.6557377049180327
12.0,False,CAL FIRE San Luis Obispo Unit,2.0,5,/incidents/2018/6/3/resort-fire/,All road closures have been lifted.,38,40,6.0,2.0,11.0,2019-01-04T10:17:00Z,3.0,False,True,Grass,2.0,3.0,35.75737,"Lake Nacimiento, 10 miles west of Paso Robles",-120.91793,False,Resort Fire,100.0,151.5,True,"The Resort Fire started June 3 2018 near Lake Nacimiento, 10 miles west of Paso Robles (San Luis Obispo County). This fire burned 12 acres and was contained on June 4, 2018.",2018-06-03T16:11:00Z,6.0,7.0,0.0,45.0,4.0,12.625,4.0,0.6557377049180327
12.0,False,CAL FIRE Sonoma-Lake-Napa Unit,2.0,5,/incidents/2018/5/21/bellagio-fire/,All road closures have been lifted.,27,28,6.0,2.0,11.0,2019-01-04T10:23:00Z,3.0,False,True,Grass,2.0,3.0,38.16303,"American Canyon Rd, East of American Canyon",-122.23059,False,Bellagio Fire,100.0,151.5,True,"The Bellagio Fire started on May 21, 2018 off American Canyon Road, east of American Canyon, Napa County and burned 12 acres.  The fire is now 100% contained.",2018-05-21T11:56:00Z,6.0,7.0,0.0,45.0,4.0,12.625,4.0,0.6557377049180327
12.0,False,CAL FIRE Santa Clara Unit,2.0,5,/incidents/2018/5/14/grant-fire/,All road closures have been lifted.,0,1,6.0,2.0,11.0,2019-01-04T10:25:00Z,3.0,False,True,Grass,2.0,3.0,37.73835,"Grant Line Road and I-580, east of Livermore",-121.6039,False,Grant Fire,100.0,151.5,True,"The Grant Fire started on May 14, 2018 off Grant Line Road and I-580, east of Livermore (Alameda County) and burned 12 acres. It was contained on May 14, 2018. ",2018-05-14T13:06:00Z,6.0,7.0,0.0,45.0,4.0,12.625,4.0,0.6557377049180327
12.0,False,CAL FIRE San Diego Unit,2.0,5,/incidents/2018/5/10/volcan-fire/,All road closures have been lifted.,36,37,6.0,2.0,11.0,2019-01-04T10:25:00Z,3.0,False,True,Grass,2.0,3.0,33.12213,"Volcan Road and Farmer Road, north of the community of Julian",-116.58759,False,Volcan Fire,100.0,151.5,True,"The Volcan Fire started on May 10, 2018 off of Volcan Road and Farmer Road, north of the community of Julian (San Diego County)",2018-05-10T20:41:00Z,6.0,7.0,0.0,45.0,4.0,12.625,4.0,0.6557377049180327
11.0,False,CAL FIRE Butte Unit,2.0,5,/incidents/2018/7/10/dark-fire/,All road closures have been lifted.,3,4,6.0,2.0,11.0,2019-01-04T09:51:00Z,3.0,False,True,Grass,2.0,3.0,39.66492,"south of Rich Gulch, near Lake Oroville",-121.51772,False,Dark Fire,100.0,151.5,True,"The Dark Fire started on July 10, 2018 south of Rich Gulch, near Lake Oroville in Butte County. The fire was contained on July 11, 2018 and burned 11 acres.",2018-07-10T12:42:00Z,6.0,7.0,0.0,45.0,4.0,12.625,4.0,0.6557377049180327
11.0,False,CAL FIRE Madera-Mariposa-Merced ,2.0,5,/incidents/2018/7/9/cornerstone-fire/,All road closures have been lifted.,18,20,6.0,2.0,11.0,2019-01-04T09:52:00Z,3.0,False,True,Grass,2.0,3.0,37.19817,"Cornerstone Court, Yosemite Lakes",-119.80414,False,Cornerstone Fire,100.0,151.5,True,"The Cornerstone fire started on July 9, 2018 at Cornerstone Court, Yosemite Lakes in Madera County. The fire was contained on July 10, 2018 at 11 acres.",2018-07-09T17:54:00Z,6.0,7.0,0.0,45.0,4.0,12.625,4.0,0.6557377049180327
11.0,False,CAL FIRE/ Riverside County Fire,2.0,5,/incidents/2018/6/3/grande-fire/,All road closures have been lifted.,32,33,6.0,2.0,11.0,2019-01-04T10:18:00Z,3.0,False,True,Grass,2.0,3.0,33.47413,"Vuelta Grande Rd and Carancho Rd, Community of De Luz",-117.31468,False,Grande Fire,100.0,151.5,True,"The Grande Fire started June 3 2018 near Vuelta Grande Rd and Carancho Rd, Community of De Luz (Riverside County). The fire burned 11 acres and was contained on June 5, 2018.",2018-06-03T13:38:00Z,6.0,7.0,0.0,45.0,4.0,12.625,4.0,0.6557377049180327
11.0,False,CAL FIRE Shasta Trinity Unit,2.0,5,/incidents/2018/3/27/rock-fire/,All road closures have been lifted.,43,45,6.0,2.0,11.0,2019-01-03T09:45:00Z,3.0,False,True,Grass,2.0,3.0,40.4635,"Rock Creek Rd, SE of Shingletown",-121.77419,False,Rock Fire,100.0,151.5,True,"The Rock Fire started march 27 2018 off Rock Creek Rd, SE of Shingletown (Shasta County)",2018-03-27T16:20:00Z,6.0,7.0,0.0,45.0,4.0,12.625,4.0,0.6557377049180327
10.0,False,CAL FIRE San Mateo-Santa Cruz Unit,2.0,5,/incidents/2018/11/16/bear-fire/,All road closures have been lifted.,42,44,6.0,2.0,11.0,2019-01-04T08:44:00Z,3.0,False,True,Grass,2.0,3.0,37.12857,"off Bear Creek Road and Mayfair Road, Boulder Creek north of Santa Cruz",-122.12036,False,Bear Fire ,100.0,151.5,True,"The Bear fire started November 16, 2018 off Bear Creek Road and Mayfair Road, Boulder Creek north of Santa Cruz (Santa Cruz County). ",2018-11-16T11:01:00Z,6.0,7.0,0.0,45.0,4.0,12.625,4.0,0.6557377049180327
10.0,False,CAL FIRE Humboldt - Del Norte Unit,2.0,5,/incidents/2018/11/12/green-hill-fire/,All road closures have been lifted.,11,12,6.0,2.0,11.0,2019-01-04T08:46:00Z,3.0,False,True,Grass,2.0,3.0,40.888785,off Highway 299 in the area of Green Hill,-124.001849,False,Green Hill Fire,100.0,151.5,True,"The Green Hill fire started November 12, 2018 off Highway 299 in the area of Green Hill (Humboldt County) and burned 1 acre. It was contained November 12, 2018. ",2018-11-12T17:39:00Z,6.0,7.0,0.0,45.0,4.0,12.625,4.0,0.6557377049180327
10.0,False,CAL FIRE Butte Unit,2.0,5,/incidents/2018/10/15/powellton-fire/,All road closures have been lifted.,3,4,6.0,2.0,11.0,2019-01-04T08:52:00Z,3.0,False,True,Grass,2.0,3.0,39.93427,"Upper Powellton Rd and Skyway, north of Stirling City",-121.54103,False,Powellton Fire,100.0,151.5,True,"The Powellton Fire started on October 15, 2018 off Upper Powellton Rd and Skyway, north of Stirling City in Butte County and burned 10 acres. It was contained October 18, 2018.  ",2018-10-15T11:57:00Z,6.0,7.0,0.0,45.0,4.0,12.625,4.0,0.6557377049180327
10.0,False,CAL FIRE/Riverside County Fire Department,2.0,5,/incidents/2018/8/19/keller-fire/,All road closures have been lifted.,32,33,6.0,2.0,11.0,2019-01-04T09:16:00Z,3.0,False,True,Grass,2.0,3.0,33.627006,off Scenic View Drive and Keller Road,-117.171731,False,Keller Fire,100.0,151.5,True,"The Keller Fire started August 19, 2018 off Scenic View Drive and Keller Road (Riverside County). It burned 9.5 acres and was contained on August 20.",2018-08-19T15:55:00Z,6.0,7.0,0.0,45.0,4.0,12.625,4.0,0.6557377049180327
10.0,False,CAL FIRE Sonoma-Lake Napa Unit,2.0,5,/incidents/2018/8/9/syar-fire/,All road closures have been lifted.,27,28,6.0,2.0,11.0,2019-01-04T09:20:00Z,3.0,False,True,Grass,2.0,3.0,38.27229,Napa Vallejo Highway and Syar Industrial Way,-122.26389,False,Syar Fire,100.0,151.5,True,"The Syar Fire started on August 9, 2018 off Napa Vallejo Highway and Syar Industrial Way (Napa County). This fire was contained on August 10, 2018 and burned 10 acres. ",2018-08-09T14:21:00Z,6.0,7.0,0.0,45.0,4.0,12.625,4.0,0.6557377049180327
10.0,False,CAL FIRE Siskiyou Unit,2.0,5,/incidents/2018/7/17/lott-fire/,All road closures have been lifted.,45,47,6.0,2.0,11.0,2019-01-04T09:40:00Z,3.0,False,True,Grass,2.0,3.0,41.632373,"off Lott Rd and Bunny Ln, 15 miles north of Weed ",-122.37985,False,Lott Fire,100.0,151.5,True,"The Lott Fire started on July 17, 2018, off Lott Rd and Bunny Ln, 15 miles north of Weed (Siskiyou County). The fire burned 10 acres, and was contained on July 19, 2018,",2018-07-17T19:03:00Z,6.0,7.0,0.0,45.0,4.0,12.625,4.0,0.6557377049180327
10.0,False,CAL FIRE San Diego Unit / San Diego County Fire Authority,2.0,5,/incidents/2018/7/6/building-fire/,All road closures have been lifted.,36,37,6.0,2.0,11.0,2019-01-04T09:55:00Z,3.0,False,True,Grass,2.0,3.0,32.619855,off Highway 94 and Community Building Road near Dulzura,-116.764733,False,Building Fire,100.0,151.5,True,"The Building Fire started July 6, 2018 off Highway 94 and Community Building Road near Dulzura (San Diego County) and burned 10 acres. It was contained on July 7, 2018.",2018-07-06T10:11:00Z,6.0,7.0,0.0,45.0,4.0,12.625,4.0,0.6557377049180327
10.0,False,CAL FIRE Butte Unit/Butte County Fire Department,2.0,5,/incidents/2018/6/29/llano-fire/,All road closures have been lifted.,3,4,6.0,2.0,11.0,2019-01-04T09:58:00Z,3.0,False,True,Grass,2.0,3.0,39.6139,"at the Llano Seco Ranch, south of Chico",-121.954098,False,Llano Fire,100.0,151.5,True,"The Llano Fire started June 29, 2018 at the Llano Seco Ranch, south of Chico (Butte County) and burned 7 acres. ",2018-06-29T11:44:00Z,6.0,7.0,0.0,45.0,4.0,12.625,4.0,0.6557377049180327
10.0,False,CAL FIRE San Luis Obispo Unit,2.0,5,/incidents/2018/6/21/creek-fire/,All road closures have been lifted.,38,40,6.0,2.0,11.0,2019-01-04T10:03:00Z,3.0,False,True,Grass,2.0,3.0,35.05747,"Suey Creek Road & Crystal Springs, east of Nipomo",-120.39295,False,Creek Fire,100.0,151.5,True,"The Creek Fire started on June 21, 2018 off Suey Creek Road & Crystal Springs, north of Santa Maria. The fire burned 2.8 acres and was contained on June 22, 2018. ",2018-06-21T16:45:00Z,6.0,12.0,0.0,45.0,4.0,12.625,4.0,0.6557377049180327
10.0,False,CAL FIRE San Benito-Monterey Unit,2.0,5,/incidents/2018/6/19/ranchita-fire/,All road closures have been lifted.,26,27,6.0,2.0,11.0,2019-01-04T10:04:00Z,3.0,False,True,Grass,2.0,3.0,35.77017,"Ranchita Canyon Road, southwest of the town of Parkfield",-120.57833,False,Ranchita Fire,100.0,151.5,True,"The Ranchita Fire started on June 19, 2018 off Ranchita Canyon Road, southwest of the town of Parkfield (Monterey County). It was contained on June 19, 2018.",2018-06-19T16:06:00Z,6.0,7.0,0.0,45.0,4.0,12.625,4.0,0.6557377049180327
10.0,False,Schell-Vista Fire Protection District ,2.0,5,/incidents/2018/6/5/pallet-fire/,All road closures have been lifted.,47,49,6.0,2.0,11.0,2019-01-04T10:12:00Z,3.0,False,True,Grass,2.0,3.0,38.245151,"Hwy 12 and Broadway, Schellville ",-122.44408,False,Pallet Fire,100.0,151.5,True,"The Pallet Fire started on June 5, 2018 at Hwy 12 and Broadway, Schellville in Sonoma County. The fire burned 10 acres and was 100% contained on June 5, 2018.",2018-06-05T13:03:00Z,6.0,7.0,0.0,45.0,4.0,12.625,4.0,0.6557377049180327
10.0,False,San Miguel FPD,2.0,5,/incidents/2018/6/3/green-fire/,All road closures have been lifted.,36,37,6.0,2.0,11.0,2019-01-04T10:16:00Z,3.0,False,True,Grass,2.0,3.0,32.75072,"Greenwick Rd and Brabham St, Community of Rancho San Diego",-116.92404,False,Green Fire,100.0,151.5,True,"The Green Fire started June 3 2018 near Greenwick Rd and Brabham St, Community of Rancho San Diego (San Diego County). The fire was contained to 5.1 acres on June 3, 2018.",2018-06-03T18:23:00Z,6.0,7.0,0.0,45.0,4.0,12.625,4.0,0.6557377049180327
10.0,False,CAL Fire Tehama Glenn Unit,2.0,5,/incidents/2018/6/3/black-fire/,All road closures have been lifted.,52,52,6.0,2.0,11.0,2019-01-04T10:18:00Z,3.0,False,True,Grass,2.0,3.0,39.80827,Black Butte Lake and Newville Road west of Orland,-122.3307,False,Black Fire,100.0,151.5,True,The Black Fire started June 3 2018 near Black Butte Lake and Newville Road west of Orland (Tehama County). is 100% contained at 10 acres on June 3 2018.,2018-06-03T08:55:00Z,6.0,7.0,0.0,45.0,4.0,12.625,4.0,0.6557377049180327
10.0,False,CAL FIRE/Riverside County Fire,2.0,5,/incidents/2018/6/2/jardin-fire/,All road closures have been lifted.,32,33,6.0,2.0,11.0,2019-01-04T10:18:00Z,3.0,False,True,Grass,2.0,3.0,33.45014,"Calle Jardin  and Calle Uva, Temecula",-117.22215,False,Jardin Fire,100.0,151.5,True,"The Jardin Fire started June 2 2018 near Calle Jardin and Calle Uva, Temecula (Riverside County). The fire was contained at 10 acres on June 4, 2018.",2018-06-02T15:53:00Z,6.0,7.0,0.0,45.0,4.0,12.625,4.0,0.6557377049180327
10.0,False,CAL FIRE / Riverside County Fire,2.0,5,/incidents/2018/5/28/70th-fire/,All road closures have been lifted.,32,33,6.0,2.0,11.0,2019-01-04T10:21:00Z,3.0,False,True,Grass,2.0,3.0,33.53924,"Highway 86 Expressway and Avenue 70, Thermal",-116.10231,False,70th Fire,100.0,151.5,True,"The 70th Fire started on May 28, 2018 at Highway 86 Expressway and Avenue 70, Thermal in Riverside County. The fire burned 3 acres and is 100% contained on May 28, 2018.",2018-05-28T07:23:00Z,6.0,7.0,0.0,45.0,4.0,12.625,4.0,0.6557377049180327
0.0,False,CAL FIRE Butte Unit,2.0,5,/incidents/2018/11/29/honey-flooding/,All road closures have been lifted.,3,4,6.0,2.0,11.0,2019-01-04T08:42:00Z,3.0,False,True,Grass,2.0,3.0,39.71217,"Lower Skyway and Lower Honey Run, Between Chico and Paradise ",-121.77385,True,Honey Flooding,100.0,151.5,True,"The Honey Flooding Incident started November 29 2018 near Lower Skyway and Lower Honey Run, Between Chico and Paradise (Butte County) ",2018-11-29T23:30:00Z,6.0,7.0,0.0,45.0,4.0,12.625,4.0,0.6557377049180327
0.0,False,USFS - Shasta-Trinity National Forest,2.0,5,/incidents/2018/4/24/grape-fire/,All road closures have been lifted.,11,12,6.0,2.0,11.0,2019-01-03T15:23:00Z,3.0,False,True,Grass,2.0,3.0,40.70258,"Black Bennet Rd. near Grape Creek, 8 miles southwest of Burnt Ranch",-123.55012,False,Grape Fire,100.0,151.5,True,"The Grape Fire started on April 24, 2018 at Black Bennet Rd. near Grape Creek, 8 miles southwest of Burnt Ranch in Humboldt County and burned 100 acres.",2018-04-24T16:59:00Z,6.0,7.0,0.0,45.0,4.0,12.625,4.0,0.6557377049180327
0.0,False,Ventura County Fire and Santa Barbara County Fire ,2.0,5,/incidents/2018/1/9/montecito-flooding-mudflows/,All road closures have been lifted.,40,"42,56",6.0,2.0,11.0,2019-01-03T09:43:00Z,3.0,False,True,Grass,2.0,3.0,0.0,"Montecito, Summerland and Carpenteria",0.0,True,Montecito Flooding / Mudflows,100.0,151.5,True,"Flooding and mudflows started on January 9, 2018 in the Montecito, Summerland, and Carpenteria areas in Santa Barbara County. ",2018-01-09T04:00:00Z,6.0,7.0,0.0,45.0,4.0,12.625,4.0,0.6557377049180327
0.0,False,Ventura County Fire and Santa Barbara County Fire ,2.0,5,/incidents/2018/1/9/montecito-flooding-mudflows/,All road closures have been lifted.,56,"42,56",6.0,2.0,11.0,2019-01-03T09:43:00Z,3.0,False,True,Grass,2.0,3.0,0.0,"Montecito, Summerland and Carpenteria",0.0,True,Montecito Flooding / Mudflows,100.0,151.5,True,"Flooding and mudflows started on January 9, 2018 in the Montecito, Summerland, and Carpenteria areas in Santa Barbara County. ",2018-01-09T04:00:00Z,6.0,7.0,0.0,45.0,4.0,12.625,4.0,0.6557377049180327
1806.0,False,Ventura County Fire Department,2.0,6,/incidents/2019/10/30/easy-fire/,All road closures have been lifted.,56,56,6.0,2.0,11.0,2019-11-02T18:57:00Z,3.0,True,True,Grass,2.0,3.0,34.282179,"West Easy Street and West Los Angeles Avenue, Simi Valley",-118.803389,False,Easy Fire,100.0,151.5,True,"The Easy Fire started October 30, 2019 off West Easy Street and West Los Angeles Avenue, Simi Valley in Ventura County",2019-10-30T07:45:14Z,6.0,7.0,0.0,45.0,4.0,12.625,4.0,0.6557377049180327
1300.0,False,CAL FIRE Madera-Mariposa-Merced Unit,2.0,6,/incidents/2019/8/16/gaines-fire/,All road closures have been lifted.,20,22,6.0,2.0,11.0,2018-01-09T13:46:00Z,3.0,True,True,Grass,2.0,3.0,37.536069,"Mt Gaines Rd and Bear Valley Rd, Bear Valley",-120.177018,False,Gaines Fire,100.0,151.5,True,"The Gaines Fire started on August 16, 2019 off Mt Gaines Rd and Bear Valley Rd, in Bear Valley in Mariposa County.",2019-08-16T14:11:02Z,6.0,7.0,0.0,45.0,4.0,12.625,4.0,0.6557377049180327
1011.0,False,"Unified Command: CAL FIRE/Riverside County Fire Department, City of Calimesa and City of Yucaipa",2.0,6,/incidents/2019/10/10/sandalwood-fire/,All road closures have been lifted.,32,33,10.0,2.0,17.0,2018-01-09T13:46:00Z,2.0,True,True,Grass,1.0,3.0,33.9925,Calimesa Boulevard and Sandalwood Drive,-117.059167,True,Sandalwood Fire,100.0,247.0,True,"The Sandalwood Fire started October 10, 2019 off Calimesa Boulevard and Sandalwood Drive in Riverside County.",2019-10-10T15:38:44Z,16.0,74.0,0.0,45.0,1.0,13.722222222222221,3.0,0.4032258064516129
605.0,False,CAL FIRE Tehama-Glenn Unit,2.0,6,/incidents/2019/10/27/rawson-fire/,All road closures have been lifted.,52,52,6.0,2.0,11.0,2019-10-28T07:22:00Z,3.0,True,True,Grass,2.0,3.0,40.00171,"Gyle Road and Long Dirt Road, Northwest of Corning",-122.25421,False,Rawson Fire,100.0,151.5,True,"The Rawson Fire started October 27, 2019 off Gyle Road and Long Dirt Road, Northwest of Corning in Tehama County.",2019-10-27T02:47:20Z,6.0,7.0,0.0,45.0,4.0,12.625,4.0,0.6557377049180327
494.0,False,CAL FIRE Riverside County Fire Department ,2.0,6,/incidents/2019/10/30/hill-fire/,All road closures have been lifted.,32,33,5.0,2.0,14.0,2019-11-02T18:44:00Z,3.0,True,True,Grass,2.0,3.0,34.01778,"Granite Hill and Pyrite Street, in Jurupa Valley ",-117.4625,True,Hill Fire ,100.0,126.0,True,"Hill Fire started on October 30, 2019 off of Granite Hill and Pyrite Street, in Jurupa Valley in Riverside County.",2019-10-30T11:19:00Z,6.0,7.0,0.0,45.0,1.0,8.4,4.0,0.7874015748031497
355.0,False,CAL FIRE Nevada-Yuba-Placer Unit,2.0,6,/incidents/2019/11/25/foothills-fire/,All road closures have been lifted.,30,31,6.0,2.0,11.0,2018-01-09T13:46:00Z,3.0,True,True,Grass,2.0,3.0,38.838992,"Foothills and McAnally Drive, northwest of Roseville",-121.325842,False,Foothills Fire,100.0,151.5,True,"The Foothill Fire started November 25, 2019 off Foothills and McAnally Dr., northwest of Roseville in Placer county.",2019-11-25T12:39:44Z,6.0,7.0,0.0,45.0,4.0,12.625,4.0,0.6557377049180327
289.0,False,CAL FIRE San Benito-Monterey Unit and CAL FIRE San Luis Obispo Unit,2.0,6,/incidents/2019/10/9/cross-fire/,All road closures have been lifted.,26,"27,40",6.0,2.0,11.0,2019-10-11T07:30:00Z,3.0,True,True,Grass,2.0,3.0,35.79069,Indian Valley Road and Monterey County Line near Camp Robert's,-120.73102,False,Cross Fire,100.0,151.5,True,"The Cross Fire started October 8, 2019 off Indian Valley Road and Monterey County Line near Camp Robert's in Monterey and San Luis Obispo Counties.",2019-10-09T06:52:14Z,6.0,7.0,0.0,45.0,4.0,12.625,4.0,0.6557377049180327
289.0,False,CAL FIRE San Benito-Monterey Unit and CAL FIRE San Luis Obispo Unit,2.0,6,/incidents/2019/10/9/cross-fire/,All road closures have been lifted.,38,"27,40",6.0,2.0,11.0,2019-10-11T07:30:00Z,3.0,True,True,Grass,2.0,3.0,35.79069,Indian Valley Road and Monterey County Line near Camp Robert's,-120.73102,False,Cross Fire,100.0,151.5,True,"The Cross Fire started October 8, 2019 off Indian Valley Road and Monterey County Line near Camp Robert's in Monterey and San Luis Obispo Counties.",2019-10-09T06:52:14Z,6.0,7.0,0.0,45.0,4.0,12.625,4.0,0.6557377049180327
149.0,False,CAL FIRE Madera-Mariposa-Merced Unit,2.0,6,/incidents/2019/7/21/valley-fire/,All road closures have been lifted.,20,22,6.0,2.0,11.0,2018-01-09T13:46:00Z,3.0,True,True,Grass,2.0,3.0,37.241427," Old Hwy and Guadalupe, East of Mariposa",-120.027731,False,Valley Fire,100.0,151.5,True,"The Valley Fire started July 21, 2019 off Old Hwy and Guadalupe, East of Mariposa in Mariposa County.",2019-07-21T12:01:40Z,6.0,7.0,0.0,45.0,4.0,12.625,4.0,0.6557377049180327
137.0,False,CAL FIRE Fresno-Kings Unit,2.0,6,/incidents/2019/10/18/mud-fire/,All road closures have been lifted.,9,10,6.0,2.0,11.0,2019-10-19T15:00:00Z,3.0,True,True,Grass,2.0,3.0,36.319291,"Los Gatos Creek Road and Joaquin Rocks Lookout Road, east of Coalinga",-120.460189,False,Mud Fire ,100.0,151.5,True,"The Mud Fire started October 18, 2019 off Los Gatos Creek Road and Joaquin Rocks Lookout Road, east of Coalinga in Fresno County.",2019-10-18T12:17:32Z,6.0,7.0,0.0,45.0,4.0,12.625,4.0,0.6557377049180327
107.0,False,Lassen National Forest,2.0,6,/incidents/2019/8/7/3-2-willow-previously-h-1-fire/,All road closures have been lifted.,16,18,6.0,2.0,11.0,2018-01-09T13:46:00Z,3.0,True,True,Grass,2.0,3.0,40.900458,"Pittville Road and Sheep Flat Road, southeast of Fall River Mills",-121.320838,False,3-2 Willow (Previously H-1 Fire),100.0,151.5,True,"The H-1 fire started on August 8, 2019 at Pittville Road and Sheep Flat Road, southeast of Fall River Mills in Lassen County.",2019-08-07T18:48:57Z,6.0,7.0,0.0,45.0,4.0,12.625,4.0,0.6557377049180327
75.0,False,CAL FIRE/Riverside County Fire Department,2.0,6,/incidents/2019/10/10/wolf-fire/,All road closures have been lifted.,32,33,6.0,2.0,11.0,2019-10-12T17:22:00Z,3.0,True,True,Grass,2.0,3.0,33.8615,"Wolfskill Truck Road near Silver Creek Drive, south of Banning",-116.897333,False,Wolf Fire,100.0,151.5,True,"The Wolf Fire started October 10, 2019 off Wolfskill Truck Road near Silver Creek Drive, south of Banning in Riverside County.",2019-10-10T18:36:46Z,6.0,7.0,0.0,45.0,4.0,12.625,4.0,0.6557377049180327
40.0,False,City of Moraga,2.0,6,/incidents/2019/10/10/merrill-fire/,All road closures have been lifted.,6,7,6.0,2.0,11.0,2019-10-10T12:00:00Z,3.0,True,True,Grass,2.0,3.0,37.828267,"Merrill Circle N and Merrill Dr, Moraga",-122.103867,False,Merrill Fire,100.0,151.5,True,"The Merrill Fire started October 10, 2019 off Merrill Circle N and Merrill Dr, Moraga in Contra Costa county.",2019-10-10T06:42:19Z,6.0,7.0,0.0,45.0,4.0,12.625,4.0,0.6557377049180327
37.0,False,CAL FIRE San Diego County Fire,2.0,6,/incidents/2019/10/25/miller-fire/,All road closures have been lifted.,36,37,4.0,2.0,10.0,2019-10-27T18:05:00Z,3.0,True,True,Grass,4.0,3.0,33.259861,"Miller Lane and Cole Grade Lane, North of Valley Center ",-117.027333,True,Miller Fire,100.0,100.0,True,"The Ranch Fire started July 27, 2018 off Highway 20 near Potter Valley, northeast of Ukiah (Mendocino County). This fire was contained on September 19, 2018 and burned 410,203 acres.

Mendocino Complex - Size 459,123 total acres",2019-10-25T15:05:52Z,1.0,3.0,0.0,45.0,2.0,9.090909090909092,6.0,0.9900990099009901
35.0,False,CAL FIRE Santa Clara Unit,2.0,6,/incidents/2019/10/24/mines-fire/,All road closures have been lifted.,0,1,6.0,2.0,11.0,2019-10-27T13:55:00Z,3.0,True,True,Grass,2.0,3.0,37.62782,"Mines Rd and Del Valle Rd, southeast of Livermore",-121.68598,False,Mines Fire,100.0,151.5,True,"The Mines Fire started October 25, 2019 off Mines Rd and Del Valle Rd, southeast of Livermore in Alameda County.",2019-10-24T23:16:18Z,6.0,7.0,0.0,45.0,4.0,12.625,4.0,0.6557377049180327
35.0,False,CAL FIRE Santa Clara Unit,2.0,6,/incidents/2019/7/18/rains-fire/,All road closures have been lifted.,48,50,6.0,2.0,11.0,2019-07-18T10:29:00Z,3.0,True,True,Grass,2.0,3.0,37.420988,"Frank Raines Park on Del Puerto Canyon Road, west of Patterson",-121.371276,False,Rains Fire,100.0,151.5,True,"The Raines Fire started on July 18, 2019 in Stanislaus County.",2019-07-18T09:07:57Z,6.0,7.0,0.0,45.0,4.0,12.625,4.0,0.6557377049180327
30.0,False,CAL FIRE Shasta-Trinity Unit,2.0,6,/incidents/2019/7/12/horse-fire/,All road closures have been lifted.,43,45,6.0,2.0,11.0,2018-01-09T13:46:00Z,3.0,True,True,Grass,2.0,3.0,40.463936,"Blue Horse Rd and Saddle Trail, 2 miles NW of Olinda",-122.435492,False,Horse Fire,100.0,151.5,True,"The Horse Fire started July 12 2019 off Blue Horse Rd and Saddle Trail, 2 miles NW of Olinda in Shasta County",2019-07-12T19:08:54Z,6.0,7.0,0.0,45.0,4.0,12.625,4.0,0.6557377049180327
27.0,False,CAL FIRE Tuolumne-Calaveras Unit,2.0,6,/incidents/2019/7/18/whiskey-fire/,All road closures have been lifted.,4,5,6.0,2.0,11.0,2019-07-20T08:56:00Z,3.0,True,True,Grass,2.0,3.0,38.115224,near the Whiskey Creek Day Use area of New Hogan Lake,-120.78068,False,Whiskey Fire,100.0,151.5,True,"The Ranch Fire started July 27, 2018 off Highway 20 near Potter Valley, northeast of Ukiah (Mendocino County). This fire was contained on September 19, 2018 and burned 410,203 acres.

Mendocino Complex - Size 459,123 total acres",2019-07-18T18:31:00Z,6.0,7.0,0.0,45.0,4.0,12.625,4.0,0.6557377049180327
26.0,False,CAL FIRE San Bernardino Unit,2.0,6,/incidents/2019/8/3/la-barisa-fire/,Forward spreads stopped.,35,36,6.0,2.0,11.0,2019-08-04T06:39:00Z,3.0,True,True,Grass,2.0,3.0,34.202883,Off La Barisa Dr & Hwy 247 in Landers,-116.4449,False,La Barisa Fire,100.0,151.5,True,"The Ranch Fire started July 27, 2018 off Highway 20 near Potter Valley, northeast of Ukiah (Mendocino County). This fire was contained on September 19, 2018 and burned 410,203 acres.

Mendocino Complex - Size 459,123 total acres",2019-08-03T17:22:51Z,6.0,7.0,0.0,45.0,4.0,12.625,4.0,0.6557377049180327
25.0,False,CAL FIRE / San Diego County Fire,2.0,6,/incidents/2019/7/17/vista-fire/,The forward spread has been stopped and firefighters continue to make good progress. All evacuation warnings have been lifted. Full containment expected later today.,36,37,6.0,2.0,11.0,2019-07-18T15:58:00Z,3.0,True,True,Grass,2.0,3.0,32.794768,Off Vista De La Montana in the Dehesa area,-116.839743,True,Vista Fire,100.0,151.5,True,"The Vista Fire started on July 17, 2019 in San Diego County.",2019-07-17T17:42:04Z,6.0,7.0,0.0,45.0,4.0,12.625,4.0,0.6557377049180327
22.0,False,CAL FIRE Amador-El Dorado,2.0,6,/incidents/2019/9/29/chaparral-fire/,All road closures have been lifted.,8,9,6.0,2.0,11.0,2019-09-29T21:35:00Z,3.0,True,True,Grass,2.0,3.0,38.538467,Chaparral Drive and Latrobe Road in Latrobe,-120.965105,False,Chaparral Fire,100.0,151.5,True,"The Chaparral Fire started September 29, 2019 in the area of Chaparral Drive and Latrobe Road in Latrob.",2019-09-29T21:44:45Z,6.0,7.0,0.0,45.0,4.0,12.625,4.0,0.6557377049180327
22.0,False,CAL FIRE SCU,2.0,6,/incidents/2019/7/12/mid-fire/,All road closures have been lifted.,0,1,6.0,2.0,11.0,2019-07-12T19:20:00Z,3.0,True,True,Grass,2.0,3.0,37.093243,"patterson pass and mid way, eastern",-121.586846,False,Mid Fire,100.0,151.5,True,"The Mid Fire started July 12 2019 near Patterson Pass and Mid Way, Eastern (Alameda County)",2019-07-12T18:40:09Z,6.0,7.0,0.0,45.0,4.0,12.625,4.0,0.6557377049180327
15.0,False,CAL FIRE Santa Clara Unit,2.0,6,/incidents/2019/10/15/nustar-fire/,All road closures have been lifted.,6,7,6.0,2.0,11.0,2018-01-09T13:46:00Z,3.0,True,True,Grass,2.0,3.0,38.045866,"San Pablo Ave and Cummings Skyway, Crockett",-122.245186,False,Nustar Fire,100.0,151.5,True,"The Nustar vegetation fire started October 15, 2019 off San Pablo Ave and Cummings Skyway, Crockett in Contra Costa County. Lead agency on petroleum fire: NuStar Energy and Crockett Fire Protection District.",2019-10-15T16:17:18Z,6.0,7.0,0.0,45.0,4.0,12.625,4.0,0.6557377049180327
12.0,False,CAL FIRE / Riverside County Fire,2.0,6,/incidents/2019/8/27/sage-fire/,All road closures have been lifted.,32,33,6.0,2.0,11.0,2019-08-27T08:54:00Z,3.0,True,True,Grass,2.0,3.0,33.463991,"near the intersection of Sage Road and Highway 79, in Aguanga",-116.914799,False,Sage Fire,100.0,151.5,True,"The Sage Fire started on August 27, 2019 near the intersection of Sage Road and Highway 79, in Aguanga in Riverside County.",2019-08-27T11:33:56Z,6.0,7.0,0.0,45.0,4.0,12.625,4.0,0.6557377049180327
10.0,False,MEU,2.0,6,/incidents/2019/10/4/wilson-fire/,All road closures have been lifted.,21,23,6.0,2.0,11.0,2018-01-09T13:46:00Z,3.0,True,True,Grass,2.0,3.0,39.613783,"Highway 101 south of Sloan and Old Sherwood Road in Willits, California",-123.458782,False,Wilson Fire,100.0,151.5,True,"The Wilson Fire started on October 4th, 2019 near Highway 101, south of Sloan and Old Sherwood Road in Willits, California.",2019-10-04T18:38:09Z,6.0,7.0,0.0,45.0,4.0,12.625,4.0,0.6557377049180327
10.0,False,CAL FIRE San Mateo-Santa Cruz Unit,2.0,6,/incidents/2019/9/3/deer-fire/,All road closures have been lifted.,42,44,6.0,2.0,11.0,2019-09-06T19:48:00Z,3.0,True,True,timber,2.0,3.0,37.178353,"Deer Creek Road and Rons Road, northeast of Boulder Creek",-122.07743,False,Deer Fire,100.0,151.5,True,"The Deer Fire started September 3, 2019 off Deer Creek Road and Rons Road, northeast of Boulder Creek in Santa Cruz County.",2019-09-03T15:36:45Z,6.0,7.0,0.0,45.0,4.0,12.625,4.0,0.6557377049180327
77758.0,False,CAL FIRE Sonoma-Lake-Napa Unit,2.0,6,/incidents/2019/10/23/kincade-fire/,All road closures have been lifted.,47,49,2.0,0.0,5.0,2019-11-06T19:00:00Z,3.0,False,True,Vegetation,0.0,4.0,38.792458,"John Kincade Road and Burned Mountain Road, northeast of Geyserville",-122.780053,True,Kincade Fire,100.0,55.0,True,"The Kincade Fire started on October 23, 2018 off John Kincade Road and Burned Mountain Road, northeast of Geyserville in Sonoma County",2019-10-23T21:27:00Z,60.0,374.0,0.0,0.0,2.0,9.166666666666666,0.0,1.7857142857142858
54612.0,False,USFS Plumas National Forest,2.0,6,/incidents/2019/9/4/walker-fire/,All road closures have been lifted.,31,32,6.0,2.0,11.0,2018-01-09T13:46:00Z,3.0,False,True,Grass,2.0,3.0,40.061389,"Indian Creek and Beckworth Genesee Road, east of Genesee",-120.680556,False,Walker Fire,100.0,468.0,True,"The Walker Fire started September 4, 2019 off Indian Creek and Beckworth Genesee Road, east of Genesee in Plumas County.",2019-09-04T15:17:31Z,6.0,7.0,0.0,45.0,4.0,39.0,4.0,0.21321961620469082
14217.0,False,Modoc National Forest,2.0,6,/incidents/2019/7/28/tucker-fire/,All road closures have been lifted.,24,25,6.0,2.0,11.0,2019-08-11T12:16:00Z,3.0,False,True,Grass,2.0,3.0,41.79591,"Hwy 139 and Tucker Butte Rd, 6 miles SW of Clear Lake Reservoir",-121.260305,False,Tucker Fire,100.0,151.5,True,"The Tucker Fire started on July 28, 2019 off Hwy 139 and Tucker Butte Rd, 6 miles SW of Clear Lake Reservoir in Modoc County.",2019-07-28T15:58:00Z,6.0,7.0,0.0,45.0,4.0,12.625,4.0,0.6557377049180327
10296.0,False,Inyo National Forest     ,2.0,6,/incidents/2019/9/6/taboose-fire/,All road closures have been lifted.,12,14,8.0,1.0,8.0,2019-11-21T16:09:00Z,3.0,False,True,Grass,5.0,3.0,37.034,south west of Big Pine and north west of Aberdeen,-118.345,True,Taboose Fire,100.0,269.0,True,"Taboose Fire started on September 4, 2019 south west of Big Pine and north west of Aberdeen in Inyo County.",2019-09-06T12:43:35Z,6.0,7.0,0.0,45.0,4.0,29.88888888888889,6.0,0.37037037037037035
9999.0,False,Ventura County Fire Department ,2.0,6,/incidents/2019/10/31/maria-fire/,All road closures have been lifted.,56,56,17.0,2.0,45.0,2019-11-06T18:00:00Z,3.0,False,True,Grass,2.0,3.0,34.302212,"off of Bradley Road and Solano Verde Dr, Top of South Mt, Santa Paula",-118.997115,True,Maria Fire ,100.0,626.0,True,"Maria Fire started on October 31, 2019 off of Bradley Road and Solano Verde Dr, Top of South Mt, Santa Paula in Ventura County.",2019-10-31T20:58:28Z,6.0,4.0,0.0,45.0,3.0,13.608695652173912,4.0,0.1594896331738437
8838.0,False,CAL FIRE Tehama Glenn Unit ,3.0,6,/incidents/2019/9/5/red-bank-fire/,All road closures have been lifted.,52,52,53.0,27.0,98.0,2019-09-13T19:00:00Z,3.0,False,True,Grass,20.0,3.0,40.12,"Off Hammer Loop Road and Petty John Road, West of Red Bluff ",-122.64,True,Red Bank Fire,100.0,1936.0,True,"Red Bank Fire started on September 5, 2019 off Hammer Loop Road and Petty John Road, West of Red Bluff in Tehama County.",2019-09-05T13:19:56Z,6.0,2.0,0.0,45.0,23.0,19.555555555555557,47.0,0.05162622612287042
8799.0,False,Unified Command: Los Angeles County Fire Department and Los Angeles City Fire Department and Angeles National Forest,2.0,6,/incidents/2019/10/10/saddle-ridge-fire/,All road closures have been lifted.,17,19,6.0,2.0,11.0,2019-10-31T09:10:00Z,1.0,False,True,Brush,2.0,8.0,34.32988,"Saddle Ridge Rd, Sylmar",-118.48161,True,Saddle Ridge Fire,100.0,206.0,True,"The Saddle Ridge Fire started October 10, 2019 off Saddle Ridge Rd, Sylmar in Los Angeles County.",2019-10-10T21:02:00Z,88.0,19.0,0.0,45.0,4.0,17.166666666666668,4.0,0.4830917874396135
5737.0,False,USFS - Modoc National Forest,2.0,6,/incidents/2019/9/6/lone-fire/,All road closures have been lifted.,24,25,6.0,2.0,11.0,2019-09-13T07:19:00Z,3.0,False,True,Grass,2.0,3.0,41.748,"Pinnacle Lake, Doublehead Ranger district, Modoc National Forest",-121.056,False,Lone Fire,100.0,40.0,True,"The Lone Fire started on September 4, 2019 in the Modoc National Forest in Modoc County.",2019-09-06T11:34:27Z,6.0,7.0,0.0,45.0,4.0,3.3333333333333335,4.0,2.4390243902439024
5563.0,False,CAL FIRE Madera Mariposa Merced Unit,2.0,6,/incidents/2019/10/6/briceburg-fire/,All road closures have been lifted.,20,22,6.0,2.0,11.0,2018-01-09T13:46:00Z,3.0,False,True,Grass,2.0,3.0,37.604638,Highway 140 and Briceburg Bridge Road north of Midpines ,-119.96606,True,Briceburg Fire,100.0,19.0,True,"The Briceburg Fire started October 6, 2019 off of Highway 140 and Briceburg Bridge Road north of Midpines in Mariposa County.",2019-10-06T16:15:12Z,6.0,1.0,0.0,45.0,3.0,1.5833333333333333,4.0,5.0
5332.0,False,Shasta-Trinity National Forest ,2.0,6,/incidents/2019/9/5/south-fire/,All road closures have been lifted.,52,52,6.0,2.0,11.0,2019-12-02T16:12:00Z,3.0,False,True,Grass,2.0,3.0,40.109,"Southeast aspect of Tomhead Mountain, South of Platina",-122.789,False,South Fire,100.0,151.5,True,"South Fire started on September 5, 2019 Southeast aspect of Tomhead Mountain, South of Platina in Tehama County.",2019-09-05T19:59:46Z,6.0,7.0,0.0,45.0,4.0,12.625,4.0,0.6557377049180327
4840.0,False,USFS - Inyo National Forest,2.0,6,/incidents/2019/9/6/springs-fire/,All road closures have been lifted.,25,26,6.0,2.0,11.0,2018-01-09T13:46:00Z,3.0,False,True,Grass,2.0,3.0,37.826,"southeast of Lee Vining, CA",-118.872,False,Springs Fire,100.0,151.5,True,"The Spring Fire started on uly 26th, 2019 13 miles southeast of Lee Vinning, CA in Mono County.",2019-09-06T11:24:11Z,6.0,7.0,0.0,45.0,4.0,12.625,4.0,0.6557377049180327
4615.0,False,Los Angeles County Fire Department ,4.0,6,/incidents/2019/10/24/tick-fire/,All road closures have been lifted.,17,19,8.0,2.0,69.0,2018-01-09T13:46:00Z,3.0,False,True,Grass,0.0,3.0,34.472778,"Tick Canyon Rd and Summit Knoll Rd, Canyon Country",-118.368056,True,Tick Fire,100.0,509.0,True,"The Tick Fire started October 24, 2019 off Tick Canyon Rd and Summit Knoll Rd, Canyon Country in Los Angeles County.",2019-10-24T14:51:46Z,27.0,22.0,0.0,10.0,4.0,7.271428571428571,2.0,0.19607843137254902
3435.0,False,USFS El Dorado National Forest,2.0,6,/incidents/2019/10/11/caples-fire/,All road closures have been lifted.,8,9,6.0,2.0,11.0,2018-01-09T13:46:00Z,3.0,False,True,Grass,2.0,3.0,38.724,Northern ridge above Caples Creek north of Highway 88,-120.145,False,Caples Fire,100.0,151.5,True,"The Caples Fire started October 11, 2019 off Northern ridge above Caples Creek north of Highway 88 in El Dorado county.",2019-10-11T12:47:59Z,6.0,7.0,0.0,45.0,4.0,12.625,4.0,0.6557377049180327
3380.0,False,Bureau of Land Management ,2.0,6,/incidents/2019/8/28/r-1-fire/,All road closures have been lifted.,16,18,6.0,2.0,11.0,2019-09-04T16:22:00Z,3.0,False,True,Grass,2.0,3.0,40.593,"Hagata Canyon, east of Eagle Lake",-120.581,False,R-1 Fire,100.0,151.5,True,"The Ranch Fire started July 27, 2018 off Highway 20 near Potter Valley, northeast of Ukiah (Mendocino County). This fire was contained on September 19, 2018 and burned 410,203 acres.

Mendocino Complex - Size 459,123 total acres",2019-08-28T19:48:14Z,6.0,7.0,0.0,45.0,4.0,12.625,4.0,0.6557377049180327
3126.0,False,Los Padres National Forest,2.0,6,/incidents/2019/11/25/cave-fire-no-longer-a-cal-fire-incident/,All road closures have been lifted.,40,42,6.0,2.0,11.0,2019-12-14T08:22:00Z,3.0,False,True,Grass,2.0,3.0,34.5025,Highway 154 and E Camino Cielo near Painted Cave in the Los Padres National Forest,-119.785,False,Cave Fire (No Longer a CAL FIRE Incident),100.0,151.5,True,"The Cave Fire started November 25, 2019 near Highway 154 and E Camino Cielo near Painted Cave in the Los Padres National Forest.",2019-11-25T19:59:12Z,6.0,7.0,0.0,45.0,4.0,12.625,4.0,0.6557377049180327
2546.0,False,CAL FIRE San Benito-Monterey Unit,2.0,6,/incidents/2019/6/26/lonoak-fire/,All road closures have been lifted.,26,27,6.0,2.0,11.0,2019-06-26T18:02:00Z,3.0,False,True,Grass,2.0,3.0,36.28426,"Lonoak Rd & Airline Hwy, East of King City  ",-120.94771,False,Lonoak Fire,100.0,151.5,True,"The Lonoak Fire off Lonoak Rd & Airline Hwy, east of King City in Monterey County

 
Lonoak RD x Airline Hwy, 11 miles east of King City
State DPA, SRA, San Benito Monterey Unit",2019-06-26T09:18:22Z,6.0,7.0,0.0,45.0,4.0,12.625,4.0,0.6557377049180327
2534.0,False,CAL FIRE Tehama-Glenn Unit,2.0,6,/incidents/2019/11/3/ranch-fire/,All road closures have been lifted.,52,52,2.0,2.0,2.0,2019-11-14T18:02:00Z,3.0,False,True,Grass,2.0,4.0,40.036379,"Colyer Springs Rd and Raglin Ridge Rd, southwest of Red Bluff",-122.637837,True,Ranch Fire,100.0,69.0,True,"The Ranch Fire started November 3, 2019 off Colyer Springs Road and Raglin Ridge Road, southwest of Red Bluff in Tehama County.",2019-11-03T14:16:17Z,6.0,7.0,0.0,45.0,4.0,23.0,4.0,1.4285714285714286
2512.0,False,CAL FIRE Sonoma-Lake-Napa Unit,2.0,6,/incidents/2019/6/8/sand-fire/,All road closures have been lifted.,57,57,6.0,2.0,11.0,2019-06-17T10:40:00Z,3.0,False,True,Grass,2.0,2.0,38.88978,Guinda,-122.23922,True,Sand Fire,100.0,151.5,True,"The Sand Fire started on June 8, 2019 off County Road & Hwy 16, Rumsey (Yolo County). Contained 06-15-2019",2019-06-08T14:50:00Z,6.0,7.0,0.0,45.0,4.0,12.625,4.0,0.6557377049180327
2500.0,False,Kern County Fire and the US Fish and Wildlife Service,2.0,6,/incidents/2019/5/7/refuge-fire/,All road closures have been lifted.,13,15,6.0,2.0,11.0,2019-05-09T09:37:00Z,3.0,False,True,Grass,2.0,3.0,35.72057,"off Twisselmen Road, in the Kern National Wildlife Refuge,15 miles west of Delano",-119.62762,False,Refuge Fire,100.0,151.5,True,"Refuge Fire started on May 7, 2019 in the Kern National Wildlife Refuge in Kern County. The fire burned 2,500 acres and is now 100% contained.",2019-05-07T15:47:00Z,6.0,7.0,0.0,45.0,4.0,12.625,4.0,0.6557377049180327
2438.0,False,Bureau of Land Management,2.0,6,/incidents/2019/8/24/long-valley-fire/,All road closures have been lifted.,16,18,6.0,2.0,11.0,2019-08-27T09:01:00Z,3.0,False,True,Grass,2.0,3.0,39.892222,"Off Highway 395 and Red Rock Road, North of Hallelujah Junction",-120.029722,False,Long Valley Fire ,100.0,151.5,True,"Long Valley Fire off Highway 395 and Red Rock Road, North of Hallelujah Junction in Lassen County.",2019-08-24T17:25:04Z,6.0,7.0,0.0,45.0,4.0,12.625,4.0,0.6557377049180327
2422.0,False,CAL FIRE ,2.0,6,/incidents/2019/6/26/rock-fire/,All road closures have been lifted.,48,50,6.0,2.0,11.0,2019-06-27T19:06:00Z,3.0,False,True,Grass,2.0,3.0,37.46577,"Del Puerto Canyon Rd, east of Patterson  ",-121.28312,False,Rock Fire,100.0,151.5,True,"The Rock Fire started on June 25, 2019 off Del Puerto Canyon Rd, west of Patterson in Stanislaus County.",2019-06-26T08:54:24Z,6.0,7.0,0.0,45.0,4.0,12.625,4.0,0.6557377049180327
1975.0,False,USFS - Inyo National Forest ,2.0,6,/incidents/2019/9/6/cow-fire/,All road closures have been lifted.,12,14,6.0,2.0,11.0,2019-11-21T16:08:00Z,3.0,False,True,Grass,2.0,3.0,36.284,"Golden Trout Wilderness, Inyo National Forest",-118.228,False,Cow Fire,100.0,151.5,True,"Cow Fire started on July 25, 2019 in Golden Trout Wilderness, Inyo National Forest in Inyo County.",2019-09-06T12:23:00Z,6.0,7.0,0.0,45.0,4.0,12.625,4.0,0.6557377049180327
1926.0,False,CAL FIRE/Riverside County Fire Department ,2.0,6,/incidents/2019/9/4/tenaja/,All road closures have been lifted.,32,33,0.0,1.0,1.0,2019-09-14T19:00:00Z,3.0,False,True,grass and brush,2.0,3.0,33.528469,"Tenaja Road and Clinton Keith Road, in La Cresta",-117.273157,True,Tenaja,100.0,35.0,True,"The Tenaja Fire started September 4, 2019 off Tenaja Road and Clinton Keith Road, in La Cresta in Riverside County.",2019-09-04T16:43:36Z,2.0,0.0,0.0,0.0,1.0,17.5,3.0,2.7777777777777777
1872.0,False,Klamath National Forest,2.0,6,/incidents/2019/9/7/lime-fire/,All road closures have been lifted.,45,47,6.0,2.0,11.0,2018-01-09T13:46:00Z,3.0,False,True,Grass,2.0,3.0,41.862237,"Ash Creek and Highway 96, Southwest of Hornbrook",-122.662258,False,Lime Fire,100.0,515.0,True,"The Ranch Fire started July 27, 2018 off Highway 20 near Potter Valley, northeast of Ukiah (Mendocino County). This fire was contained on September 19, 2018 and burned 410,203 acres.

Mendocino Complex - Size 459,123 total acres",2019-09-07T08:36:32Z,6.0,7.0,0.0,45.0,4.0,42.916666666666664,4.0,0.1937984496124031
1764.0,False,CAL FIRE San Luis Obispo County ,2.0,6,/incidents/2019/6/12/mcmillan-fire/,All road closures have been lifted.,38,40,6.0,2.0,11.0,2019-06-24T10:25:00Z,3.0,False,True,Grass,2.0,3.0,35.66318,"Highway 46 East and McMillan Canyon Road, North of Shandon",-120.41128,False,McMillan Fire,100.0,151.5,True,"#McMillanFire off HWY 46 East and McMillan Canyon Road, North of Shandon in San Luis Obispo County. This fire was contained on June 14, 2019.",2019-06-12T12:48:00Z,6.0,7.0,0.0,45.0,4.0,12.625,4.0,0.6557377049180327
1507.0,False,Unified Command: CAL FIRE and Mexican Fire Agency Consulate Emergency Services Fire Department,2.0,6,/incidents/2019/8/16/border-8-fire/,"Threat to City of Tecate, Mexico",23,62,6.0,2.0,11.0,2019-08-17T14:30:00Z,3.0,False,True,Grass,2.0,3.0,32.573437,"City of Tecate, southeast of San Diego ",-116.658735,False,Border 8 Fire,100.0,151.5,True,"The Border 8 Fire started on August 14, 2019 near Tecate Mexico.",2019-08-16T06:14:55Z,6.0,7.0,0.0,45.0,4.0,12.625,4.0,0.6557377049180327
1350.0,False,Sutter County Fire Department,2.0,6,/incidents/2019/6/8/west-butte-fire/,All road closures have been lifted.,51,51,6.0,2.0,11.0,2019-06-17T15:16:00Z,3.0,False,True,Grass,2.0,3.0,39.28926,"North Butte Rd & West Butte Rd, northeast of Colusa",-121.85906,False,West Butte Fire,100.0,151.5,True,"The West Butte Fire started on June 8, 2019 off North Butte Rd & West Butte Rd, northeast of Colusa in Sutter County. This fire was contained on June 10, 2019.",2019-06-08T14:37:00Z,6.0,7.0,0.0,45.0,4.0,12.625,4.0,0.6557377049180327
1301.0,False,Oregon Department of Forestry,2.0,6,/incidents/2019/8/9/ward-fire/,All CAL FIRE Resources have been released from this incident.,50,61,6.0,2.0,11.0,2019-08-18T16:33:00Z,3.0,False,True,Grass,2.0,3.0,42.033,"Highway 66 and Ward Rd, 13 miles west of Keno, Oregon",-122.175,False,Ward Fire,100.0,151.5,True,"The Ward Fire started August 9 2019 near Highway 66 and Ward Rd, 13 miles west of Keno, Oregon",2019-08-09T23:08:25Z,6.0,7.0,0.0,45.0,4.0,12.625,4.0,0.6557377049180327
1165.0,False,CAL FIRE NEU,2.0,6,/incidents/2019/7/13/jasper-fire/,Full containment expected on 7/16 at 6 p.m.,49,59,6.0,2.0,11.0,2019-07-16T08:50:00Z,3.0,False,True,Grass,2.0,3.0,39.631945,"Chimney Rd and Barrel Springs Rd, 2 miles North of Sun Valley Nevada",-119.769881,False,Jasper Fire,100.0,151.5,True,"The Jasper Fire Started July 13 2019 near Chimney Rd and Barrel Springs Rd, 2 miles North of Sun Valley Nevada Washoe County Nevada",2019-07-13T18:42:22Z,6.0,7.0,0.0,45.0,4.0,12.625,4.0,0.6557377049180327
1127.0,False,CAL FIRE San Luis Obispo Unit,2.0,6,/incidents/2019/6/5/boulder-fire/,All road closures have been lifted.,38,40,6.0,2.0,11.0,2019-06-11T14:49:00Z,3.0,False,True,Grass,2.0,3.0,35.343761,"off Highway 58 and Boulder Creek Road, California Valley",-119.913717,False,Boulder Fire,100.0,151.5,True,"The Boulder Fire started June 5, 2019 off Highway 58 and Boulder Creek Road, California Valley (San Luis Obispo). This fire was contained on June 5, 2019.",2019-06-05T10:49:00Z,6.0,7.0,0.0,45.0,4.0,12.625,4.0,0.6557377049180327
1020.0,False,USFS Lassen National Forest,2.0,6,/incidents/2019/8/8/w1-mcdonald-fire/,"Final acreage: 1,020 (829 acres BLM and 191 Private).",16,18,6.0,2.0,11.0,2019-08-11T11:35:00Z,3.0,False,True,Grass,2.0,3.0,40.943799,"Cold Springs Rd and McDonald Peak, 11 miles southeast of Madeline",-120.275298,False,W1 McDonald Fire,100.0,151.5,True,"The W1 Fire started on August 8 2019 near Cold Springs Rd and 
McDonald Peak, 11 miles southeast of Madeline Lassen County.",2019-08-08T18:42:41Z,6.0,7.0,0.0,45.0,4.0,12.625,4.0,0.6557377049180327
974.0,False,CAL FIRE San Luis Obispo Unit,2.0,6,/incidents/2019/7/8/gillis-fire/,All road closures have been lifted.,38,40,6.0,2.0,11.0,2019-07-09T18:22:00Z,3.0,False,True,Grass,2.0,3.0,35.63111111,Gillis Canyon and South East of Shandon,-120.26916667,False,Gillis Fire,100.0,151.5,True,"The Gillis Fire started July 8, 2019 off Gillis Canyon and South East of Shandon in San Luis Obispo County.",2019-07-08T16:44:08Z,6.0,7.0,0.0,45.0,4.0,12.625,4.0,0.6557377049180327
835.0,False,CAL FIRE San Luis Obispo Unit,2.0,6,/incidents/2019/5/29/belmont-fire/,All road closures have been lifted.,38,40,6.0,2.0,11.0,2019-06-03T08:44:00Z,3.0,False,True,Grass,2.0,3.0,35.30759,"Belmont & Costa Mesa Rd, In California Valley",-119.96498,False,Belmont Fire,100.0,151.5,True,"The Belmont Fire started on May 29, 2019 off Belmont & Costa Mesa Rd, in California Valley (San Luis Obispo County) and burned 835 acres. It was contained on May 31, 2019.",2019-05-29T17:10:00Z,6.0,7.0,0.0,45.0,4.0,12.625,4.0,0.6557377049180327
757.0,False,Unified Command: CAL FIRE Santa Clara Unit and East Contra Costa Fire Protection District,2.0,6,/incidents/2019/8/3/marsh-complex/,All road closures have been lifted.,6,7,6.0,2.0,11.0,2019-08-06T18:42:00Z,3.0,False,True,Grass,2.0,3.0,37.908362,"Marsh Creek Rd and Morgan Territory Rd, southwest of Brentwood",-121.872941,False,Marsh Complex,100.0,151.5,True,"The Ranch Fire started July 27, 2018 off Highway 20 near Potter Valley, northeast of Ukiah (Mendocino County). This fire was contained on September 19, 2018 and burned 410,203 acres.

Mendocino Complex - Size 459,123 total acres",2019-08-03T03:16:00Z,6.0,7.0,0.0,45.0,4.0,12.625,4.0,0.6557377049180327
756.0,False,CAL FIRE Tulare Unit,0.0,6,/incidents/2019/8/31/creek-fire/,All road closures have been lifted.,54,54,9.0,0.0,11.0,2018-01-09T13:46:00Z,3.0,False,True,Grass,2.0,3.0,36.40193,"Dry Creek Dr and Lomitas Drive, east of Woodlake",-119.030621,False,Creek Fire,100.0,185.0,True,"The Creek Fire started on August 31, 2019 at Dry Creek Dr and Lomitas Dr,  east of Woodlake in Tulare County.",2019-08-31T15:31:59Z,0.0,0.0,0.0,45.0,2.0,15.416666666666666,2.0,0.5376344086021505
745.0,False, Los Angeles Fire Department,2.0,6,/incidents/2019/10/28/getty-fire/,All road closures have been lifted.,17,19,6.0,2.0,11.0,2019-11-05T17:30:00Z,3.0,False,True,Grass,2.0,3.0,34.098191,East Sepulveda Blvd and I-405 near Los Angeles City ,-118.478717,False,Getty Fire ,100.0,151.5,True,"The Getty Fire started October 28, 2019 off East Sepulveda Blvd and I-405 in Los Angeles county.",2019-10-28T06:46:55Z,6.0,7.0,0.0,45.0,4.0,12.625,4.0,0.6557377049180327
703.0,False,CAL FIRE Mendocino Unit,2.0,6,/incidents/2019/10/27/burris-fire/,All road closures have been lifted.,21,23,6.0,2.0,11.0,2019-11-03T18:52:00Z,3.0,False,True,Grass,2.0,3.0,39.22431,"Potter Valley Road and  Highway 20, east of Calpella in Mendocino County",-123.12887,False,Burris Fire,100.0,151.5,True,"The Burris Fire started October 27, 2019 off Potter Valley Rd and  Hwy 20, east of Calpella in Mendocino County.",2019-10-27T14:54:40Z,6.0,7.0,0.0,45.0,4.0,12.625,4.0,0.6557377049180327
604.0,False,CAL FIRE Nevada-Yuba-Placer Unit,2.0,6,/incidents/2019/9/20/baseline-fire/,All road closures have been lifted.,30,31,6.0,2.0,11.0,2018-01-09T13:46:00Z,3.0,False,True,Grass,2.0,3.0,38.751648,"Baseline Road and Country Acres Lane, north of Rio Linda ",-121.432636,False,Baseline Fire ,100.0,151.5,True,"The Baseline Fire started September 20, 2019 off Baseline Road and Country Acres Lane, north of Rio Linda in Placer County.",2019-09-20T15:02:08Z,6.0,7.0,0.0,45.0,4.0,12.625,4.0,0.6557377049180327
600.0,False,CAL FIRE Shasta-Trinity Unit,2.0,6,/incidents/2019/8/22/mountain-fire/,All road closures have been lifted.,43,45,8.0,2.0,9.0,2019-08-26T17:00:00Z,3.0,False,True,Grass,2.0,3.0,40.715556,"Bear Mountain Road and Dry Creek Road, north of Bella Vista",-122.241944,True,Mountain Fire,100.0,187.0,True,"The Mountain Fire started August 22, 2019 off Bear Mountain Road and Dry Creek Road, north of Bella Vista in Shasta County.",2019-08-22T11:02:09Z,7.0,14.0,0.0,45.0,4.0,18.7,4.0,0.5319148936170213
600.0,False,CAL FIRE Santa Clara Unit,2.0,6,/incidents/2019/6/7/stuhr-fire/,All road closures have been lifted.,48,50,6.0,2.0,11.0,2019-06-11T17:14:00Z,3.0,False,True,Grass,2.0,3.0,37.25988,"Interstate 5 and Pete Miller Road, southwest of Newman",-121.09375,False,Stuhr Fire,100.0,151.5,True,"The Stuhr Fire started on June 7, 2018 near Interstate 5 and Pete Miller Road, 4 miles southwest of Newman in Stanislaus County. This fire was contained on June 9, 2019.",2019-06-07T16:55:00Z,6.0,7.0,0.0,45.0,4.0,12.625,4.0,0.6557377049180327
526.0,False,Unified Command: CAL FIRE Sonoma-Lake-Napa Unit and American Canyon Fire Protection District,2.0,6,/incidents/2019/10/6/american-fire/,All road closures have been lifted.,27,28,6.0,1.0,15.0,2019-10-07T18:34:00Z,3.0,False,True,Grass,1.0,3.0,38.165873,"American Canyon and Highway 80, east of American Canyon",-122.211671,False,American Fire,100.0,163.0,True,"The American Fire started on October 6, 2019 off of American Canyon and Highway 80, east of American Canyon in Napa County.",2019-10-06T16:36:50Z,6.0,1.0,0.0,45.0,4.0,10.1875,2.0,0.6097560975609756
525.0,False,CAL FIRE/Riverside County Fire Department,2.0,6,/incidents/2019/6/21/jerry-fire/,All road closures have been lifted.,32,33,6.0,2.0,11.0,2019-06-24T11:43:00Z,3.0,False,True,Grass,2.0,3.0,33.919507,"off Gilman Springs Road, between Highway 60 and Jack Rabbit Trail",-117.103765,False,Jerry Fire,100.0,151.5,True,"The Jerry Fire started on June 21, 2019 off Gilman Springs Road, between Highway 60 and Jack Rabbit Trail in Riverside County. The Jerry Fire was contained on June 23, 2019.",2019-06-21T13:02:00Z,6.0,7.0,0.0,45.0,4.0,12.625,4.0,0.6557377049180327
520.0,False,CAL FIRE RRU (Riverside County Fire),2.0,6,/incidents/2019/9/14/horseshoe-fire/,All road closures have been lifted.,32,33,8.0,2.0,34.0,2018-01-09T13:46:00Z,3.0,False,True,Grass and Brush,1.0,3.0,33.4853,"Horseshoe Trail and Stagecoach Road, Juniper Flats",-117.043723,True,Horseshoe Fire ,100.0,235.0,True,"Horseshoe Fire  started on September 14, 2019 Off Horseshoe Trail and Stagecoach Road, Juniper Flats in Riverside County.",2019-09-14T17:53:00Z,6.0,7.0,0.0,45.0,3.0,6.714285714285714,3.0,0.423728813559322
496.0,False,CAL FIRE Butte County Fire ,0.0,6,/incidents/2019/9/7/swedes-fire/,All road closures have been lifted.,3,4,0.0,2.0,0.0,2019-09-13T19:00:00Z,3.0,False,True,Grass,0.0,3.0,39.45296,"Swedes Flat Road and Oro Bangor Highway, east of Oroville",-121.412619,True,Swedes Fire,100.0,16.0,True,"The Swedes Fire started September 7, 2019 off Swedes Flat Road and Oro Banger Highway, east of Oroville in Butte County.",2019-09-07T15:06:00Z,0.0,2.0,0.0,45.0,6.0,16.0,2.0,5.882352941176471
448.0,False,City of San Diego Fire-Rescue ,2.0,6,/incidents/2019/8/1/caliente-fire/,All road closures have been lifted.,36,37,6.0,2.0,11.0,2019-08-03T09:10:00Z,3.0,False,True,Grass,2.0,3.0,32.575556,"Off Airway Road and Caliente Ave, in San Ysidro ",-117.026667,False,Caliente Fire,100.0,151.5,True,"The Caliente Fire started on August 1, 2019 Off Airway Road and Caliente Ave, in San Ysidro in San Diego County",2019-08-01T14:53:15Z,6.0,7.0,0.0,45.0,4.0,12.625,4.0,0.6557377049180327
448.0,False,Kern County Fire Department,2.0,6,/incidents/2019/7/31/mesa-fire/,All road closures have been lifted.,13,15,6.0,2.0,11.0,2018-01-09T13:46:00Z,3.0,False,True,Grass,2.0,3.0,35.60989,"near Quail Dr and Bobcat Dr in the Kern River Valley, South of Lake Isabela",-118.41204,False,Mesa Fire ,100.0,151.5,True,"The Mesa Fire started July 31, 2019 near Quail Dr and Bobcat Dr in the Kern River Valley, South of Lake Isabela in Kern County.",2019-07-31T17:13:53Z,6.0,7.0,0.0,45.0,4.0,12.625,4.0,0.6557377049180327
423.0,False,CAL FIRE Madera-Mariposa-Merced Unit,2.0,6,/incidents/2019/8/15/hunter-fire/,All road closures have been lifted.,20,22,6.0,2.0,11.0,2018-01-09T13:46:00Z,3.0,False,True,Grass,2.0,3.0,37.532028,"Bear Valley Rd and Cotton Creek Rd, east of Snelling",-120.208019,False,Hunter Fire,100.0,151.5,True,"The Hunter fire started August 15, 2019 off Bear Valley Rd and Cotton Creek Rd, east of Snelling in Mariposa County.",2019-08-15T15:15:56Z,6.0,7.0,0.0,45.0,4.0,12.625,4.0,0.6557377049180327
420.0,False,Santa Barbara County Fire Department,2.0,6,/incidents/2019/10/17/real-fire/,All road closures have been lifted.,40,42,6.0,2.0,11.0,2019-10-21T06:00:00Z,3.0,False,True,Grass,2.0,3.0,34.484722,Calle Real & Hwy 101 west of El Capitan ,-120.190833,False,Real Fire,100.0,151.5,True,"The Real Fire started on October 17, 2019 off Calle Real & Hwy 101 west of El Capitan in Santa Barbara County.",2019-10-17T16:31:00Z,6.0,7.0,0.0,45.0,4.0,12.625,4.0,0.6557377049180327
381.0,False,USFS - Sequoia National Forest,2.0,6,/incidents/2019/9/6/broder-fire/,All road closures have been lifted.,54,54,6.0,2.0,11.0,2018-01-09T13:46:00Z,3.0,False,True,Grass,2.0,3.0,36.151,Northeast of Broder Meadow,-118.185,False,Broder Fire,100.0,9.0,True,"Broder Fire started on August 8, 2019 Northeast of Broder Meadow, Sequoia National Forest",2019-09-06T12:39:18Z,6.0,7.0,0.0,45.0,4.0,0.75,4.0,10.0
350.0,False,CAL FIRE / Riverside County Fire ,2.0,6,/incidents/2019/10/10/reche-fire/,All road closures have been lifted.,32,33,6.0,2.0,11.0,2019-10-13T07:30:00Z,3.0,False,True,Grass,2.0,3.0,33.975405,"Reche Canyon Rd and Jordan Dr, Moreno Valley",-117.207068,True,Reche Fire,100.0,151.5,True,"The Reche Vegetation Fire started on October 10, 2019 near Reche Canyon Rd and Jordan Dr, Moreno Valley in Riverside County.",2019-10-10T14:18:17Z,1.0,1.0,0.0,45.0,4.0,12.625,4.0,0.6557377049180327
328.0,False,CAL FIRE Riverside County Fire Department,2.0,6,/incidents/2019/10/31/46-fire/,All road closures have been lifted.,32,33,6.0,2.0,11.0,2019-11-03T16:15:00Z,3.0,False,True,Grass,2.0,3.0,33.985972,"5300 block of 46th Street, East Jurupa Valley ",-117.414111,False,46 Fire,100.0,151.5,True,"46 Fire started on October 31, 2019 off of 5300 block of 46th Street, East of Jurupa Valley in Riverside County.",2019-10-31T06:22:34Z,6.0,7.0,0.0,45.0,4.0,12.625,4.0,0.6557377049180327
316.0,False,CAL FIRE San Benito - Monterey Unit,2.0,6,/incidents/2019/7/29/lake-fire/,All road closures have been lifted.,26,27,6.0,2.0,11.0,2018-01-09T13:46:00Z,3.0,False,True,Grass,2.0,3.0,35.908333,"near Lake San Antonio, Jolon Road and New Pleyto Road, Lockwood ",-120.984167,False,Lake Fire,100.0,151.5,True,"The Lake Fire started on July 29, 2019 near Lake San Antonio, Jolon Road and New Pleyto Road, Lockwood in Monterey County.",2019-07-29T15:43:48Z,6.0,7.0,0.0,45.0,4.0,12.625,4.0,0.6557377049180327
300.0,False,CAL FIRE Butte/ Butte County Fire,2.0,6,/incidents/2019/9/28/hwy-fire/,All road closures have been lifted.,3,4,6.0,2.0,11.0,2019-09-28T18:40:00Z,3.0,False,True,Grass,2.0,3.0,39.622137,"Off of Hwy 99 and Hwy 149, Southeast of Chico",-121.693472,False,Hwy Fire,100.0,151.5,True,"Hwy Fire started on September 28, 2019 off of Hwy 99 and Hwy 149, Southeast of Chico in Butte County.",2019-09-28T17:48:10Z,6.0,7.0,0.0,45.0,4.0,12.625,4.0,0.6557377049180327
283.0,False,CAL FIRE Santa Clara Unit,2.0,6,/incidents/2019/7/3/hollow-fire/,All road closures have been lifted.,37,39,6.0,2.0,11.0,2019-07-05T07:50:00Z,3.0,False,True,Grass,2.0,3.0,37.63206,"West Corral Hollow Road, Carnegie State Vehicular Recreational Area, southwest of Tracy",-121.538382,False,Hollow Fire,100.0,151.5,True,"The Hollow Fire started July 3, 2019 off West Corral Hollow Road, Carnegie State Vehicular Recreational Area, southwest of Tracy in San Joaquin County.",2019-07-03T15:34:12Z,6.0,7.0,0.0,45.0,4.0,12.625,4.0,0.6557377049180327
280.0,False,Shasta-Trinity National Forest,2.0,6,/incidents/2019/9/7/rams-horn-fire/,All road closures have been lifted.,53,53,6.0,2.0,11.0,2019-09-12T10:08:00Z,3.0,False,True,Grass,2.0,3.0,41.150392,"Highway 3 and Bear Creek Loop, Northeast of Coffee Creek",-122.634108,False,Rams Horn Fire,100.0,259.0,True,"The Ranch Fire started July 27, 2018 off Highway 20 near Potter Valley, northeast of Ukiah (Mendocino County). This fire was contained on September 19, 2018 and burned 410,203 acres.

Mendocino Complex - Size 459,123 total acres",2019-09-07T08:49:58Z,6.0,7.0,0.0,45.0,4.0,21.583333333333332,4.0,0.38461538461538464
280.0,False,Los Padres National Forest,2.0,6,/incidents/2019/7/30/mill-fire/,All road closures have been lifted.,26,27,6.0,2.0,11.0,2019-08-12T08:20:00Z,3.0,False,True,Grass,2.0,3.0,36.008889,"In Los Padres National Forest, West of Fort Hunter Liggett ",-121.466944,False,Mill Fire,100.0,151.5,True,"The Mill Fire started on July 30, 2019 in Los Padres National Forest, West of Fort Hunter Liggett in Monterey County.",2019-07-30T13:28:17Z,6.0,7.0,0.0,45.0,4.0,12.625,4.0,0.6557377049180327
279.0,False,Los Padres National Forest,2.0,6,/incidents/2019/9/1/snail-fire/,All road closures have been lifted.,56,56,6.0,2.0,11.0,2019-09-05T08:14:00Z,3.0,False,True,Grass,2.0,3.0,34.71011,3 miles northwest of Reyes Creek,-119.3547,False,Snail Fire,100.0,151.5,True,"The Snail Fire started September 1, 2019 3 miles northwest of Reyes Creek in Ventura County",2019-09-01T17:37:43Z,6.0,7.0,0.0,45.0,4.0,12.625,4.0,0.6557377049180327
263.0,False,Susanville Bureau of Land Management,2.0,6,/incidents/2019/7/5/snowstorm-fire/,Not a CAL FIRE Incident. Please contact the Bureau of Land Management for more information.,16,18,6.0,2.0,11.0,2019-07-06T07:49:00Z,3.0,False,True,Grass,2.0,3.0,40.679318,"Snowstorm Rd, south of Ravendale",-120.392768,False,Snowstorm Fire,100.0,151.5,True,"The Ranch Fire started July 27, 2018 off Highway 20 near Potter Valley, northeast of Ukiah (Mendocino County). This fire was contained on September 19, 2018 and burned 410,203 acres.

Mendocino Complex - Size 459,123 total acres",2019-07-05T16:37:04Z,6.0,7.0,0.0,45.0,4.0,12.625,4.0,0.6557377049180327
260.0,False,Bureau of Land Management - Northern CA District,2.0,6,/incidents/2019/9/6/r-6-fire/,All road closures have been lifted.,16,18,6.0,2.0,11.0,2019-09-11T18:30:00Z,3.0,False,True,Grass,2.0,3.0,44.734,"North of Fredonyer Peak, southwest of Termo",-120.606,False,R-6 Fire,100.0,40.0,True,"The R-6 Fire started on September 9, 2019 off North of Fredonyer Peak, southwest of Termo in Lassen County.",2019-09-06T13:20:00Z,6.0,7.0,0.0,45.0,4.0,3.3333333333333335,4.0,2.4390243902439024
257.0,False,CAL FIRE Tulare Unit,2.0,6,/incidents/2019/6/2/citrus-fire/,All road closures have been lifted.,54,54,6.0,2.0,11.0,2019-06-11T14:48:00Z,3.0,False,True,Grass,2.0,3.0,36.18479,"Off Rd 256 & Ave 220, east of Strathmore",-118.99229,False,Citrus Fire,100.0,151.5,True,"The Citrus Fire started on June 2, 2019 off Rd 256 & Ave 220, east of Strathmore (Tulare County) and burned 257 acres. It was contained on June 3, 2019.",2019-06-02T16:12:00Z,6.0,7.0,0.0,45.0,4.0,12.625,4.0,0.6557377049180327
250.0,False,Riverside City Fire Department,2.0,6,/incidents/2019/9/7/sycamore-fire/,All road closures have been lifted.,32,33,6.0,2.0,11.0,2019-09-08T18:00:00Z,3.0,False,True,grass,2.0,3.0,33.9369,"Kangaroo Court and River Ridge Drive, Riverside ",-117.3063,False,Sycamore Fire,100.0,151.5,True,"Sycamore Fire started on September 7, 2019 off Kangaroo Court and River Ridge Drive, Riverside, in Riverside County.",2019-09-07T20:31:46Z,6.0,7.0,0.0,45.0,4.0,12.625,4.0,0.6557377049180327
244.0,False,USFS Mendocino National Forest ,2.0,6,/incidents/2019/9/5/henthorne-fire/,All road closures have been lifted.,53,53,6.0,2.0,11.0,2019-09-18T12:17:00Z,3.0,False,True,Grass,2.0,3.0,40.062304,"Yolla Bolly Middle Eel Wilderness near Henthorne Lake, North of Covelo",-123.222196,False,Henthorne Fire,100.0,151.5,True,"1-1 Henthorne Fire started on September 5, 2019 Yolla Bolly Middle Eel Wilderness near Henthorne Lake, North of Covelo in Trinity County.",2019-09-05T09:25:00Z,6.0,7.0,0.0,45.0,4.0,12.625,4.0,0.6557377049180327
244.0,False,CAL FIRE Madera-Mariposa-Merced Unit,2.0,6,/incidents/2019/7/8/lake-fire/,All road closures have been lifted.,20,22,6.0,2.0,11.0,2018-01-09T13:46:00Z,3.0,False,True,Grass,2.0,3.0,37.524378,"McSwain Entrance and Lake McClure Rd, Hornitos",-120.296551,False,Lake Fire,100.0,151.5,True,"The Lake Fire started on July 8, 2019 off McSwain Entrance and Lake McClure Rd, Hornitos in Mariposa County.",2019-07-08T15:30:14Z,6.0,7.0,0.0,45.0,4.0,12.625,4.0,0.6557377049180327
240.0,False,CAL FIRE SCU,2.0,6,/incidents/2019/8/9/harte-fire/,All road closures have been lifted.,0,1,6.0,2.0,11.0,2018-01-09T13:46:00Z,3.0,False,True,Grass,2.0,3.0,37.708743,"Central Pkwy and Croak Rd, 4 miles east of Dublin",-121.841879,False,Harte Fire,100.0,151.5,True,"The Harte Fire started on August 9 2019 near Central Pkwy and Croak Rd, 4 miles east of Dublin Alameda County",2019-08-09T15:09:50Z,6.0,7.0,0.0,45.0,4.0,12.625,4.0,0.6557377049180327
227.0,False,Klamath National Forest,2.0,6,/incidents/2019/9/7/kidder-2-fire/,All road closures have been lifted.,45,47,6.0,2.0,11.0,2019-09-26T08:00:00Z,3.0,False,True,Grass,2.0,3.0,41.4929742,"Marble Mountain Wilderness and Kidder Creek, Northwest of Etna",-123.2129356,False,Kidder 2 Fire,100.0,151.5,True,"The Ranch Fire started July 27, 2018 off Highway 20 near Potter Valley, northeast of Ukiah (Mendocino County). This fire was contained on September 19, 2018 and burned 410,203 acres.

Mendocino Complex - Size 459,123 total acres",2019-09-07T08:47:46Z,6.0,7.0,0.0,45.0,4.0,12.625,4.0,0.6557377049180327
225.0,False,CAL FIRE Mendocino Unit,2.0,6,/incidents/2019/8/12/moose-fire/,Fire resources will continue patrolling and mopping up.  Suppression repair work has begun.,21,23,16.0,1.0,16.0,2019-08-17T18:15:00Z,3.0,False,True,Grass,2.0,3.0,39.005262,Off Moose Rd & Bus McGall Rd northwest of Hopland,-123.195306,True,Moose Fire,100.0,328.0,True,"The Moose Fire started August 15, 2019 Off Moose Rd & Bus McGall Rd northwest of Hopland in Mendocino county.",2019-08-12T17:10:00Z,6.0,7.0,0.0,45.0,6.0,19.294117647058822,3.0,0.303951367781155
220.0,False,Los Padres National Forest,0.0,6,/incidents/2019/9/21/lopez-fire/,All road closures have been lifted.,38,40,8.0,4.0,20.0,2019-09-27T18:00:00Z,3.0,False,True,Grass,2.0,4.0,35.214364,"Upper Lopez Canyon Road & Wittenberg Creek Rd, southeast of San Luis Obispo",-120.455883,True,Lopez Fire,100.0,515.0,True,"The Lopez Fire started on September 9, 2019 off Upper Lopez Canyon Rd & Wittenberg Creek Rd, southeast of San Luis Obispo in San Luis Obispo County.",2019-09-21T14:26:00Z,6.0,0.0,0.0,24.0,2.0,24.523809523809526,6.0,0.1937984496124031
214.0,False,CAL FIRE / Riverside County Fire,2.0,6,/incidents/2019/6/29/wolf-fire/,All road closures have been lifted.,32,33,6.0,2.0,11.0,2019-06-30T15:51:00Z,3.0,False,True,Grass,2.0,3.0,33.911,"Off of Lamb Canyon Road and California Avenue, Southeast of Beaumont",-116.980528,False,Wolf Fire ,100.0,151.5,True,"Wolf Fire started on June 29, 2019 Off of Lamb Canyon Road and California Avenue, Southeast of Beaumont in Riverside County.",2019-06-29T12:54:13Z,6.0,7.0,0.0,45.0,4.0,12.625,4.0,0.6557377049180327
213.0,False,CAL FIRE Madera-Mariposa-Merced Unit,2.0,6,/incidents/2019/7/15/madera-fire/,All road closures have been lifted.,18,20,6.0,2.0,11.0,2019-07-16T06:49:00Z,3.0,False,True,Grass,2.0,3.0,37.016944,"Off Road 33 and Highway 145, Bonadelle",-119.934167,False,Madera Fire ,100.0,151.5,True,"Madera Fire started on July 15,2019 off Road 33 and Highway 145, Bonadelle in Madera County.",2019-07-15T18:19:31Z,6.0,7.0,0.0,45.0,4.0,12.625,4.0,0.6557377049180327
210.0,False,CAL FIRE Madera- Mariposa- Merced Unit ,2.0,6,/incidents/2019/6/29/merced-fire/,All road closures have been lifted.,22,24,6.0,2.0,11.0,2019-07-02T15:51:00Z,3.0,False,True,Grass,2.0,3.0,37.312877,"Off of Merced Fall Road and La Grange Road, East of Snelling",-120.242411,False,Merced Fire ,100.0,151.5,True,"Merced Fire started on June 29, 2019 off of Merced Fall Road and La Grange Road, East of Snelling in Merced County. It was contained on July 2, 2019.",2019-06-29T15:09:52Z,6.0,7.0,0.0,45.0,4.0,12.625,4.0,0.6557377049180327
210.0,False,CAL FIRE Santa Clara Unit,2.0,6,/incidents/2019/6/9/malech-fire/,All road closures have been lifted.,41,43,6.0,2.0,11.0,2019-06-11T17:17:00Z,3.0,False,True,Grass,2.0,3.0,37.21638,"Malech Rd & Bailey Rd, South San Jose",-121.70768,False,Malech Fire,100.0,151.5,True,"The Malech Fire started on June 9, 2019 off Malech Rd & Bailey Rd, South San Jose in Santa Clara County.",2019-06-09T14:29:00Z,6.0,7.0,0.0,45.0,4.0,12.625,4.0,0.6557377049180327
208.0,False,Kern County Fire Department,2.0,6,/incidents/2019/7/21/tejon-fire/,All road closures have been lifted.,13,15,6.0,2.0,11.0,2018-01-09T13:46:00Z,3.0,False,True,Grass,2.0,3.0,34.9008333,"  I 5 and Diger Rd, South of Bakersfield",-118.9183333,False,Tejon Fire,100.0,151.5,True,"The Tejon Fire started July 21, 2019 off  I 5 and Diger Rd, South of Bakersfield in Kern county.",2019-07-21T15:30:17Z,6.0,7.0,0.0,45.0,4.0,12.625,4.0,0.6557377049180327
207.0,False,USFS Klamath National Forest,2.0,6,/incidents/2019/6/17/lumgrey-fire/,All road closures have been lifted.,45,47,6.0,2.0,11.0,2019-06-24T16:56:00Z,3.0,False,True,Grass,2.0,3.0,39.28926,"off Highway 96 and Lumgrey Road, West of Gottsville",-121.85906,False,Lumgrey Fire,100.0,151.5,True,"The Lumgrey Fire started June 17, 2019 off Highway 96 and Lumgrey Road, West of Gottsville (Siskiyou County).",2019-06-17T17:50:00Z,6.0,7.0,0.0,45.0,4.0,12.625,4.0,0.6557377049180327
202.0,False,CAL FIRE Tuolumne-Calaveras Unit ,2.0,6,/incidents/2019/7/15/milton-fire/,All road closures have been lifted.,48,50,6.0,2.0,11.0,2019-07-16T06:48:00Z,3.0,False,True,Grass,2.0,3.0,37.944751,"Off of Milton Road and Highway 4, North of Oakdale ",-120.84372,False,Milton Fire ,100.0,151.5,True,"Milton Fire started on July 15,2019 off of Milton Road and Highway 4, North of Oakdale in Stanislaus County.",2019-07-15T10:49:00Z,6.0,7.0,0.0,45.0,4.0,12.625,4.0,0.6557377049180327
200.0,False,San Bernardino County Fire Department/ San Bernardino Nation Forest Service,2.0,6,/incidents/2019/10/31/hillside-fire/,All road closures have been lifted.,35,36,6.0,2.0,11.0,2019-11-05T09:03:00Z,3.0,False,True,Grass,2.0,3.0,34.183,"off of W 59th and Hill Dr, in San Bernardino National Forest",-117.285,False,Hillside Fire,100.0,151.5,True,"Hillside Fire started on October 31, 2019 off of W 59th and Hill Dr, San Bernardino, in San Bernardino National Forest in San Bernardino County.",2019-10-31T06:53:47Z,6.0,7.0,0.0,45.0,4.0,12.625,4.0,0.6557377049180327
200.0,False, East Contra Costa County Fire Protection District,2.0,6,/incidents/2019/10/27/cypress-complex/,All road closures have been lifted.,6,7,6.0,2.0,11.0,2019-10-28T16:26:00Z,3.0,False,True,Grass,2.0,3.0,37.99136,"East Cypress Rd and Bethel Island Road, Knightsen, CA  ",-121.64118,False,Cypress Complex,100.0,151.5,True,"The Cypress Complex started October 27, 2019 off East Cypress Rd and Bethel Island Road, Knightsen, CA  in Contra Costa County",2019-10-27T08:50:23Z,6.0,7.0,0.0,45.0,4.0,12.625,4.0,0.6557377049180327
200.0,False,Ventura County Fire Department ,2.0,6,/incidents/2019/10/11/olivas-fire/,All road closures have been lifted.,56,56,6.0,2.0,11.0,2019-10-12T18:00:00Z,3.0,False,True,Grass,2.0,3.0,34.23955,"Olivas Park Drive, near the Buenaventura Golf Course",-119.20187,False,Olivas Fire,100.0,151.5,True,"The Olivas Fire started October 11, 2019 off Olivas Park Drive, near the Buenaventura Golf Course in Ventura County.",2019-10-11T15:57:10Z,6.0,7.0,0.0,45.0,4.0,12.625,4.0,0.6557377049180327
200.0,False,CAL FIRE/San Diego County Fire,0.0,6,/incidents/2019/9/24/dehesa-fire/,All road closures have been lifted.,36,37,8.0,1.0,20.0,2018-01-09T13:46:00Z,3.0,False,True,Grass,0.0,3.0,32.787656,Dehesa Road and Sloan Canyon Road,-116.806941,True,Dehesa Fire ,100.0,350.0,True,"The Dehesa Fire started September 24, 2019 off Dehesa Road and Sloan Canyon Road in San Diego County.",2019-09-24T15:00:00Z,6.0,7.0,0.0,45.0,5.0,16.666666666666668,1.0,0.2849002849002849
200.0,False,Santa Barbara County Fire,2.0,6,/incidents/2019/9/9/mcmurray-fire/,All road closures have been lifted.,40,42,6.0,2.0,11.0,2019-09-14T08:00:00Z,3.0,False,True,Grass,2.0,3.0,34.630919,"McMurray Rd and Hwy 101, north of Buellton",-120.187368,False,McMurray Fire,100.0,151.5,True,"The McMurray fire started on September 9, 2019 at McMurray Rd and Hwy 101, north of Buellton in Santa Barbara County.",2019-09-09T17:42:43Z,6.0,7.0,0.0,45.0,4.0,12.625,4.0,0.6557377049180327
193.0,False,Bureau of Land Management,2.0,6,/incidents/2019/7/14/doyle-fire/,All road closures have been lifted.,16,18,6.0,2.0,11.0,2019-07-16T09:00:00Z,3.0,False,True,Grass,2.0,3.0,40.072739,"Off Old Highway and Cowboy Joe Road, Northwest of Doyle",-120.158273,False,Doyle Fire,100.0,151.5,True,"Doyle Fire started on July 14, 2019 off Old Highway and Cowboy Joe Road, Northwest of Doyle in Lassen County.",2019-07-14T14:02:31Z,6.0,7.0,0.0,45.0,4.0,12.625,4.0,0.6557377049180327
190.0,False,CAL FIRE Santa Clara Unit ,2.0,6,/incidents/2019/9/11/stuhr-fire/,All road closures have been lifted.,48,50,6.0,2.0,11.0,2018-01-09T13:46:00Z,3.0,False,True,Grass,2.0,3.0,37.32585,"Off SB Interstate 5 and West Stuhr Road, South of Patterson City ",-121.110146,False,Stuhr Fire ,100.0,151.5,True,"Stuhr Fire  started on September 11, 2019 Off SB Interstate 5 and West Stuhr Road, South of Patterson City in Stanislaus County.",2019-09-11T11:25:43Z,6.0,7.0,0.0,45.0,4.0,12.625,4.0,0.6557377049180327
190.0,False,CAL FIRE San Benito-Monterey Unit,2.0,6,/incidents/2019/7/9/sargent-fire/,All road closures have been lifted.,26,27,6.0,2.0,11.0,2019-07-10T16:04:00Z,3.0,False,True,Grass,2.0,3.0,35.95191,"Sargent Canyon Road and Sheep Canyon, San Ardo Oil Fields",-120.8092,False,Sargent Fire,100.0,151.5,True,"The Sargent fire started July 9, 2019 off Sargent Canyon Road and Sheep Canyon, San Ardo Oil Fields in Monterey County.",2019-07-09T21:43:36Z,6.0,7.0,0.0,45.0,4.0,12.625,4.0,0.6557377049180327
183.0,False,CAL FIRE Sonoma Lake Napa Unit,2.0,6,/incidents/2019/7/24/marshview-fire/,All road closures have been lifted.,46,48,6.0,2.0,11.0,2018-01-09T13:46:00Z,3.0,False,True,Grass,2.0,3.0,38.158333,"Off Marshview Road and Highway 680, South of Cordelia ",-122.118889,False,Marshview Fire,100.0,151.5,True,"Marshview Fire started on July 24, 2019 Off Marshview Road and Highway 380, South of Cordelia in Solano County.",2019-07-24T12:28:45Z,6.0,7.0,0.0,45.0,4.0,12.625,4.0,0.6557377049180327
172.0,False,Kern County Fire,2.0,6,/incidents/2019/5/3/vulcan-fire/,All road closures have been lifted.,13,15,6.0,2.0,11.0,2019-05-08T08:48:00Z,3.0,False,True,Grass,2.0,3.0,35.03855,Off Highway 166 at Wind Wolves Preserve,-119.19454,False,Vulcan Fire,100.0,151.5,True,"The Vulcan Fire started on May 3, 2019 off Highway 166 at Wind Wolves Preserve (Kern County).",2019-05-03T15:04:00Z,6.0,7.0,0.0,45.0,4.0,12.625,4.0,0.6557377049180327
167.0,False,San Bernardino National Forest,2.0,6,/incidents/2019/9/15/bautista-fire/,All road closures have been lifted.,32,33,6.0,2.0,11.0,2019-09-22T18:00:00Z,3.0,False,True,Grass,2.0,3.0,33.635,"Bautista Road and Tripp Flats, West of Lake Hemet",-116.801111,False,Bautista Fire,100.0,25.0,True,"Assisting/Not a CAL FIRE incident :
#BautistaFire near Bautista Road and Tripp Flats, West of Lake Hemet in Riverside County.  For more information: https://inciweb.nwcg.gov/incident/6600/",2019-09-15T20:13:05Z,6.0,7.0,0.0,45.0,4.0,2.0833333333333335,4.0,3.8461538461538463
167.0,False,CAL FIRE San Benito-Monterey Unit,2.0,6,/incidents/2019/9/2/antelope-fire/,All road closures have been lifted.,34,35,6.0,2.0,11.0,2019-09-03T07:11:00Z,3.0,False,True,Grass,2.0,3.0,36.600167,"Panoche Road and New Idria Road, Paicines",-120.8405,False,Antelope Fire,100.0,151.5,True,"The Antelope Fire started on September 2, 2019 off Panoche Road and New Idria Road, Paicines in San Benito County",2019-09-02T15:40:37Z,6.0,7.0,0.0,45.0,4.0,12.625,4.0,0.6557377049180327
161.0,False,Fresno-Kings County,2.0,6,/incidents/2019/4/28/york-fire/,All road closures have been lifted.,14,16,6.0,2.0,11.0,2019-06-24T11:45:00Z,3.0,False,True,Grass,2.0,3.0,35.81778,"Hwy 41 and York Ave, 13 miles south of Avenal (Kings County)",-120.09715,False,York Fire,100.0,151.5,True,"The York Fire started April 28, 2019 at Hwy 41 and York Ave, 13 miles south of Avenal (Kings County). It was contained on April 29, 2019 at 161 acres.",2019-04-28T22:20:00Z,6.0,7.0,0.0,45.0,4.0,12.625,4.0,0.6557377049180327
156.0,False,CAL FIRE Shasta-Trinity Unit,2.0,6,/incidents/2019/8/15/cottage-fire/,Firefighters made good progress today extinguishing interior hotspots and securing containment lines. They will continue to mop up and patrol overnight. Residents traveling in the area are asked to drive with caution as fire apparatus and personnel continue to work in the area.,43,45,6.0,2.0,2.0,2019-08-17T18:43:00Z,3.0,False,True,Grass,2.0,3.0,40.484329,"Dersch Rd and Cottage Hill Dr, northeast of Anderson ",-122.159393,True,Cottage Fire,100.0,8.0,True,"The Cottage Fire started on August 15, 2019 off Dersch Rd x Cottage Hill Dr, 8 miles northeast of Anderson  in Shasta County.",2019-08-15T15:09:55Z,6.0,7.0,0.0,45.0,4.0,2.6666666666666665,4.0,11.11111111111111
156.0,False,Angeles National Forest,2.0,6,/incidents/2019/8/3/five-fire/,All road closures have been lifted.,17,19,6.0,2.0,11.0,2019-08-05T12:25:00Z,3.0,False,True,Grass,2.0,3.0,34.677864,Off Interstate 5 & Templin Hwy,-118.752395,False,Five Fire,100.0,151.5,True,"The Ranch Fire started July 27, 2018 off Highway 20 near Potter Valley, northeast of Ukiah (Mendocino County). This fire was contained on September 19, 2018 and burned 410,203 acres.

Mendocino Complex - Size 459,123 total acres",2019-08-03T17:01:15Z,6.0,7.0,0.0,45.0,4.0,12.625,4.0,0.6557377049180327
156.0,False,City of Chino ,2.0,6,/incidents/2019/7/28/star-fire/,All road closures have been lifted.,35,36,6.0,2.0,11.0,2018-01-09T13:46:00Z,3.0,False,True,Grass,2.0,3.0,33.997528,"Chino Hils Parkway and Grand Avenue, Chino Hills",-117.769766,False,Star Fire,100.0,151.5,True,"The Star Fire started on July 28, 2019 at Chino Hils Parkway and Grand Avenue, Chino Hills in San Bernardino County.",2019-07-28T13:20:11Z,6.0,7.0,0.0,45.0,4.0,12.625,4.0,0.6557377049180327
155.0,False,CAL FIRE Tulare Unit,2.0,6,/incidents/2019/6/1/spruce-fire/,All road closures have been lifted.,54,54,6.0,2.0,11.0,2019-06-11T14:48:00Z,3.0,False,True,Grass,2.0,3.0,36.28001,"Off Spruce Rd & Myer Dr, east of Exeter",-119.10974,False,Spruce Fire,100.0,151.5,True,"The Spruce Fire started on June 1, 2019 off Spruce Rd & Myer Dr, east of Exeter (Tulare County). It was contained on June 2, 2019",2019-06-01T15:49:00Z,6.0,7.0,0.0,45.0,4.0,12.625,4.0,0.6557377049180327
150.0,False,"Unified Command: CAL FIRE Santa Clara Unit, Crockett Fire and Contra Costa Fire. ",2.0,6,/incidents/2019/10/27/sky-fire/,All road closures have been lifted.,6,7,6.0,2.0,11.0,2019-10-28T16:30:00Z,3.0,False,True,Grass,2.0,3.0,38.03545,"Commings Skyway and I-80, south of Crockett",-122.2241,False,Sky Fire ,100.0,151.5,True,"The Sky Fire started October 27, 2019 off Commings Skyway and I-80, south of Crockett in Contra Costa County.",2019-10-27T11:29:03Z,6.0,7.0,0.0,45.0,4.0,12.625,4.0,0.6557377049180327
150.0,False,CAL FIRE San Diego Unit,2.0,6,/incidents/2019/7/28/dehesa-fire/,All road closures have been lifted.,36,37,6.0,2.0,11.0,2018-01-09T13:46:00Z,3.0,False,True,Grass,2.0,3.0,32.767649,"Dehesa Road and Slone Canyon Road, Dehesa",-116.796032,False,Dehesa Fire,100.0,151.5,True,"The Dehesa Fire started on July 28, 2019 at Dehesa Road and Slone Canyon Road, Dehesa in San Diego County.",2019-07-28T19:51:55Z,6.0,7.0,0.0,45.0,4.0,12.625,4.0,0.6557377049180327
148.0,False,CAL FIRE Nevada-Yuba-Placer Unit,2.0,6,/incidents/2019/6/26/dyer-fire/,All road closures have been lifted.,30,31,6.0,2.0,11.0,2019-06-27T08:26:00Z,3.0,False,True,Grass,2.0,3.0,38.73817,"Watt Ave & Dyer Road, northeast of Rio Linda",-121.39419,False,Dyer Fire,100.0,151.5,True,"The Ranch Fire started July 27, 2018 off Highway 20 near Potter Valley, northeast of Ukiah (Mendocino County). This fire was contained on September 19, 2018 and burned 410,203 acres.

Mendocino Complex - Size 459,123 total acres",2019-06-26T22:43:07Z,6.0,7.0,0.0,45.0,4.0,12.625,4.0,0.6557377049180327
145.0,False,San Bernardino County Fire,2.0,6,/incidents/2019/10/24/old-water-fire/,All road closures have been lifted.,35,36,6.0,2.0,11.0,2018-01-09T13:46:00Z,3.0,False,True,Grass,2.0,3.0,34.183624,near Old Waterman Canyon Road and Hwy 18. ,-117.274276,False,Old Water Fire,100.0,151.5,True,"The Old Water Fire started on October 24, 2019 off Old Waterman Canyon Road and Hwy 18 in San Bernardino County.",2019-10-24T04:53:17Z,6.0,7.0,0.0,45.0,4.0,12.625,4.0,0.6557377049180327
144.0,False,CAL FIRE Santa Clara Unit,2.0,6,/incidents/2019/5/30/canyon-fire/,All road closures have been lifted.,41,43,6.0,2.0,11.0,2019-06-11T14:40:00Z,3.0,False,True,Grass,2.0,3.0,37.45899,"Off Del Puerto Canyon Rd & Diablo Grande Pkwy, west of Patterson",-121.22093,False,Canyon Fire,100.0,151.5,True,"The Canyon Fire started on May 30, 2019 off Del Puerto Canyon Rd & Diablo Grande Pkwy, west of Patterson (Santa Clara County). It was 144 acres and it was contained on May 30, 2019.",2019-05-30T16:19:00Z,6.0,7.0,0.0,45.0,4.0,12.625,4.0,0.6557377049180327
140.0,False,Vallejo city fire,2.0,6,/incidents/2019/10/27/glencove-fire/,All road closures have been lifted.,46,48,6.0,2.0,11.0,2019-10-28T16:28:00Z,3.0,False,True,Grass,2.0,3.0,38.07205,"Glen Cove Pkwy and Lookout Dr, south of Vallejo",-122.22463,False,Glencove Fire ,100.0,151.5,True,"The Glencove Fire started October 27, 2019 off Glen Cove Pkwy and Lookout Dr, south of Vallejo in Solano County.",2019-10-27T11:52:15Z,6.0,7.0,0.0,45.0,4.0,12.625,4.0,0.6557377049180327
139.0,False,CAL FIRE Santa Clara Unit,2.0,6,/incidents/2019/8/21/patterson-fire/,All road closures have been lifted.,0,1,6.0,2.0,11.0,2019-08-21T18:27:00Z,3.0,False,True,Grass,2.0,3.0,37.71734,"Patterson Pass and Midway Road, west of Tracy",-121.55867,False,Patterson Fire,100.0,151.5,True,"The Patterson Fire started August 21, 2019 off Patterson Pass and Midway Road, west of Tracy in Alameda County.",2019-08-21T17:56:05Z,6.0,7.0,0.0,45.0,4.0,12.625,4.0,0.6557377049180327
131.0,False,Bureau of Land Management ,2.0,6,/incidents/2019/8/24/horse-fire/,All road closures have been lifted.,16,18,6.0,2.0,11.0,2019-08-27T10:44:00Z,3.0,False,True,Grass,2.0,3.0,40.562,"Off Highway 139  and Horselake Road, North of Susanville",-120.544,False,Horse Fire,100.0,151.5,True,"Horse Fire started on August 24, 2019 off Highway 139  and Horselake Road, North of Susanville in Lassen County.",2019-08-24T16:33:58Z,6.0,7.0,0.0,45.0,4.0,12.625,4.0,0.6557377049180327
131.0,False,CAL FIRE San Luis Obispo ,2.0,6,/incidents/2019/7/14/south-fire/,All road closures have been lifted.,56,56,6.0,2.0,11.0,2019-07-15T14:10:00Z,3.0,False,True,Grass,2.0,3.0,34.366111,Off of South Mountain Rd and Balcom Canyon Road East of Santa Paula,-118.96,False,South Fire ,100.0,151.5,True,"South Fire started on July 14, 2019 off of South Mountain Rd and Balcom Canyon Road East of Santa Paula in Ventura County.",2019-07-14T11:45:00Z,6.0,7.0,0.0,45.0,4.0,12.625,4.0,0.6557377049180327
130.0,False,BLM Northern California District,2.0,6,/incidents/2019/8/7/r-1-fire/,All road closures have been lifted.,16,18,6.0,2.0,11.0,2018-01-09T13:46:00Z,3.0,False,True,Grass,2.0,3.0,40.886677,"Juniper Ridge Road and Juniper Tree Road, north of Ravendale",-120.336977,False,R-1 Fire,100.0,151.5,True,"The Juniper Fire started on August 7, 2019 near Juniper Ridge Road and Juniper Tree Road, north of Ravendale in Lassen County.",2019-08-07T17:21:13Z,6.0,7.0,0.0,45.0,4.0,12.625,4.0,0.6557377049180327
130.0,False,CAL FIRE Mendocino Unit,2.0,6,/incidents/2019/7/27/usal-fire/,All road closures have been lifted.,21,23,6.0,2.0,11.0,2018-01-09T13:46:00Z,3.0,False,True,Grass,2.0,3.0,39.831762,"Usal Creek and Usal Rd, west of Leggett",-123.846013,False,Usal Fire,100.0,151.5,True,"The Usal Fire started on July 27, 2019 at Usal Creek and Usal Rd, 7 miles west of Leggett in Mendocino County.",2019-07-27T23:36:00Z,6.0,7.0,0.0,45.0,4.0,12.625,4.0,0.6557377049180327
130.0,False,CAL FIRE/Riverside County Fire Department,2.0,6,/incidents/2019/5/18/shady-fire/,All road closures have been lifted.,32,33,6.0,2.0,11.0,2019-05-24T14:23:00Z,3.0,False,True,Grass,2.0,3.0,33.650237,"off Airport Boulevard and Shady Lane in Thermal, southwest of Coachella",-116.172534,False,Shady Fire,100.0,151.5,True,"The Airport Fire started May 18, 2019 off Airport Boulevard and Shady Lane in Thermal, southwest of Coachella (Riverside County).",2019-05-18T22:53:00Z,6.0,7.0,0.0,45.0,4.0,12.625,4.0,0.6557377049180327
128.0,False,CAL FIRE Santa Clara Unit,2.0,6,/incidents/2019/9/21/reservoir-fire/,All road closures have been lifted.,41,43,6.0,2.0,11.0,2019-09-24T18:00:00Z,3.0,False,True,Grass,2.0,3.0,37.467744,"Calaveras Rd and Felter Road, 5 miles northeast of Milpitas",-121.842751,False,Reservoir Fire,100.0,151.5,True,"The Reservoir Fire started on September 21, 2019 near Calaveras Rd and Felter Rd, 5 miles northeast of Milpitas in Santa Clara County.",2019-09-21T11:49:00Z,6.0,7.0,0.0,45.0,4.0,12.625,4.0,0.6557377049180327
128.0,False,Modoc National Forest,2.0,6,/incidents/2019/7/17/goose-2-fire/,All road closures have been lifted.,24,25,6.0,2.0,11.0,2019-07-20T09:05:00Z,3.0,False,True,Grass,2.0,3.0,41.909,"Off Highway 395 and South Willow Ranch Road, West of Fort Bidwell ",-120.306,False,Goose 2 Fire,100.0,151.5,True,"Goose 2 Fire started on July 17, 2019 Off Highway 395 and South Willow Ranch Road, West of Fort Bidwell in Modoc County.",2019-07-17T16:13:41Z,6.0,7.0,0.0,45.0,4.0,12.625,4.0,0.6557377049180327
121.0,False,CAL FIRE / Fresno County Fire,2.0,6,/incidents/2019/5/29/hill-fire/,All road closures have been lifted.,9,10,6.0,2.0,11.0,2019-06-05T15:07:00Z,3.0,False,True,Grass,2.0,3.0,36.66909," S. Hills Valley Road, north of Orange Cove",-119.3046,False,Hill Fire,100.0,151.5,True,"The Hill Fire started on May 29, 2019 off  S. Hills Valley Road, north of Orange Cove (Fresno County) and burned 121 acres. It was contained June 1, 2019.",2019-05-29T17:18:00Z,6.0,7.0,0.0,45.0,4.0,12.625,4.0,0.6557377049180327
120.0,False,Camp Pendleton,2.0,6,/incidents/2019/6/20/weisgarber-fire/,All road closures have been lifted.,36,37,6.0,2.0,11.0,2019-06-21T14:22:00Z,3.0,False,True,Grass,2.0,3.0,33.39684,"one mile west of the DeLuz gate, Camp Pendleton",-117.29665,True,Weisgarber Fire,100.0,151.5,True,"The Weisgarber Fire started on June 20, 2019 one mile west of the DeLuz gate, Camp Pendleton in San Diego County and burned 120 acres. It was contained on June 21, 2019.",2019-06-20T14:56:00Z,6.0,7.0,0.0,45.0,4.0,12.625,4.0,0.6557377049180327
120.0,False,CAL FIRE San Luis Obispo Unit,2.0,6,/incidents/2019/6/10/bitter-fire/,All road closures have been lifted.,38,40,6.0,2.0,11.0,2019-06-11T17:18:00Z,3.0,False,True,Grass,2.0,3.0,35.57376,Bitterwater Road East of Paso Robles,-120.11738,False,Bitter Fire ,100.0,151.5,True,"Bitter Fire off Bitterwater road,30 miles east of Paso Robles in San Luis Obispo County is 120 acres and 50% contained. ",2019-06-10T11:55:00Z,6.0,7.0,0.0,45.0,4.0,12.625,4.0,0.6557377049180327
115.0,False,Kern County Fire Department,2.0,6,/incidents/2019/4/30/woody-fire/,All road closures have been lifted.,13,15,6.0,2.0,11.0,2019-05-08T08:47:00Z,3.0,False,True,Grass,2.0,3.0,35.65189,"Woody Rd & Horseshoe Ranch Rd, northeast of Bakersfield",-118.92545,False,Woody Fire,100.0,151.5,True,"The Woody Fire started on April 30, 2019 off Woody Rd & Horseshoe Ranch Rd, northeast of Bakersfield (Kern County). It was contained on May 1, 2019.",2019-04-30T18:37:00Z,6.0,7.0,0.0,45.0,4.0,12.625,4.0,0.6557377049180327
105.0,False,CAL FIRE Los Angeles County Fire Department ,2.0,6,/incidents/2019/8/13/west-fire/,All road closures have been lifted.,17,19,6.0,2.0,11.0,2018-01-09T13:46:00Z,3.0,False,True,Grass,2.0,3.0,34.675542,"off of 120th Street  West and Coppermill Road, Lancaster ",-118.342239,False,West Fire ,100.0,151.5,True,"West Fire started on August 13, 2019 off of off of 120th Street  West and Coppermill Road, Lancaster in Los Angeles County.",2019-08-13T14:37:54Z,6.0,7.0,0.0,45.0,4.0,12.625,4.0,0.6557377049180327
103.0,False,Davis Creek Fire Department,2.0,6,/incidents/2019/8/2/meadow-fire-not-a-cal-fire-incident/,All road closures have been lifted.,24,25,6.0,2.0,11.0,2019-08-02T21:39:00Z,3.0,False,True,Grass,2.0,3.0,41.43783,"County Road 48 and Highway 395, northeast of Alturas",-120.23976,False,Meadow Fire (Not a CAL FIRE incident),100.0,151.5,True,"The Meadow Fire started August 2, 2019 off County Road 48 and Highway 395, northeast of Alturas in Modoc County.",2019-08-02T16:53:18Z,6.0,7.0,0.0,45.0,4.0,12.625,4.0,0.6557377049180327
100.0,False,Los Padres National Forest,2.0,6,/incidents/2019/7/28/range-fire/,All road closures have been lifted.,40,42,6.0,2.0,11.0,2019-08-05T12:27:00Z,3.0,False,True,Grass,2.0,3.0,34.665699,north of Lake Cachuma,-119.94974,False,Range Fire,100.0,151.5,True,"The Range Fire started on July 28, 2019 north of Lake Cachuma in Santa Barbara County.",2019-07-28T22:39:05Z,6.0,7.0,0.0,45.0,4.0,12.625,4.0,0.6557377049180327
100.0,False,CAL FIRE San Diego County Fire ,2.0,6,/incidents/2019/7/12/border-fire/,All road closures have been lifted.,36,37,6.0,2.0,11.0,2019-07-15T17:10:00Z,3.0,False,True,Grass,2.0,3.0,32.566389,Off of Cottonwood Creak and Barrett Truck Trail along the US/Mexico border,-116.7525,False,Border Fire,100.0,151.5,True,"Cottonwood Fire started on July 12, 2019 off of Cottonwood Creak and Barrett Truck Trail along the US/Mexico border in San Diego County.",2019-07-12T13:20:39Z,6.0,7.0,0.0,45.0,4.0,12.625,4.0,0.6557377049180327
98.0,False,CAL FIRE / Riverside County Fire,2.0,6,/incidents/2019/9/21/kennedy-fire/,All road closures have been lifted.,32,33,9.0,2.0,17.0,2019-09-22T17:00:00Z,3.0,False,True,Grass,2.0,3.0,33.900994,"Moreno Beach Dr & John F. Kennedy Dr, near Lake Perris",-117.170588,False,Kennedy Fire,100.0,150.0,True,"The Kennedy Fire started on September 21, 2019 off Moreno Beach Drive & John F. Kennedy Drive, near Lake Perris.",2019-09-21T17:22:00Z,6.0,7.0,0.0,45.0,1.0,8.333333333333334,4.0,0.6622516556291391
97.0,False,CALFIRE San Diego ,2.0,6,/incidents/2019/10/25/sawday-fire/,All road closures have been lifted.,36,37,6.0,2.0,11.0,2019-10-28T19:31:00Z,3.0,False,True,Grass,2.0,3.0,33.055124,"Sawday Truck Trail and Little Page Rd, Community of Witch Creek ",-116.742508,True,Sawday Fire ,100.0,150.0,True,"The Sawday Fire started October 25, 2019 near Sawday Truck Trail and Littlepage Road in San Diego County.",2019-10-25T10:52:04Z,6.0,7.0,0.0,45.0,4.0,12.5,4.0,0.6622516556291391
96.0,False,CAL FIRE / Riverside County Fire,2.0,6,/incidents/2019/7/13/orange-fire/,All road closures have been lifted.,32,33,6.0,2.0,11.0,2019-07-13T15:13:00Z,3.0,False,True,Grass,2.0,3.0,33.8128372,27000 block of Orange Avenue in Nuevo,-117.1228851,False,Orange fire,100.0,151.5,True,The Orange fire started on July 13 2019 near the 27000 block of Orange Avenue in Nuevo in Riverside County,2019-07-13T10:36:00Z,6.0,7.0,0.0,45.0,4.0,12.625,4.0,0.6557377049180327
95.0,False,CAL FIRE San Luis Obispo Unit,2.0,6,/incidents/2019/7/24/thompson-fire/,All road closures have been lifted.,38,40,6.0,2.0,11.0,2018-01-09T13:46:00Z,3.0,False,True,Grass,2.0,3.0,35.004722,"Off Highway 166  and Highway 101, North of Santa Maria",-120.435278,False,Thompson Fire ,100.0,151.5,True,"Thompson Fire started on July 24, 2019 off Highway 166  and Highway 101, North of Santa Maria in San Luis Obispo County.",2019-07-24T20:09:59Z,6.0,7.0,0.0,45.0,4.0,12.625,4.0,0.6557377049180327
94.0,False,CAL FIRE Riverside County Fire Department ,2.0,6,/incidents/2019/8/5/toro-fire/,All road closures have been lifted.,32,33,6.0,2.0,11.0,2019-08-06T18:42:00Z,3.0,False,True,Grass,2.0,3.0,33.740219,"26000 Block El Toro Road, North of Lake Elsinore",-117.333728,False,Toro Fire ,100.0,151.5,True,"The Toro Fire started on August 5, 2019 at 26000 Block El Toro Road, North of Lake Elsinore in Riverside County.",2019-08-05T15:36:23Z,6.0,7.0,0.0,45.0,4.0,12.625,4.0,0.6557377049180327
91.0,False,Ventura County Fire Department,2.0,6,/incidents/2019/10/10/wendy-fire/,All road closures have been lifted.,56,56,6.0,2.0,11.0,2018-01-09T13:46:00Z,3.0,False,True,Grass,2.0,3.0,34.156389,"Potrero Rd and S Wendy Dr, Newbury Park",-118.950833,False,Wendy Fire,100.0,151.5,True,"The Wendy Fire started October 10, 2019 off Potrero Rd and S Wendy Dr, Newbury Park in Ventura County.",2019-10-10T21:28:58Z,6.0,7.0,0.0,45.0,4.0,12.625,4.0,0.6557377049180327
91.0,False,Klamath National Forest ,2.0,6,/incidents/2019/9/15/bar-fire/,All road closures have been lifted.,45,47,6.0,2.0,11.0,2018-01-09T13:46:00Z,3.0,False,True,Grass,2.0,3.0,41.749667,"Southwest of Bald Mountain and Klamath Bar, Klamath National Forest",-123.000833,False,Bar Fire,100.0,151.5,True,"Bar Fire started on September 5, 2019 southwest of Bald Mountain and Klamath Bar, Klamath National Forest in Siskiyou County.",2019-09-15T15:52:00Z,6.0,7.0,0.0,45.0,4.0,12.625,4.0,0.6557377049180327
90.0,False,CAL FIRE Santa Clara Unit,2.0,6,/incidents/2019/7/16/whiskey-fire/,All road closures have been lifted.,37,39,6.0,2.0,11.0,2018-01-09T13:46:00Z,3.0,False,True,Grass,2.0,3.0,37.962557,"west Lower Jones Road, west of the Community of Slough ",-121.468074,False,Whiskey Fire,100.0,151.5,True,"The Whiskey Fire started on July 16, 2019 at west Lower Road in San Joaquin County.",2019-07-16T18:44:15Z,6.0,7.0,0.0,45.0,4.0,12.625,4.0,0.6557377049180327
90.0,False,CAL FIRE Shasta-Trinity Unit,2.0,6,/incidents/2019/6/26/trinity-fire/,All road closures have been lifted.,43,45,6.0,2.0,11.0,2019-06-26T06:00:00Z,3.0,False,True,Grass,2.0,3.0,40.41404,"Trinity Alps Vista Road and Bland Road, southwest of Ono",-122.66779,False,Trinity Fire,100.0,151.5,True,"The Trinity Fire started on June 25, 2019 near Trinity Alps Vista Road and Bland Road, southwest of Ono in Shasta County.",2019-06-26T15:35:00Z,6.0,7.0,0.0,45.0,4.0,12.625,4.0,0.6557377049180327
85.0,False,CAL FIRE Amador - El Dorado Unit,2.0,6,/incidents/2019/9/3/country-fire/,All road closures have been lifted.,8,9,6.0,2.0,11.0,2019-09-06T07:24:00Z,3.0,False,True,Grass,2.0,2.0,38.898915,"Highway 193 and Penobscot Rd, east of Cool",-120.946657,True,Country Fire,100.0,151.5,True,"The Country Fire started on September 3, 2019 at Highway 193 and Penobscot Rd, east of Cool in El Dorado County.",2019-09-03T14:57:31Z,6.0,4.0,0.0,45.0,4.0,12.625,4.0,0.6557377049180327
84.0,False,CAL FIRE Amador El Dorado Unit ,2.0,6,/incidents/2019/8/2/browns-fire/,All road closures have been lifted.,33,34,6.0,2.0,11.0,2019-08-02T14:03:00Z,3.0,False,True,Grass,2.0,3.0,38.3525,"Off Twin Cities Road and Clay Station Road, Northeast of Herald ",-121.123611,False,Browns Fire,100.0,151.5,True,"The Browns Fire started on August 8, 2019 off Twin Cities Road and Clay Station Road, Northeast of Herald in Sacramento County.",2019-08-02T09:23:00Z,6.0,7.0,0.0,45.0,4.0,12.625,4.0,0.6557377049180327
83.0,False,CAL FIRE Tuolumne-Calaveras Unit,2.0,6,/incidents/2019/9/23/tulloch-fire/,All road closures have been lifted.,55,55,6.0,2.0,11.0,2019-09-24T10:21:00Z,3.0,False,True,grass,2.0,3.0,37.838333,"By the intersection of Tulloch Road and Highway 108 in Jamestown, California.",-120.625556,False,Tulloch Fire,100.0,151.5,True,"The Tulloch Fire started September 23, 2019, by the intersection of Tulloch Road and Highway 108, southwest of lake Tulloch Reservoir in Jamestown, Tuolumne County, California.",2019-09-23T15:55:57Z,6.0,7.0,0.0,45.0,4.0,12.625,4.0,0.6557377049180327
83.0,False,Klamath National Forest,2.0,6,/incidents/2019/7/27/tree-fire/,Not a CAL FIRE Incident. Please contact the Klamath National Forest for more information.,45,47,6.0,2.0,11.0,2018-01-09T13:46:00Z,3.0,False,True,Grass,2.0,3.0,41.834366,"Tree of Heaven Campground, east of Gottsville",-122.656569,False,Tree Fire,100.0,151.5,True,"The Ranch Fire started July 27, 2018 off Highway 20 near Potter Valley, northeast of Ukiah (Mendocino County). This fire was contained on September 19, 2018 and burned 410,203 acres.

Mendocino Complex - Size 459,123 total acres",2019-07-27T10:15:00Z,6.0,7.0,0.0,45.0,4.0,12.625,4.0,0.6557377049180327
81.0,False,CAL FIRE Sonoma Lake Napa Unit,2.0,6,/incidents/2019/8/13/timm-fire/,All road closures have been lifted.,46,48,6.0,2.0,11.0,2019-08-13T18:00:00Z,3.0,False,True,Grass,2.0,3.0,38.455,"Off of Timm Road and Allendale Road, South of Winters ",-121.969167,False,Timm Fire ,100.0,151.5,True,"Timms Fire started on August 13, 2019 Off of Timm Road and Allendale Road, South of Winters in Solano County.",2019-08-13T15:41:24Z,6.0,7.0,0.0,45.0,4.0,12.625,4.0,0.6557377049180327
81.0,False,CAL FIRE San Bernardino Unit,2.0,6,/incidents/2019/7/22/milpas-fire/,All road closures have been lifted.,35,36,6.0,2.0,11.0,2018-01-09T13:46:00Z,3.0,False,True,Grass,2.0,3.0,34.42386,"Milpas Rd and Valley View Rd, 10 miles SE of Apple Valley",-117.10318,False,Milpas Fire,100.0,151.5,True,"The Milpas Fire started July 22 2019 near Milpas Rd and Valley View Rd, 10 miles SE of Apple Valley in San Bernardino county.",2019-07-22T19:45:27Z,6.0,7.0,0.0,45.0,4.0,12.625,4.0,0.6557377049180327
81.0,False,CAL FIRE / Riverside County Fire,2.0,6,/incidents/2019/7/16/meadow-fire/,All road closures have been lifted.,32,33,6.0,2.0,11.0,2019-07-17T21:29:00Z,3.0,False,True,Grass,2.0,3.0,33.514658,Highway 371 near Lake Riverside Drive,-116.7884,False,Meadow Fire,100.0,151.5,True,"The Meadow Fire started on July 16, 2019 in the area of Highway 371 X Lake Riverside Drive in Aguanga, in Riverside County.",2019-07-16T13:45:43Z,6.0,7.0,0.0,45.0,4.0,12.625,4.0,0.6557377049180327
80.0,False,CALFIRE/Butte County Fire ,2.0,6,/incidents/2019/10/24/nelson-fire/,All road closures have been lifted.,3,4,6.0,2.0,11.0,2019-10-24T17:15:00Z,3.0,False,True,Grass,2.0,3.0,39.551423,Between Durham and Richvale,-121.800538,False,Nelson Fire ,100.0,151.5,True,"The Nelson Fire started October 24, 2019 between Durham and Richvale in Butte County.",2019-10-24T14:43:10Z,6.0,7.0,0.0,45.0,4.0,12.625,4.0,0.6557377049180327
80.0,False,CAL FIRE / Riverside County Fire,2.0,6,/incidents/2019/8/25/ivy-fire/,All road closures have been lifted.,32,33,6.0,2.0,11.0,2019-08-25T13:00:00Z,3.0,False,True,Grass,2.0,3.0,33.77777348,near Northbound Intestate 15 and Temescal Canyon,-117.487578,False,Ivy Fire,100.0,151.5,True,"The Ivy Fire started on August 25, 2019 near Northbound Intestate 15 and Temescal Canyon in Riverside County.",2019-08-25T10:58:28Z,6.0,7.0,0.0,45.0,4.0,12.625,4.0,0.6557377049180327
80.0,False,CAL FIRE San Diego County Fire,2.0,6,/incidents/2019/8/15/border-9-fire/,All road closures have been lifted.,36,37,6.0,2.0,11.0,2019-08-16T18:44:00Z,3.0,False,True,Grass,2.0,3.0,32.57394,"Off of Marron Valley Road and Border Road, Southeast of Dulzura  ",-116.760465,False,Border 9 Fire,100.0,151.5,True,"Border 9 Fire started on August 15, 2019 off of Marron Valley Road and Border Road, Southeast of Dulzura in San Diego  County.",2019-08-15T16:24:24Z,6.0,7.0,0.0,45.0,4.0,12.625,4.0,0.6557377049180327
80.0,False,CAL FIRE Santa Clara Unit ,2.0,6,/incidents/2019/7/24/sweigert-fire/,All road closures have been lifted.,41,43,6.0,2.0,11.0,2018-01-09T13:46:00Z,3.0,False,True,Grass,2.0,3.0,37.433192,"Off of Kahler Court and Felter Road, East of Milpitas",-121.807258,False,Sweigert Fire ,100.0,151.5,True,"Sweigert Fire started on July 24, 2019 on off of Kahler Court and Felter Road, East of Milpitas in Santa Clara County.",2019-07-24T20:01:44Z,6.0,7.0,0.0,45.0,4.0,12.625,4.0,0.6557377049180327
80.0,False,CAL FIRE Riverside Unit,2.0,6,/incidents/2019/7/12/lincoln-fire/,All road closures have been lifted.,32,33,6.0,2.0,11.0,2019-07-17T10:00:00Z,3.0,False,True,Grass,2.0,3.0,33.56938,"Lincoln St and Ave 66, Mecca, 6 miles south of Coachella",-116.07896,False,Lincoln Fire,100.0,151.5,True,"The Lincoln Fire started July 12 near Lincoln St and Ave 66, Mecca, 6 miles south of Coachella (Riverside County)",2019-07-12T17:15:31Z,6.0,7.0,0.0,45.0,4.0,12.625,4.0,0.6557377049180327
80.0,False,CAL FIRE Nevada-Yuba-Placer Unit,2.0,6,/incidents/2019/6/25/scott-fire/,All road closures have been lifted.,58,58,6.0,2.0,11.0,2019-06-25T13:50:00Z,3.0,False,True,Grass,2.0,3.0,39.24678,"off Scott Forbes Rd, 5 miles east of Browns Valley",-121.32399,False,Scott Fire,100.0,151.5,True,"The Scott Fire started on June 24, 2019 off Scott Forbes Rd, 5 miles east of Browns Valley in Yuba County. Was contained 6/24/2019",2019-06-25T13:51:09Z,6.0,7.0,0.0,45.0,4.0,12.625,4.0,0.6557377049180327
80.0,False,CAL FIRE Nevada-Yuba-Placer Unit,2.0,6,/incidents/2019/6/24/scott-fire/,All road closures have been lifted.,58,58,6.0,2.0,11.0,2019-06-24T18:30:00Z,3.0,False,True,Grass,2.0,3.0,39.24678,"off Scott Forbes Rd, 5 miles east of Browns Valley",-121.32399,False,Scott Fire,100.0,151.5,True,"The Scott Fire started on June 24, 2019 off Scott Forbes Rd, 5 miles east of Browns Valley in Yuba County. Was contained 6/24/2019",2019-06-24T11:57:00Z,6.0,7.0,0.0,45.0,4.0,12.625,4.0,0.6557377049180327
75.0,False,CAL FIRE Sonoma-Lake-Napa Unit,2.0,6,/incidents/2019/11/5/eagle-fire/,All road closures have been lifted.,15,17,6.0,2.0,11.0,2019-11-06T18:30:00Z,3.0,False,True,Grass,2.0,3.0,39.100408,"Walker Ridge Road and Bartlett Springs Road, northeast of Clearlake",-122.496548,False,Eagle Fire,100.0,151.5,True,"The Eagle Fire started November 5, 2019 off Walker Ridge Road and Bartlett Springs Road, northeast of Clearlake in Lake County.",2019-11-05T06:52:14Z,6.0,7.0,0.0,45.0,4.0,12.625,4.0,0.6557377049180327
74.0,False,San Jose Fire,2.0,6,/incidents/2019/7/2/coyote-fire/,All road closures have been lifted.,41,43,6.0,2.0,11.0,2019-07-02T18:32:00Z,3.0,False,True,Grass,2.0,3.0,37.18904,Northbound US 101 at Coyote Creek Golf Drive in San Jose,-121.694968,False,Coyote Fire,100.0,151.5,True,The Coyote Fire Started July 2 2019  near Northbound US 101 at Coyote Creek Golf Drive in San Jose (Santa Clara County),2019-07-02T16:10:02Z,6.0,7.0,0.0,45.0,4.0,12.625,4.0,0.6557377049180327
70.0,False,City of Marysville,2.0,6,/incidents/2019/6/8/levee-fire/,All road closures have been lifted.,58,58,6.0,2.0,11.0,2019-06-17T08:34:00Z,3.0,False,True,Grass,2.0,3.0,39.15641,"Highway 20 & E 22nd Street, in Marysville",-121.56363,False,Levee Fire,100.0,151.5,True,"The Levee Fire started on June 8, 2019 off Highway 20 & E 22nd Street, in Marysville (Yuba County). Lead Agency: City of Marysville. This fire was contained on June 8, 2019.",2019-06-08T13:07:00Z,6.0,7.0,0.0,45.0,4.0,12.625,4.0,0.6557377049180327
68.0,False,CAL FIRE Tehama-Glenn Unit,2.0,6,/incidents/2019/10/9/corning-fire/,All road closures have been lifted.,52,52,6.0,2.0,11.0,2019-10-09T12:39:00Z,3.0,False,True,Grass,2.0,3.0,39.847708,"Inghram Road, South Corning",-122.1604,False,Corning Fire ,100.0,151.5,True,"The Corning Fire started October 9, 2019 off Inghram Road, South Corning in Tehama county.",2019-10-09T08:31:40Z,6.0,7.0,0.0,45.0,4.0,12.625,4.0,0.6557377049180327
67.0,False,Marin County Fire,2.0,6,/incidents/2019/10/24/muir-fire/,All road closures have been lifted.,19,21,6.0,2.0,11.0,2018-01-09T13:46:00Z,3.0,False,True,Grass,2.0,3.0,37.896231,"Highway 1 and Panoramic Hwy, Stinson Beach",-122.636471,False,Muir Fire,100.0,151.5,True,"The Muir Fire started October 24, 2019 off Highway 1 and Panoramic Hwy, Stinson Beach in Marin County.",2019-10-24T12:15:33Z,6.0,7.0,0.0,45.0,4.0,12.625,4.0,0.6557377049180327
67.0,False,Tuolumne-Calaveras Unit,2.0,6,/incidents/2019/9/22/lynette-fire/,All road closures have been lifted.,4,5,6.0,2.0,11.0,2018-01-09T13:46:00Z,3.0,False,True,Grass,2.0,3.0,38.20177,"By the intersection of Loera Hills Road on Paloma Road in Valley Springs, California.",-120.827386,False,Lynette Fire,100.0,151.5,True,"The Lynette Fire started and ended on September 22, 2019, and has been contained at 67 acres. 
Crews will be at scene mopping up.",2019-09-22T18:25:56Z,6.0,7.0,0.0,45.0,4.0,12.625,4.0,0.6557377049180327
66.0,False,CAL FIRE San Benito-Monterey Unit,2.0,6,/incidents/2019/9/1/jolon-fire/,All road closures have been lifted.,26,27,6.0,2.0,11.0,2019-09-02T10:08:00Z,3.0,False,True,Grass,2.0,3.0,35.906482,"Jolon Road and New Pleyto Road, Lockwood",-120.992914,False,Jolon Fire,100.0,151.5,True,"The Jolon Fire started September 1, 2019 off Jolon Road and New Pleyto Road, Lockwood in Monterey County",2019-09-01T16:35:55Z,6.0,7.0,0.0,45.0,4.0,12.625,4.0,0.6557377049180327
65.0,False,US Forest Service - Tahoe National Forest,2.0,6,/incidents/2019/5/10/sugar-fire/,All road closures have been lifted.,30,31,6.0,2.0,11.0,2019-05-24T14:28:00Z,3.0,False,True,Grass,2.0,3.0,39.11536,"Sugar Pine Road and Big Reservoir Lane, northeast of Foresthill",-120.76088,False,Sugar Fire,100.0,151.5,True,"Sugar Fire started on May 10, 2019 off Sugar Pine Road and Big Reservoir Lane, northeast of Foresthill in Placer County and burned 65 acres. It was contained May 12, 2019. ",2019-05-10T14:14:00Z,6.0,7.0,0.0,45.0,4.0,12.625,4.0,0.6557377049180327
64.0,False,CAL FIRE Sonoma-Lake-Napa Unit,2.0,6,/incidents/2019/7/22/canyon-fire/,All road closures have been lifted.,27,28,6.0,2.0,11.0,2018-01-09T13:46:00Z,3.0,False,True,Grass,2.0,3.0,38.481258,Hwy 128 and Wragg Canyon Rd 16 miles east of St. Helena,-122.143942,False,Canyon Fire,100.0,151.5,True,"The Canyon Fire started on July 22, 2019 at Hwy 128 and Wragg Canyon Rd, east of St. Helena in Napa County.",2019-07-22T15:05:34Z,6.0,7.0,0.0,45.0,4.0,12.625,4.0,0.6557377049180327
63.0,False,CAL FIRE Tehama-Glenn Unit,2.0,6,/incidents/2019/10/4/elk-fire/,All road closures have been lifted.,10,11,6.0,2.0,11.0,2019-10-03T12:03:00Z,3.0,False,True,Grass,2.0,3.0,41.70611111,Elk Creek,-123.4375,False,Elk Fire,100.0,151.5,True,"The Elk fire started October 3, 2019 in Elk Creek in Glenn County.",2019-10-04T12:03:48Z,6.0,7.0,0.0,45.0,4.0,12.625,4.0,0.6557377049180327
63.0,False,CAL FIRE Tehama-Glenn Unit,2.0,6,/incidents/2019/5/20/paskenta-fire/,All road closures have been lifted.,52,52,6.0,2.0,11.0,2019-05-24T14:23:00Z,3.0,False,True,Grass,2.0,3.0,39.98097,"Paskenta Rd and Canal View Road, northwest of Corning",-122.30737,False,Paskenta Fire,100.0,151.5,True,"The Paskenta Fire started on May 20, 2019 off Paskenta Rd and Canal View Road, northwest of Corning in Tehama County. It burned 63 acres, and was contained on May 20, 2019.",2019-05-20T10:57:00Z,6.0,7.0,0.0,45.0,4.0,12.625,4.0,0.6557377049180327
62.0,False,CAL FIRE San Mateo- Santa Cruz Unit,2.0,6,/incidents/2019/10/24/cabrillo-fire/,All road closures have been lifted.,39,41,6.0,2.0,11.0,2019-10-27T12:11:00Z,3.0,False,True,Grass,2.0,3.0,37.166674,"Highway 1 and Gazos Creek Rd, south of Pescadero",-122.361112,False,Cabrillo Fire,100.0,151.5,True,"The Cabrillo Fire started October 24, 2019 off Highway 1 and Gazos Creek Rd, south of Pescadero in San Mateo County.",2019-10-24T20:15:36Z,6.0,7.0,0.0,45.0,4.0,12.625,4.0,0.6557377049180327
60.0,False,Unified command: CAL FIRE Santa Clara Unit and San Jose Fire Department,2.0,6,/incidents/2019/8/15/bayliss-fire/,All road closures have been lifted.,41,43,6.0,2.0,11.0,2018-01-09T13:46:00Z,3.0,False,True,Grass,2.0,3.0,37.219717,"Santa Teresa Blvd and Bayliss Drive, South San Jose",-121.761974,False,Bayliss Fire,100.0,151.5,True,"The Bayliss Fire started August 15, 2019 off Santa Teresa Blvd and Bayliss Drive, South San Jose in Santa Clara county.",2019-08-15T13:44:02Z,6.0,7.0,0.0,45.0,4.0,12.625,4.0,0.6557377049180327
58.0,False,CAL FIRE Butte Unit,2.0,6,/incidents/2019/9/6/forbestown-fire/,All road closures have been lifted.,3,4,6.0,1.0,10.0,2019-09-12T18:49:00Z,3.0,False,True,Grass,2.0,3.0,39.470333,"Forbestown Road and Hurleton Swedes Flat Road, east of Oroville ",-121.412333,False,Forbestown Fire,100.0,105.0,True,"The Forbestown Fire started September 6, 2019 off Forbestown Road and Hurleton Swedes Flat Road, east of Oroville in Butte County.",2019-09-06T15:18:52Z,6.0,7.0,0.0,45.0,3.0,9.545454545454545,3.0,0.9433962264150944
58.0,False,East Contra Costa Fire Protection District,2.0,6,/incidents/2019/8/7/sellers-fire/,Forward spread has been stopped. Crews will continue with mop up operations to establish full containment.,6,7,6.0,2.0,11.0,2018-01-09T13:46:00Z,3.0,False,True,Grass,2.0,3.0,37.968494,"Sellers Ave and Delta Rd, 2 miles northeast of Brentwood",-121.678172,False,Sellers Fire,100.0,151.5,True,"The Sellers Fire started on August 7, 2019 at Sellers Ave and Delta Rd, 2 miles northeast of Brentwood in Contra Costa County.",2019-08-07T15:13:52Z,6.0,7.0,0.0,45.0,4.0,12.625,4.0,0.6557377049180327
55.0,False,Bureau of Land Management - Northern California District,2.0,6,/incidents/2019/10/13/horse-fire/,All road closures have been lifted.,16,18,6.0,2.0,11.0,2019-10-16T13:44:00Z,3.0,False,True,Grass,2.0,3.0,40.387772,"Shaffer Mountain, Northeast of Susanville in Lassen County",-120.304341,False,Horse Fire,100.0,151.5,True,"The Horse Fire started on October 13, 2019 at off of Shaffer Mountain 18 miles Northeast of Susanville.",2019-10-13T14:45:37Z,6.0,7.0,0.0,45.0,4.0,12.625,4.0,0.6557377049180327
55.0,False,Bureau of Indian Affairs,2.0,6,/incidents/2019/5/29/66-fire/,All road closures have been lifted.,32,33,6.0,2.0,11.0,2019-06-24T11:46:00Z,3.0,False,True,Grass,2.0,3.0,33.57039,Off Avenue 66 in Thermal,-116.1466,False,66 Fire,100.0,151.5,True,"The 66 fire started May 29, 2019 off Avenue 66 in Thermal (Riverside County) and burned 55 acres. ",2019-05-29T21:06:00Z,6.0,7.0,0.0,45.0,4.0,12.625,4.0,0.6557377049180327
53.0,False,CAL FIRE Sonoma Lake Napa Unit,2.0,6,/incidents/2019/9/7/oak-fire/,All road closures have been lifted.,15,17,2.0,2.0,10.0,2019-09-08T07:00:00Z,3.0,False,True,Grass,2.0,3.0,38.955024,"Highway 29 and Cole Creek Road, South of Kelseyville",-122.833831,False,Oak Fire,100.0,74.0,True,"The Oak Fire started September 7, 2019 off Highway 29 and Cole Creek Road, south of Kelseyville in Lake County.",2019-09-07T14:00:00Z,6.0,1.0,0.0,45.0,3.0,6.7272727272727275,4.0,1.3333333333333333
52.0,False,Los Padres National Forest ,2.0,6,/incidents/2019/10/1/ranch-fire/,All road closures have been lifted.,38,40,6.0,2.0,11.0,2018-01-09T13:46:00Z,3.0,False,True,Grass,2.0,3.0,35.189783,"Off of Pozo Road and Avenales Ranch Rd, Southeast of Pozo",-120.1755,False,Ranch Fire,100.0,151.5,True,"Ranch Fire started on October 1, 2019 off of Pozo Road and Avenales Ranch Rd, Southeast of Pozo in San Luis Obispo County.",2019-10-01T22:35:52Z,6.0,7.0,0.0,45.0,4.0,12.625,4.0,0.6557377049180327
52.0,False,Unified Command: CAL FIRE San Diego County Fire & Lakeside Fire Protection District ,2.0,6,/incidents/2019/9/25/willow-fire/,All road closures have been lifted.,36,37,6.0,2.0,11.0,2019-09-25T20:00:00Z,3.0,False,True,Grass,2.0,3.0,32.87833333,"near 14000 block of Willow Rd, Northeast Lakeside ",-116.88,False,Willow Fire,100.0,151.5,True,"Willow Fire started September 25, 2019 near 14000 block of Willow Rd, Northeast Lakeside in San Diego County.",2019-09-25T14:17:25Z,6.0,7.0,0.0,45.0,4.0,12.625,4.0,0.6557377049180327
50.0,False,CAL FIRE San Diego ,2.0,6,/incidents/2019/10/31/copper-fire/,All road closures have been lifted.,36,37,6.0,2.0,11.0,2018-01-09T13:46:00Z,3.0,False,True,Grass,2.0,3.0,32.564583,"off of Border road and Canyon Road, Southeast of Chula Vista ",-116.834583,False,Copper Fire,100.0,151.5,True,"Copper Fire started on October 30, 2019 off of Border road and Canyon Road, Southeast of Chula Vista in San Diego County.",2019-10-31T06:39:56Z,6.0,7.0,0.0,45.0,4.0,12.625,4.0,0.6557377049180327
50.0,False,Contra Costa Fire Department ,2.0,6,/incidents/2019/10/27/forest-fire/,All road closures have been lifted.,6,7,6.0,2.0,11.0,2019-10-28T16:26:00Z,3.0,False,True,Grass,2.0,3.0,37.97911,"Alhambra Ave and Alhambra Hills Dr, Martinez in Contra Costa County",-122.11092,False,Forest Fire,100.0,151.5,True,"The Forest Fire started October 27, 2019 off Alhambra Ave and Alhambra Hills Dr, near Martinez in Contra Costa County",2019-10-27T17:36:15Z,6.0,7.0,0.0,45.0,4.0,12.625,4.0,0.6557377049180327
50.0,False,CAL FIRE Amador-El Dorado Unit,2.0,6,/incidents/2019/8/2/prairie-fire/,All road closures have been lifted.,33,34,6.0,2.0,11.0,2019-08-02T17:00:00Z,3.0,False,True,Grass,2.0,3.0,38.622058,off White Rock Road and Prairie City Road ,-121.114095,False,Prairie Fire ,100.0,151.5,True,"The Prairie Fire started on August 2, 2019 off White Rock Road and Prairie City Road  in Sacramento County.",2019-08-02T14:45:00Z,6.0,7.0,0.0,45.0,4.0,12.625,4.0,0.6557377049180327
50.0,False,CAL FIRE Sonoma-Lake-Napa Unit,2.0,6,/incidents/2019/6/8/ink-fire/,All road closures have been lifted.,27,28,6.0,2.0,11.0,2019-06-17T08:46:00Z,3.0,False,True,Grass,2.0,3.0,38.63047,"Pope Valley Rd, northeast of Calistoga",-122.47282,False,Ink Fire,100.0,151.5,True,"The Ink Fire started on June 8, 2019 off Pope Valley Road, northeast of Calistoga in Napa County.  The fire was contained on June 9, 2019.",2019-06-08T14:37:00Z,6.0,7.0,0.0,45.0,4.0,12.625,4.0,0.6557377049180327
50.0,False,CAL FIRE Butte Unit,2.0,6,/incidents/2019/5/1/meridian-fire/,All road closures have been lifted.,3,4,6.0,2.0,11.0,2019-05-08T08:47:00Z,3.0,False,True,Grass,2.0,3.0,39.85484,"Off Munjar Rd, north of Chico",-121.905,True,Meridian Fire,100.0,151.5,True,"The Meridian Fire started on May 1, 2019 off Munjar Lane, north of Chico (Butte County).",2019-05-01T16:46:00Z,6.0,7.0,0.0,45.0,4.0,12.625,4.0,0.6557377049180327
47.0,False,CAL FIRE Santa Clara Unit ,2.0,6,/incidents/2019/7/15/aborn-fire/,All road closures have been lifted.,41,43,6.0,2.0,11.0,2019-07-15T18:19:00Z,3.0,False,True,Grass,2.0,3.0,37.32555556,"Off Aborn Road and Murillo Avenue, East San Jose ",-121.76444444,False,Aborn Fire,100.0,151.5,True,"Aborn Fire started on July 15,2019 off Aborn Road and Murillo Avenue, East San Jose in Santa Clara County.",2019-07-15T11:12:00Z,6.0,7.0,0.0,45.0,4.0,12.625,4.0,0.6557377049180327
47.0,False,CAL FIRE Tulare Unit ,2.0,6,/incidents/2019/6/10/springs-fire/,All road closures have been lifted.,54,54,6.0,2.0,11.0,2019-06-11T17:18:00Z,3.0,False,True,Grass,2.0,3.0,35.89593,Off Mountain Road 56 East of Ducor ,-118.94106,False,Springs Fire,100.0,151.5,True,"Springs Fire off  Mountain Road 56 East of Ducor is 47 acres. It was contained on June 11, 2019. ",2019-06-10T17:51:00Z,6.0,7.0,0.0,45.0,4.0,12.625,4.0,0.6557377049180327
46.0,False,CAL FIRE Shasta-Trinity Unit,2.0,6,/incidents/2019/8/12/lower-fire/,Forward spread stopped.,43,45,6.0,2.0,11.0,2019-08-13T16:15:00Z,3.0,False,True,Grass,2.0,3.0,40.46968,Gas Point Rd & Lower Gas Point Rd in Igo,-122.54364,False,Lower Fire,100.0,151.5,True,"The Ranch Fire started July 27, 2018 off Highway 20 near Potter Valley, northeast of Ukiah (Mendocino County). This fire was contained on September 19, 2018 and burned 410,203 acres.

Mendocino Complex - Size 459,123 total acres",2019-08-12T14:16:53Z,6.0,7.0,0.0,45.0,4.0,12.625,4.0,0.6557377049180327
46.0,False,CAL FIRE Tehama - Glenn Unit,2.0,6,/incidents/2019/6/22/paskenta-fire/,All road closures have been lifted.,52,52,6.0,2.0,11.0,2019-06-24T11:43:00Z,3.0,False,True,Grass,2.0,3.0,39.97083,"off Corning Road and Paskenta Road, West of Corning",-122.48277,False,Paskenta Fire,100.0,151.5,True,"The Paskenta Fire started June 23, 2019 off Corning Road and Paskenta Road, West of Corning in Tehama County and burned 46 acres. It was contained June 23, 2019. ",2019-06-22T03:12:00Z,6.0,7.0,0.0,45.0,4.0,12.625,4.0,0.6557377049180327
45.0,False,CAL FIRE/ Riverside County Fire,2.0,6,/incidents/2019/5/30/diversion-fire/,All road closures have been lifted.,32,33,6.0,2.0,11.0,2019-06-03T08:48:00Z,3.0,False,True,Grass,2.0,3.0,33.69078,"Near the Intersection of Highway 95 and 2nd Avenue, in Blythe",-114.57265,False,Diversion Fire,100.0,151.5,True,"The Diversion Fire started on May 30, 2019 near the Intersection of Highway 95 and 2nd Avenue, in Blythe (Riverside county) and burned 45 acres. It was contained on May 30, 2019. ",2019-05-30T12:41:00Z,6.0,7.0,0.0,45.0,4.0,12.625,4.0,0.6557377049180327
44.0,False,CAL FIRE Tuolumne Calaveras Unit,2.0,6,/incidents/2019/9/5/flood-fire/,All road closures have been lifted.,37,39,6.0,2.0,11.0,2019-09-05T19:56:00Z,3.0,False,True,Grass,2.0,3.0,38.017138,"near Flood Rd and N. Waverly Road, Southwest of Rancho Calaveras",-120.945044,False,Flood Fire ,100.0,151.5,True,"Flood Fire started on September 5, 2019 near Flood Rd and N. Waverly Road, Southwest of Rancho Calaveras in San Joaquin County.",2019-09-05T14:33:01Z,6.0,7.0,0.0,45.0,4.0,12.625,4.0,0.6557377049180327
43.0,False,CAL FIRE San Benito - Monterey Unit,2.0,6,/incidents/2019/6/12/ardo-fire/,All road closures have been lifted.,26,27,6.0,2.0,11.0,2019-06-17T08:46:00Z,3.0,False,True,Grass,2.0,3.0,35.97059,near San Ardo,-120.88241,False,Ardo Fire,100.0,151.5,True,"The Ardo Fire started on June 12, 2019 near San Ardo (Monterey County) and burned 43 acres. It was contained on June 12, 2019.",2019-06-12T17:23:00Z,6.0,7.0,0.0,45.0,4.0,12.625,4.0,0.6557377049180327
42.0,False,Los Angeles Fire Department ,2.0,6,/incidents/2019/10/21/palisades-fire/,All road closures have been lifted.,17,19,6.0,2.0,11.0,2019-10-31T14:16:00Z,3.0,False,True,Grass,2.0,3.0,34.055768,"North Palisades Dr., Pacific Palisades",-118.554091,False,Palisades Fire,100.0,151.5,True,"The Palisades fire started off North Palisades Dr., Pacific Palisades in Los Angeles County.",2019-10-21T11:52:52Z,6.0,7.0,0.0,45.0,4.0,12.625,4.0,0.6557377049180327
42.0,False,CAL FIRE Shasta-Trinity Unit,2.0,6,/incidents/2019/10/10/plains-fire/,All road closures have been lifted.,43,45,6.0,2.0,11.0,2019-10-10T19:05:00Z,3.0,False,True,Grass,2.0,3.0,40.4988,Millville Plains Road and Sprig Road in Millville,-122.19911,False,Plains Fire,100.0,151.5,True,"The Plains Fire started October 10, 2019 off Millville Plains Road and Sprig Road in Millville in Shasta County.",2019-10-10T15:49:07Z,6.0,7.0,0.0,45.0,4.0,12.625,4.0,0.6557377049180327
38.0,False,CAL FIRE Nevada-Yuba-Placer Unit,2.0,6,/incidents/2019/7/6/far-fire/,All road closures have been lifted.,58,58,6.0,2.0,11.0,2018-01-09T13:46:00Z,3.0,False,True,Grass,2.0,3.0,39.06066,"Camp Far West rd & Nisenan Ln, northeast of Wheatland",-121.35014,False,Far Fire,100.0,151.5,True,"The Ranch Fire started July 27, 2018 off Highway 20 near Potter Valley, northeast of Ukiah (Mendocino County). This fire was contained on September 19, 2018 and burned 410,203 acres.

Mendocino Complex - Size 459,123 total acres",2019-07-06T20:21:25Z,6.0,7.0,0.0,45.0,4.0,12.625,4.0,0.6557377049180327
35.0,False,CAL FIRE Santa Clara Unit,2.0,6,/incidents/2019/8/25/jamieson-fire/,All road closures have been lifted.,41,43,6.0,2.0,11.0,2018-01-09T13:46:00Z,3.0,False,True,Grass,2.0,3.0,37.034183,at Jamieson Road and Cañada Road near Gilroy,-121.45597,False,Jamieson Fire,100.0,151.5,True,"The Jamieson fire started on August 25, 2019 at at Jamieson Road and Cañada Road near Gilroy in Santa Clara County.",2019-08-25T13:06:49Z,6.0,7.0,0.0,45.0,4.0,12.625,4.0,0.6557377049180327
35.0,False,CAL FIRE Amador-El Dorado Unit,2.0,6,/incidents/2019/8/15/patterson-fire/,All evacuation orders have been lifted.,8,9,6.0,2.0,2.0,2019-08-16T10:35:00Z,3.0,False,True,Grass,2.0,3.0,38.652475,"Patterson Drive, south of Placerville",-120.826165,False,Patterson Fire,100.0,10.0,True,"The Patterson Fire started August 15, 2019 off Patterson Drive, south of Placerville in El Dorado county.",2019-08-15T17:47:43Z,6.0,7.0,0.0,45.0,4.0,3.3333333333333335,4.0,9.090909090909092
35.0,False,Klamath National Forest,2.0,6,/incidents/2019/7/27/community-fire/,Not a CAL FIRE Incident. Please contact the Klamath National Forest for more information.,45,47,6.0,2.0,11.0,2018-01-09T13:46:00Z,3.0,False,True,Grass,2.0,3.0,41.838,Hwy 96 near the Klamath River Community Hall,-122.845,False,Community Fire,100.0,151.5,True,"The Ranch Fire started July 27, 2018 off Highway 20 near Potter Valley, northeast of Ukiah (Mendocino County). This fire was contained on September 19, 2018 and burned 410,203 acres.

Mendocino Complex - Size 459,123 total acres",2019-07-27T10:15:00Z,6.0,7.0,0.0,45.0,4.0,12.625,4.0,0.6557377049180327
35.0,False,CAL FIRE Santa Clara Unit,2.0,6,/incidents/2019/6/10/calaveras-fire/,All road closures have been lifted.,41,43,6.0,2.0,11.0,2019-06-17T08:46:00Z,3.0,False,True,Grass,2.0,3.0,37.44422,Calaveras Road and Weller Road East of Milpitas,-121.84082,False,Calaveras Fire ,100.0,151.5,True,"The Calaveras Fire started on June 10,2019 off Calaveras Road and Weller Road East of Milpitas in Santa Clara County.  This fire was contained on June 12, 2019.",2019-06-10T15:16:00Z,6.0,7.0,0.0,45.0,4.0,12.625,4.0,0.6557377049180327
34.0,False,CAL FIRE Riverside Unit,2.0,6,/incidents/2019/9/12/redwood-fire/,All road closures have been lifted.,32,33,6.0,2.0,11.0,2018-01-09T13:46:00Z,3.0,False,True,Grass,2.0,3.0,33.854597,Mead Valley ,-117.270144,False,Redwood Fire,100.0,151.5,True,"The Redwood Fire started on September 12, 2019",2019-09-12T20:30:41Z,6.0,7.0,0.0,45.0,4.0,12.625,4.0,0.6557377049180327
34.0,False,CAL FIRE/Riverside County Fire Department,2.0,6,/incidents/2019/8/22/yucca-fire/,All road closures have been lifted.,32,33,6.0,2.0,11.0,2019-08-23T23:00:00Z,3.0,False,True,Grass,2.0,3.0,33.4506,Highway 371 cross of Yucca Road,-116.857817,False,Yucca Fire,100.0,151.5,True,"The Yucca Fire started August 22, 2019 off Highway 371 cross of Yucca Road in Riverside County.",2019-08-22T19:31:10Z,6.0,7.0,0.0,45.0,4.0,12.625,4.0,0.6557377049180327
33.0,False,Beale Air Force Base,2.0,6,/incidents/2019/8/10/heavy-range-fire/,All road closures have been lifted.,57,57,6.0,2.0,11.0,2019-08-10T15:07:00Z,3.0,False,True,Grass,2.0,3.0,39.171091,"Hammonton Smartsville Rd. and Kendal Rd, Beale Air Force Base",-121.423281,False,Heavy Range Fire,100.0,151.5,True,"The Heavy Range Fire started August 10 2019 near Hammonton Smartsville Rd. and Kendal Rd, Beale Air Force Base Yuba County",2019-08-10T18:47:02Z,6.0,7.0,0.0,45.0,4.0,12.625,4.0,0.6557377049180327
33.0,False,CAL FIRE Tulare Unit,2.0,6,/incidents/2019/6/3/yokohl-fire/,All road closures have been lifted.,54,54,6.0,2.0,11.0,2019-06-04T16:03:00Z,3.0,False,True,Grass,2.0,3.0,36.23012,off of Yokohl Drive in Tulare County ,-118.85712,False,Yokohl Fire,100.0,151.5,True,"Yokohl Fire started on June 3, 2019 off of Yokohl Drive in Tulare County. It was contained on June 3, 2019.  
",2019-06-03T12:18:00Z,6.0,7.0,0.0,45.0,4.0,12.625,4.0,0.6557377049180327
30.0,False,CAL FIRE San Luis Obispo County,2.0,6,/incidents/2019/10/11/bitter-fire/,All road closures have been lifted.,38,40,6.0,2.0,11.0,2019-10-11T16:21:00Z,3.0,False,True,Grass,2.0,3.0,35.709176,Highway 46 and Bitterwater Rd,-120.312856,False,Bitter Fire,100.0,151.5,True,"The Bitter fire started October 11, 2019 off Highway 46 and Bitterwater Rd in San Luis Obispo county.",2019-10-11T12:30:19Z,6.0,7.0,0.0,45.0,4.0,12.625,4.0,0.6557377049180327
30.0,False,City of Vallejo Fire Department,2.0,6,/incidents/2019/9/26/mare-fire/,All road closures have been lifted.,46,48,6.0,2.0,11.0,2018-01-09T13:46:00Z,3.0,False,True,Grass,2.0,3.0,38.07944444,"Off Tyler Road and Jennings Road, Southwest of Vallejo",-122.25611111,False,Mare Fire,100.0,151.5,True,"Mare Fire started on September 26, 2019 off Tyler Road and Jennings Road, Northeast of Vallejo in Solano County.",2019-09-26T15:29:06Z,6.0,7.0,0.0,45.0,4.0,12.625,4.0,0.6557377049180327
30.0,False,CAL FIRE Shasta-Trinity Unit,2.0,6,/incidents/2019/8/4/gilbert-fire/,All road closures have been lifted.,43,45,6.0,2.0,11.0,2018-01-09T13:46:00Z,3.0,False,True,Grass,2.0,3.0,40.55924,"Highway 44 and Gilbert Drive, Palo Cedro, East of Redding",-122.25409,False,Gilbert Fire,100.0,151.5,True,"The Gilbert Fire started August 4, 2019 off Highway 44 and Gilbert Drive, Palo Cedro, East of Redding in Shasta County",2019-08-04T17:18:21Z,6.0,7.0,0.0,45.0,4.0,12.625,4.0,0.6557377049180327
30.0,False,CAL FIRE Shasta-Trinity Unit,2.0,6,/incidents/2019/7/5/ranch-fire/,All road closures have been lifted.,43,45,6.0,2.0,11.0,2019-07-06T20:03:00Z,3.0,False,True,Grass,2.0,3.0,40.41741,Near Yolla Bolla Rd & Roaring Creek in Igo,-122.767256,False,Ranch Fire,100.0,151.5,True,"The Ranch Fire started July 27, 2018 off Highway 20 near Potter Valley, northeast of Ukiah (Mendocino County). This fire was contained on September 19, 2018 and burned 410,203 acres.

Mendocino Complex - Size 459,123 total acres",2019-07-05T14:46:33Z,6.0,7.0,0.0,45.0,4.0,12.625,4.0,0.6557377049180327
30.0,False,Alameda County Fire,2.0,6,/incidents/2019/6/21/mountain-fire/,All road closures have been lifted.,0,1,6.0,2.0,11.0,2019-06-24T11:06:00Z,3.0,False,True,Grass,2.0,3.0,37.75427,off Grant Line Rd and Mountain House Rd,-121.57382,False,Mountain Fire,100.0,151.5,True,"The Mountain Fire started June 21, 2019 off Grant Line Rd and Mountain House Rd in Alameda County and burned 30 acres. It was contained June 21, 2019. ",2019-06-21T14:42:00Z,6.0,7.0,0.0,45.0,4.0,12.625,4.0,0.6557377049180327
30.0,False,Palm Springs City Fire,2.0,6,/incidents/2019/4/9/girasol-fire/,All road closures have been lifted.,32,33,6.0,2.0,11.0,2019-04-10T10:23:00Z,3.0,False,True,Grass,2.0,3.0,0.0,"Hwy 111 and Tramway Rd, Palm Springs",0.0,False,Girasol Fire,100.0,151.5,True,"The Girasol Fire started on April 9, 2019 at Hwy 111 and Tramway Rd, Palm Springs, Riverside County.",2019-04-09T22:18:00Z,6.0,7.0,0.0,45.0,4.0,12.625,4.0,0.6557377049180327
30.0,False,CAL FIRE Humbolt-Del Norte Unit,2.0,6,/incidents/2019/1/1/pilot-fire/,All road closures have been lifted.,11,12,6.0,2.0,11.0,2019-01-15T10:38:00Z,3.0,False,True,Grass,2.0,3.0,40.61805556,"Pilot Ridge Rd & USFS Route 1, southwest of Willow Creek",-123.67555556,False,Pilot Fire,100.0,151.5,True,"The Pilot Fire started on January 1, 2019 off Pilot Ridge Rd & USFS Route 1, southwest of Willow Creek (Humboldt County). It was contained on January 2, 2019 at 30 acres.",2019-01-01T14:14:00Z,6.0,7.0,0.0,45.0,4.0,12.625,4.0,0.6557377049180327
29.0,False,CAL FIRE Santa Clara Unit,2.0,6,/incidents/2019/10/7/point-fire/,All road closures have been lifted.,41,43,6.0,2.0,11.0,2019-10-07T09:58:00Z,3.0,False,True,Grass,2.0,3.0,37.066483,Highway 152 and Dinosaur Point Rd ,-121.219163,False,Point Fire ,100.0,151.5,True,The Point Fire started off Highway 152 and Dinosaur Point Rd  in Santa Clara County.,2019-10-07T09:58:51.763Z,6.0,7.0,0.0,45.0,4.0,12.625,4.0,0.6557377049180327
29.0,False,Kern County Fire Department ,2.0,6,/incidents/2019/8/5/caliente-fire/,All road closures have been lifted.,13,15,6.0,2.0,11.0,2019-08-06T18:43:00Z,3.0,False,True,Grass,2.0,3.0,35.287373,"Caliente Bodfish Rd, east of Bakersfield",-118.623651,False,Caliente Fire,100.0,151.5,True,"The Caliente Fire started on August 5, 2019 off Caliente Bodfish Road, east of Bakersfield in Kern County.",2019-08-05T13:56:02Z,6.0,7.0,0.0,45.0,4.0,12.625,4.0,0.6557377049180327
28.0,False,Sonoma-Lake-Napa Unit,2.0,6,/incidents/2019/9/4/glass-fire/,All road closures have been lifted.,15,17,2.0,1.0,4.0,2019-09-05T10:03:00Z,3.0,False,True,Grass,2.0,3.0,38.910498,"Highway 29 and DNA Ridge Rock, Southwest of Clear Lake.",-122.642572,True,Glass Fire,100.0,55.0,True,"Glass Fire started on September 4, 2019, Highway 29 and DNA Ridge Rock, Southwest of Clear Lake in Lake County.",2019-09-04T16:26:00Z,6.0,7.0,0.0,45.0,2.0,11.0,3.0,1.7857142857142858
28.0,False,CAL FIRE San Diego County Fire Unit,2.0,6,/incidents/2019/6/29/otay-fire/,All road closures have been lifted.,36,37,6.0,2.0,11.0,2019-06-30T16:50:00Z,3.0,False,True,Grass,2.0,3.0,32.62305556,"East of the Lower Otay Reservoir, East of Chula Vista",-116.91416667,False,Otay Fire,100.0,151.5,True,"Otay Fire started on June 29, 2019 East of the Lower Otay Reservoir, East of Chula Vista in San Diego County.",2019-06-29T11:11:55Z,6.0,7.0,0.0,45.0,4.0,12.625,4.0,0.6557377049180327
27.0,False,CAL FIRE Nevada-Yuba-Placer Unit ,2.0,6,/incidents/2019/6/7/watt-fire/,All road closures have been lifted.,30,31,6.0,2.0,11.0,2019-06-11T14:50:00Z,3.0,False,True,Grass,2.0,3.0,38.75263,Watt Ave near Baseline Road ,-121.39259,False,Watt Fire,100.0,151.5,True,"Watt Fire off Watt ave near Baseline Road in Placer County. It was contained on June 7, 2019.",2019-06-07T12:59:00Z,6.0,7.0,0.0,45.0,4.0,12.625,4.0,0.6557377049180327
26.0,False,CAL FIRE / Riverside County Fire,2.0,6,/incidents/2019/5/20/foothill-fire/,All road closures have been lifted.,32,33,6.0,2.0,11.0,2019-05-24T14:23:00Z,3.0,False,True,Grass,2.0,3.0,33.81678,"Off Foothill Avenue & Orange Avenue, in Nuevo",-117.18194,False,Foothill Fire,100.0,151.5,True,"The Foothill Fire started on May 20, 2019 off Foothill Avenue & Orange Avenue, in Nuevo (Riverside County). It burned 26 acres, and was contained on May 20, 2019.",2019-05-20T13:50:00Z,6.0,7.0,0.0,45.0,4.0,12.625,4.0,0.6557377049180327
25.0,False,CAL FIRE Sonoma-Lake-Napa Unit,2.0,6,/incidents/2019/10/17/grove-fire/,All road closures have been lifted.,15,17,6.0,2.0,11.0,2018-01-09T13:46:00Z,3.0,False,True,Grass,2.0,3.0,38.88913,Hwy 29 and Spruce Grove Road in Lake County,-122.604425,False,Grove Fire,100.0,151.5,True,"The Grove Fire started on October 17, 2019 off  Hwy 29 and Spruce Grove Road in Lake County.",2019-10-17T20:06:00Z,6.0,7.0,0.0,45.0,4.0,12.625,4.0,0.6557377049180327
25.0,False,CAL FIRE Fresno-Kings Unit,2.0,6,/incidents/2019/9/30/frame-fire/,All road closures have been lifted.,9,10,6.0,2.0,11.0,2018-01-09T13:46:00Z,3.0,False,True,Grass,2.0,3.0,36.154184,"Hwy 198 x Frame Rd, east of Monterey County Line",-120.634179,False,Frame Fire,100.0,151.5,True,"The Frame Fire started on September 30, 2019 off Hwy 198 x Frame Rd, east of Monterey County Line (Fresno County)",2019-09-30T17:39:00Z,6.0,7.0,0.0,45.0,4.0,12.625,4.0,0.6557377049180327
25.0,False,CAL FIRE San Diego Unit,2.0,6,/incidents/2019/8/25/border-10-fire/,All road closures have been lifted.,23,"62,37",6.0,2.0,11.0,2019-08-28T08:54:00Z,3.0,False,True,Grass,2.0,3.0,32.557546,Mexico / California International border in the area east of the Otay port of entry.,-116.873955,False,Border 10 Fire,100.0,151.5,True,"The Border 10 fire started on August 25, 2019 at the Mexico / California International border in the area east of the Otay port of entry.",2019-08-25T16:15:15Z,6.0,7.0,0.0,45.0,4.0,12.625,4.0,0.6557377049180327
25.0,False,CAL FIRE San Diego Unit,2.0,6,/incidents/2019/8/25/border-10-fire/,All road closures have been lifted.,36,"62,37",6.0,2.0,11.0,2019-08-28T08:54:00Z,3.0,False,True,Grass,2.0,3.0,32.557546,Mexico / California International border in the area east of the Otay port of entry.,-116.873955,False,Border 10 Fire,100.0,151.5,True,"The Border 10 fire started on August 25, 2019 at the Mexico / California International border in the area east of the Otay port of entry.",2019-08-25T16:15:15Z,6.0,7.0,0.0,45.0,4.0,12.625,4.0,0.6557377049180327
25.0,False,CAL FIRE Santa Clara Unit,2.0,6,/incidents/2019/7/5/bikeway-fire/,All road closures have been lifted.,0,1,6.0,2.0,11.0,2019-07-05T03:20:00Z,3.0,False,True,Grass,2.0,3.0,37.469,"Christensen Road, Near Bethany Reservoir ",-121.3697,False,Bikeway Fire,100.0,151.5,True,"The Bikeway Fire started July 4, 2019 off Christensen Road, Near Bethany Reservoir in Alameda County.",2019-07-05T09:46:01.973Z,6.0,7.0,0.0,45.0,4.0,12.625,4.0,0.6557377049180327
25.0,False,CAL FIRE Tulare Unit,2.0,6,/incidents/2019/6/3/bear-fire/,All road closures have been lifted.,54,54,6.0,2.0,11.0,2019-06-11T14:48:00Z,3.0,False,True,Grass,2.0,3.0,36.14246,Off of Balch Park Rd in Springville,-118.80582,False,Bear Fire,100.0,151.5,True,"Bear Fire off of Balch Park Rd in Springville in Tulare County started on June 3, 2019. The fire was contained on June 5, 2019.",2019-06-03T12:18:00Z,6.0,7.0,0.0,45.0,4.0,12.625,4.0,0.6557377049180327
24.0,False,CAL FIRE Santa Clara Unit,2.0,6,/incidents/2019/7/5/fellow-fire/,All road closures have been lifted.,6,7,6.0,2.0,11.0,2019-07-05T14:58:00Z,3.0,False,True,Grass,2.0,3.0,37.99837, Franklin Canyon Rd. ,-122.16201,False,Fellow Fire,100.0,151.5,True,"The Fellow fire started July 5, 2019 off Franklin Canyon Rd. in Contra Costa County.",2019-07-05T13:33:56Z,6.0,7.0,0.0,45.0,4.0,12.625,4.0,0.6557377049180327
24.0,False,City of Fairfield,2.0,6,/incidents/2019/6/7/nelson-fire/,All road closures have been lifted.,46,48,6.0,2.0,11.0,2019-06-17T08:49:00Z,3.0,False,True,Grass,2.0,3.0,38.21416,Cordelia Road and Link Road ,-122.12214,False,Nelson Fire ,100.0,151.5,True,"Nelson Fire off of Cordelia Road and Link Road in Fairfield in Solano County. Lead agency: City of Fairfield. This fire was contained on June 7, 2019.",2019-06-07T12:59:00Z,6.0,7.0,0.0,45.0,4.0,12.625,4.0,0.6557377049180327
23.0,False,CAL FIRE Santa Clara Unit,2.0,6,/incidents/2019/6/6/willow-fire/,All road closures have been lifted.,6,7,6.0,2.0,11.0,2019-06-11T14:47:00Z,3.0,False,True,Grass,2.0,3.0,38.02503,"Highway 4 and Willow Pass Rd, 2 miles west of Bay Point",-121.9763,False,Willow Fire,100.0,151.5,True,"The Willow Fire started on June 6, 2019 off Highway 4 and Willow Pass Rd, 2 miles west of Bay Point in Contra Costa County. This fire was contained on June 7, 2019.",2019-06-06T14:24:00Z,6.0,7.0,0.0,45.0,4.0,12.625,4.0,0.6557377049180327
22.0,False,CAL FIRE/San Diego County Fire,2.0,6,/incidents/2019/5/13/border-fire/,All road closures have been lifted.,36,37,6.0,2.0,11.0,2019-05-19T09:26:00Z,3.0,False,True,Grass,2.0,3.0,32.557566,off Tin Can Canyon along the border in Otay Mesa,-116.8663,False,Border Fire,100.0,151.5,True,"The Border Fire started May 13, 2019 off Tin Can Canyon along the border in Otay Mesa (San Diego County) and burned 22 acres. It was contained May 14, 2019.",2019-05-13T18:46:00Z,6.0,7.0,0.0,45.0,4.0,12.625,4.0,0.6557377049180327
21.0,False,CAL FIRE TCU,2.0,6,/incidents/2019/8/8/preston-fire/,Forward progress stopped.,55,55,6.0,2.0,11.0,2019-08-08T17:12:00Z,3.0,False,True,Grass,2.0,3.0,37.949747,"10,000 Block Preston Lane, Jamestown",-120.420058,False,Preston Fire,100.0,151.5,True,"The Preston Fire started August 8 2019 in the 10000 Block Preston Lane, Jamestown Tuolumne County",2019-08-08T16:16:40Z,6.0,7.0,0.0,45.0,4.0,12.625,4.0,0.6557377049180327
20.0,False,CAL FIRE Sonoma Lake Napa Unit & William Fire Department ,2.0,6,/incidents/2019/8/14/spring-fire/,"Crews arrived to a vegetation fire approximately three acres in size. Some hazards in the path of the fire were straw bales and several bee boxes. Quick response from air tankers and firefighters saved both from any damage as well as any structures or infrastructure. The fire was held to 20 acres, no injuries were reported.",5,6,1.0,2.0,7.0,2019-08-14T18:51:00Z,3.0,False,True,Grass,1.0,3.0,39.088333,Off of Spring Valley Road and Highway 20,-122.309167,True,Spring Fire ,100.0,65.0,True,"Spring Fire started on August 14, 2019 off of Spring Valley Road and Highway 20 in Colusa County.",2019-08-14T12:52:00Z,6.0,7.0,0.0,45.0,2.0,8.125,3.0,1.5151515151515151
20.0,False,CAL FIRE/Riverside County Fire Department,2.0,6,/incidents/2019/8/12/radio-fire/,All road closures have been lifted.,32,33,6.0,2.0,11.0,2019-08-12T08:21:00Z,3.0,False,True,Grass,2.0,3.0,33.909792,David Mountain Radio Road at David Mountain Road in Beaumont,-117.004667,False,Radio Fire,100.0,151.5,True,"The Radio Fire started August 12, 2019 off David Mountain Radio Road at David Mountain Road in Beaumont in Riverside County.",2019-08-12T10:53:10Z,6.0,7.0,0.0,45.0,4.0,12.625,4.0,0.6557377049180327
20.0,False,CAL FIRE Sonoma-Lake-Napa Unit,2.0,6,/incidents/2019/8/8/golf-fire/,Cause: Improperly discarded cigarette,15,17,6.0,2.0,11.0,2019-08-11T10:28:00Z,3.0,False,True,Grass,2.0,3.0,38.99174,"Soda Bay Road and Golf Drive, northwest of Clearlake",-122.7751,False,Golf Fire,100.0,151.5,True,"The Golf fire started August 8, 2019 off Soda Bay Road and Golf Drive, northwest of Clearlake in Lake County.",2019-08-08T14:55:59Z,6.0,7.0,0.0,45.0,4.0,12.625,4.0,0.6557377049180327
20.0,False,CAL FIRE Riverside County Fire Department ,2.0,6,/incidents/2019/7/11/gibbel-fire/,All road closures have been lifted.,32,33,6.0,2.0,11.0,2019-07-11T08:26:00Z,3.0,False,True,Grass,2.0,3.0,33.69055556,Off of Girard Street and Quiet Hills Drive ,-116.953889,False,Gibbel Fire ,100.0,151.5,True,"Gibbel Fire started on June 11, 2019 off of Girard Street and Quiet Hills Drive in Riverside County.",2019-07-11T16:27:17Z,6.0,7.0,0.0,45.0,4.0,12.625,4.0,0.6557377049180327
20.0,False,CAL FIRE/Riverside County Fire Department,2.0,6,/incidents/2019/6/27/nuevo-fire/,All road closures have been lifted.,32,33,6.0,2.0,11.0,2019-06-27T17:36:00Z,3.0,False,True,Grass,2.0,3.0,33.80493,Nuevo Road and Menifee Road,-117.15738,False,Nuevo Fire,100.0,151.5,True,"The Nuevo fire started June 27, 2019 off Nuevo Road and Menifee Road in Riverside County.",2019-06-27T16:14:25Z,6.0,7.0,0.0,45.0,4.0,12.625,4.0,0.6557377049180327
19.0,False,CAL FIRE Riverside County Fire Department ,2.0,6,/incidents/2019/11/1/sobrante-fire/,All road closures have been lifted.,32,33,6.0,2.0,11.0,2019-11-01T08:55:00Z,3.0,False,True,Grass,2.0,3.0,33.849906,"off of La Sierra Ave and Tin Mine Road,  East of Corona ",-117.461363,False,Sobrante Fire ,100.0,151.5,True,"Sobranta Fire started on November 1, 2019 off of La Sierra Ave and Tin Mine Road,  East of Corona in Riverside County.",2019-11-01T13:04:34Z,6.0,7.0,0.0,45.0,4.0,12.625,4.0,0.6557377049180327
19.0,False,CAL FIRE / Riverside County Fire,2.0,6,/incidents/2019/9/30/warren-fire/,All road closures have been lifted.,32,33,6.0,2.0,11.0,2019-09-30T09:05:00Z,3.0,False,True,Grass,2.0,3.0,33.703546,Warren Rd & Old Mine Rd in Hemet,-117.033598,False,Warren Fire,100.0,151.5,True,"The Warren Fire started on September 29, 2019 off Warren Rd & Old Mine Rd in Hemet (Riverside County).",2019-09-30T07:07:00Z,6.0,7.0,0.0,45.0,4.0,12.625,4.0,0.6557377049180327
19.0,False,CAL FIRE Santa Clara Unit,2.0,6,/incidents/2019/8/31/carroll-fire/,All road closures have been lifted.,0,1,6.0,2.0,11.0,2019-08-31T12:50:00Z,3.0,False,True,Grass,2.0,3.0,37.718636,eastbound 580 and North Flynn Road,-121.657011,False,Carroll Fire,100.0,151.5,True,"The Carroll Fire started on August 31, 2019 at eastbound 580 adn North Flynn Road in Alameda County.",2019-08-31T12:55:15Z,6.0,7.0,0.0,45.0,4.0,12.625,4.0,0.6557377049180327
18.0,False,CAL FIRE Santa Clara Unit ,2.0,6,/incidents/2019/10/3/del-fire/,All road closures have been lifted.,48,50,6.0,2.0,11.0,2019-10-04T10:39:00Z,3.0,False,True,Grass,2.0,3.0,37.429506,Del Puerto Canyon Road east of Frank Raines Park west of Patterson,-121.336465,False,Del Fire,100.0,151.5,True,The Del Fire off Del Puerto Canyon Road east of Frank Raines Park west of Patterson in Stanislaus County.,2019-10-03T13:36:04Z,6.0,7.0,0.0,45.0,4.0,12.625,4.0,0.6557377049180327
17.0,False,CAL FIRE San Benito Monterey Unit ,2.0,6,/incidents/2019/9/4/foster-fire/,All road closures have been lifted.,34,35,6.0,2.0,11.0,2019-09-04T20:33:00Z,3.0,False,True,Grass,2.0,3.0,36.732866,"off of Grass Valley Road and Cienega Road, in Hollister",-121.39478,False,Foster Fire ,100.0,151.5,True,"Forest Fire started on September 4, 2019 off of  off of Grass Valley Road and Cienega Road, in Hollister in San Benito County.",2019-09-04T20:33:59Z,6.0,7.0,0.0,45.0,4.0,12.625,4.0,0.6557377049180327
17.0,False,CAL FIRE Santa Clara Unit,2.0,6,/incidents/2019/6/26/mines-fire/,All road closures have been lifted.,41,43,6.0,2.0,11.0,2019-06-27T08:48:00Z,3.0,False,True,Grass,2.0,3.0,37.494136,Mines Road and Turner Gulch in the San Antone Valley. ,-121.534827,False,Mines Fire,100.0,151.5,True,"The Ranch Fire started July 27, 2018 off Highway 20 near Potter Valley, northeast of Ukiah (Mendocino County). This fire was contained on September 19, 2018 and burned 410,203 acres.

Mendocino Complex - Size 459,123 total acres",2019-06-26T18:06:54Z,6.0,7.0,0.0,45.0,4.0,12.625,4.0,0.6557377049180327
17.0,False,CAL FIRE Chico Butte Unit,2.0,6,/incidents/2019/6/15/32-fire/,All road closures have been lifted.,3,4,6.0,2.0,11.0,2019-06-24T11:06:00Z,3.0,False,True,Grass,2.0,3.0,39.76242,Humboldt Road and Highway 32,-121.73659,False,32 Fire,100.0,151.5,True,The 32 Fire started June 15 2019 off Humboldt Road about one-half mile down from Highway 32 in Butte County. was contained on 6-15-2019,2019-06-15T15:29:00Z,6.0,7.0,0.0,45.0,4.0,12.625,4.0,0.6557377049180327
17.0,False,CAL FIRE Siskiyou,2.0,6,/incidents/2019/6/14/rocky-fire/,All road closures have been lifted.,45,47,6.0,2.0,11.0,2019-06-17T10:39:00Z,3.0,False,True,Grass,2.0,3.0,41.64895,"Rocky Rd and Harry Cash Rd, 9 miles east of Grenada ",-122.35962,False,Rocky Fire,100.0,151.5,True,"The Rocky Fire started on June 14, 2019 near Rocky Rd and Harry Cash Rd, 9 miles east of Grenada in Siskiyou County.  Was contained on 6-15-2019.",2019-06-14T16:14:00Z,6.0,7.0,0.0,45.0,4.0,12.625,4.0,0.6557377049180327
16.0,False,CAL FIRE Shasta-Trinity Unit,2.0,6,/incidents/2019/9/24/cow-fire/,All road closures have been lifted.,43,45,6.0,2.0,11.0,2019-09-24T14:52:00Z,3.0,False,True,Grass,2.0,3.0,40.612556,at Whitmore Road and Cow Creek Ranch Road in Millville,-122.039167,False,Cow Fire,100.0,151.5,True,"The Cow Fire started September 24, 2019 off at Whitmore Road and Cow Creek Ranch Road in Millville in Shasta County.",2019-09-24T08:40:45Z,6.0,7.0,0.0,45.0,4.0,12.625,4.0,0.6557377049180327
16.0,False,CAL FIRE Amador El Dorado Unit ,2.0,6,/incidents/2019/8/14/greenstone-fire/,Fire fighters have made great progress and gained full containment of the fire. Fire crews will continue to patrol the area and mop up any hot spots throughout the evening. Total acreage reduced to 16 due to more accurate mapping.,8,9,6.0,2.0,11.0,2019-08-14T18:52:00Z,3.0,False,True,Grass,2.0,3.0,38.703889,Off of Greenstone Road and Buck Mountain Road ,-120.890556,False,Greenstone Fire ,100.0,151.5,True,"Greenstone Fire started on August 14, 2019 off of Greenstone Road and Buck Mountain Road in El Dorado County.",2019-08-14T16:07:49Z,6.0,7.0,0.0,45.0,4.0,12.625,4.0,0.6557377049180327
15.0,False,CAL FIRE Siskiyou unit,2.0,6,/incidents/2019/9/7/duzel-fire/,All road closures have been lifted.,45,47,6.0,2.0,11.0,2019-09-10T19:27:00Z,3.0,False,True,brush and timber,2.0,3.0,41.512917,"Near Duzel Rock Lookout, northeast of Etna",-122.740333,False,Duzel Fire,100.0,151.5,True,"The Duzel Fire started September 7, 2019 near Duzel Rock Lookout, northeast of Etna in Siskiyou County.",2019-09-07T18:19:16Z,6.0,7.0,0.0,45.0,4.0,12.625,4.0,0.6557377049180327
15.0,False,CAL FIRE San Bernardino Unit,2.0,6,/incidents/2019/9/2/telephone-fire/,All road closures have been lifted.,35,36,6.0,2.0,11.0,2019-09-06T08:00:00Z,3.0,False,True,Grass,2.0,3.0,34.353667,"Old Dump Road, south of Summit Valley Road, Hesperia",-117.343833,False,Telephone Fire,100.0,151.5,True,"The Telephone Fire started on September 2, 2019 off Old Dump Road, south of Summit Valley Road, Hesperia in San Bernardino County",2019-09-02T20:27:29Z,6.0,7.0,0.0,45.0,4.0,12.625,4.0,0.6557377049180327
15.0,False,CAL FIRE / San Diego County Fire,2.0,6,/incidents/2019/6/10/pauma-fire/,All road closures have been lifted.,36,37,6.0,2.0,11.0,2019-06-24T11:44:00Z,3.0,False,True,Grass,2.0,3.0,33.30267,Highway 76 and Pauma Valley Road ,-116.97772,False,Pauma Fire,100.0,151.5,True,"The Pauma Fire started on June 10, 2019 off highway 76 and Pauma Valley Drive in Pauma Valley in San Diego County. It was 15 acres and contained on June 11, 2019. ",2019-06-10T14:25:00Z,6.0,7.0,0.0,45.0,4.0,12.625,4.0,0.6557377049180327
13.0,False,CAL FIRE Amador-El Dorado Unit,2.0,6,/incidents/2019/7/30/carson-fire/,All road closures have been lifted.,8,9,6.0,2.0,11.0,2019-07-31T06:47:00Z,3.0,False,True,Grass,2.0,3.0,38.757636,"Northeast of Placerville in the community of Camino, off of Shadow Ridge Road",-120.75664,False,Carson Fire,100.0,151.5,True,"The Carson Fire started July 30, 2019 Northeast of Placerville in the community of Camino, off of Shadow Ridge Road in El Dorado County.",2019-07-30T19:27:46Z,6.0,7.0,0.0,45.0,4.0,12.625,4.0,0.6557377049180327
12.0,False,CAL FIRE Santa Clara Unit,2.0,6,/incidents/2019/10/8/little-fire/,All road closures have been lifted.,0,1,6.0,2.0,11.0,2019-10-08T17:51:00Z,3.0,False,True,Grass,2.0,3.0,37.606,SR 84 and Little Valley Road in Sunol,-121.853,False,Little Fire,100.0,151.5,True,"The Little Fire started on October 8, 2019 off SR 84 and Little Valley Road, Sunol in Alameda County.",2019-10-08T17:25:12Z,6.0,7.0,0.0,45.0,4.0,12.625,4.0,0.6557377049180327
12.0,False,CAL FIRE Butte County Fire Unit ,2.0,6,/incidents/2019/6/29/mayberry-fire/,All road closures have been lifted.,3,4,6.0,2.0,11.0,2019-06-29T18:20:00Z,3.0,False,True,Grass,2.0,3.0,39.32889,"Off Craig Access Road, Near Lake Oroville ",-121.23431,False,Mayberry Fire ,100.0,151.5,True,"Mayberry Fire started on June 29,2019 off of Craig Access Road, near Lake Oroville in Butte County.",2019-06-29T22:07:59Z,6.0,7.0,0.0,45.0,4.0,12.625,4.0,0.6557377049180327
11.0,False,CAL FIRE San Bernardino Unit ,2.0,6,/incidents/2019/10/21/beaumont-fire/,All road closures have been lifted.,35,36,6.0,2.0,11.0,2019-10-22T13:30:00Z,3.0,False,True,Grass,2.0,3.0,34.033117,Beaumont and San Timorese Canyon,-117.21545,False,Beaumont Fire,100.0,151.5,True,"The Beaumont Fire started October 21, 2019 off Beaumont and San Timorese Canyon in San Bernardino County.",2019-10-21T08:16:33Z,6.0,7.0,0.0,45.0,4.0,12.625,4.0,0.6557377049180327
11.0,False,CAL FIRE Tehama Glenn Unit,2.0,6,/incidents/2019/10/7/dales-fire/,All road closures have been lifted.,52,52,6.0,2.0,11.0,2019-10-07T11:03:00Z,3.0,False,True,Grass,2.0,3.0,40.314187,Highway 36E east of Dales Station and Manton Road,-122.070055,False,Dales Fire,100.0,151.5,True,The Dales fire started October 6. 2019 off Highway 36E east of Dales Station and Manton Road in Tehama County,2019-10-07T11:03:29.963Z,6.0,7.0,0.0,45.0,4.0,12.625,4.0,0.6557377049180327
11.0,False,CAL FIRE TCU (Tuolumne-Calaveras Unit),2.0,6,/incidents/2019/9/13/bridge-fire/,All road closures have been lifted.,48,50,6.0,2.0,11.0,2019-09-13T21:43:00Z,3.0,False,True,Grass,2.0,3.0,37.492002,Knights Ferry,-120.401028,False,Bridge Fire,100.0,151.5,True,"The Bridge Fire started on September 13, 2019",2019-09-13T20:00:29Z,6.0,7.0,0.0,45.0,4.0,12.625,4.0,0.6557377049180327
11.0,False,CAL FIRE Santa Clara Unit,2.0,6,/incidents/2019/9/2/mines-fire/,All road closures have been lifted.,0,1,6.0,2.0,11.0,2019-09-02T19:13:00Z,3.0,False,True,Grass,2.0,3.0,37.545167,"Mines Road, Livermore",-121.596667,False,Mines Fire,100.0,151.5,True,"The Mines Fire started on September 2, 2019 on Mines Road, Livermore in Alameda County",2019-09-02T14:36:35Z,6.0,7.0,0.0,45.0,4.0,12.625,4.0,0.6557377049180327
10.0,False,San Diego City Fire Department ,2.0,6,/incidents/2019/10/15/fairmont-fire/,All road closures have been lifted.,36,37,6.0,2.0,11.0,2019-10-16T13:50:00Z,3.0,False,True,Grass,2.0,3.0,32.762706,"Off Fairmont Avenue and Aldine Drive, Northwest of Talmadge",-117.097441,False,Fairmont Fire,100.0,151.5,True,"Fairmont Fire started on October 15, 2019 off Fairmont Avenue and Aldine Drive, Northwest of Talmadge in San Diego County.",2019-10-15T17:41:57Z,6.0,7.0,0.0,45.0,4.0,12.625,4.0,0.6557377049180327
10.0,False,CAL FIRE Tehama-Glenn Unit,2.0,6,/incidents/2019/10/9/inghram-fire/,All road closures have been lifted.,52,52,6.0,2.0,11.0,2019-10-08T09:52:00Z,3.0,False,True,Grass,2.0,3.0,39.847708,"Inghram Road, South Corning",-122.160416,False,Inghram Fire,100.0,151.5,True,"The Inghram Fire started October 8, 2019 off Inghram Road, South Corning in Tehama County.",2019-10-09T09:52:52.477Z,6.0,1.0,0.0,45.0,4.0,12.625,4.0,0.6557377049180327
10.0,False,CAL FIRE Amador-El Dorado Unit,2.0,6,/incidents/2019/9/25/electra-fire/,All road closures have been lifted.,2,3,2.0,2.0,5.0,2019-09-25T17:00:00Z,3.0,False,True,Grass,2.0,1.0,38.332083,"Electra Road and Highway 49, east of Jackson",-120.67131,True,Electra Fire,100.0,45.0,True,"The Electra Fire started September 25. 2019 off Electra Road and Highway 49, east of Jackson in Amador County.",2019-09-25T13:13:41Z,6.0,7.0,0.0,45.0,4.0,7.5,4.0,2.1739130434782608
10.0,False,CAL FIRE/Riverside County Fire Department,2.0,6,/incidents/2019/9/10/bailey-fire/,All road closures have been lifted.,32,33,6.0,2.0,11.0,2019-09-10T10:45:00Z,3.0,False,True,Grass,2.0,3.0,33.496633,Bailey Road and Terwilliger Road in Anza,-116.631106,False,Bailey Fire,100.0,151.5,True,"The Bailey Fire started September 10, 2019 off Bailey Road and Terwilliger Road in Anza in Riverside County.",2019-09-10T10:43:58Z,6.0,7.0,0.0,45.0,4.0,12.625,4.0,0.6557377049180327
10.0,False,CAL FIRE Butte County Fire Department ,2.0,6,/incidents/2019/7/23/moms-fire/,All road closures have been lifted.,3,4,6.0,2.0,11.0,2018-01-09T13:46:00Z,3.0,False,True,Grass,2.0,3.0,39.423833,"Off Moms Lane and Lone Tree Road, South of Orville ",-121.579738,False,Moms Fire ,100.0,151.5,True,"Moms Fire started on July 23, 2019 Off Moms Lane and Lone Tree Road, South of Orville in Butte County.",2019-07-23T14:41:00Z,6.0,7.0,0.0,45.0,4.0,12.625,4.0,0.6557377049180327
10.0,False,CAL FIRE Siskiyou Unit,2.0,6,/incidents/2019/6/16/irongate-fire/,All road closures have been lifted.,45,47,6.0,2.0,11.0,2019-06-21T14:23:00Z,3.0,False,True,Grass,2.0,3.0,41.94622,"Deer Run Road, east of Iron Gate Reservoir",-122.40157,False,IronGate Fire,100.0,151.5,True,"The IronGate Fire started on June 16, 2019 off Deer Run Road, east of Iron Gate Reservoir in Siskiyou County and burned 10 acres. It was contained June 17, 2019.",2019-06-16T20:33:00Z,6.0,7.0,0.0,45.0,4.0,12.625,4.0,0.6557377049180327
10.0,False,CAL FIRE / Butte County Fire,2.0,6,/incidents/2019/4/30/cana-fire/,All road closures have been lifted.,3,4,6.0,2.0,11.0,2019-05-08T08:47:00Z,3.0,False,True,Grass,2.0,3.0,39.83958,"Off Hamilton Nord Cana Hwy & Cana Hwy, northeast of Chico",-121.957,False,Cana Fire,100.0,151.5,True,"The Cana Fire started on April 30, 2019 off Hamilton Nord Cana Hwy & Cana Hwy, northeast of Chico. It was contained on April 30, 2019.",2019-04-30T12:20:00Z,6.0,7.0,0.0,45.0,4.0,12.625,4.0,0.6557377049180327
9.0,False,CAL FIRE / Riverside County Fire,2.0,6,/incidents/2019/10/10/eagle-fire/,All road closures have been lifted.,32,33,6.0,2.0,11.0,2019-10-10T18:11:00Z,3.0,False,True,Grass,2.0,3.0,33.827979,"Eagle Canyon Rd. and Cajalco Rd., southwest of Corona",-117.499619,False,Eagle Fire,100.0,151.5,True,"The Eagle Fire started on October 10, 2019 near Eagle Canyon Rd. and Cajalco Rd., southwest of Corona in Riverside County.",2019-10-10T12:08:00Z,6.0,7.0,0.0,45.0,4.0,12.625,4.0,0.6557377049180327
2.0,False,CAL FIRE Nevada-Yuba-Placer Unit ,2.0,6,/incidents/2019/6/28/long-fire/,All road closures have been lifted.,28,29,6.0,2.0,11.0,2019-06-28T17:33:00Z,3.0,False,True,Grass,2.0,3.0,39.40972222,"Off of  Long Point Road and Old Mill Road, Southeast of Camptonville in Nevada County ",-121.00055556,False,Long Fire,100.0,151.5,True,"Long Fire started on June 28, 2019 off of Long Point Road and Old Mill Road, Southeast of Camptonville in Nevada County.",2019-06-28T15:03:04Z,6.0,7.0,0.0,45.0,4.0,12.625,4.0,0.6557377049180327
100.0,False,Yolo County Fire Protection District,2.0,6,/incidents/2019/11/25/cashe-fire/,All road closures have been lifted.,57,57,6.0,2.0,11.0,2018-01-09T13:46:00Z,3.0,False,True,Grass,2.0,3.0,38.734634,"County Road 102 and County Road 17, North of Woodland",-121.729691,False,Cashe Fire ,100.0,151.5,True,"The Cashe Fire started November 25, 2019 off County Road 102 and County Road 17, North of Woodland in Yolo county.",2019-11-25T12:02:02Z,6.0,7.0,0.0,45.0,4.0,12.625,4.0,0.6557377049180327
100.0,False,Camp Pendleton Marine Corps Base,2.0,6,/incidents/2019/10/22/oak-fire/,All road closures have been lifted.,36,37,6.0,2.0,11.0,2018-01-09T13:46:00Z,3.0,False,True,Grass,2.0,3.0,33.351145,"Near Basilone Road and Las Pulgas Road, near Camp Pendleton North",-117.403719,False,Oak Fire,100.0,151.5,True,"The Oak Fire started October 22, 2019 off near Basilone Road and Las Pulgas Road, near Camp Pendleton North in San Diego County.",2019-10-22T19:20:44Z,6.0,7.0,0.0,45.0,4.0,12.625,4.0,0.6557377049180327
100.0,False,Bureau of Indian Affairs,2.0,6,/incidents/2019/10/14/johnson-fire/,All road closures have been lifted.,32,33,6.0,2.0,11.0,2018-01-09T13:46:00Z,3.0,False,False,Grass,2.0,3.0,33.45148,Johnson Street and Ave 82,-116.05898,False,Johnson Fire ,100.0,151.5,True,"The Johnson Fire started October 14, 2019 off Johnson Street and Ave 82 in Riverside County.",2019-10-14T15:32:20Z,6.0,7.0,0.0,45.0,4.0,12.625,4.0,0.6557377049180327
